id,state,user,employee_open,user_closed,employee_merged,days_opened,number_of_comments,days_between_first_and_last_comment,days_first_comment_after_creation,days_last_comment_before_closed,days_opened_group,days_between_first_and_last_comment_group,days_first_comment_after_creation_group,days_last_comment_before_closed_group
100,closed,technoweenie,volunter,technoweenie,volunter,4,0,null,null,null,"(1,30]",NA,NA,NA
1006,closed,technoweenie,volunter,technoweenie,volunter,6,0,null,null,null,"(1,30]",NA,NA,NA
1007,closed,jlehtnie,volunter,technoweenie,volunter,52,9,42,7,2,"(30,180]","(30,180]","(1,30]","(1,30]"
1008,closed,rlaakkol,volunter,null,volunter,1,0,null,null,null,"(0,1]",NA,NA,NA
101,closed,technoweenie,volunter,technoweenie,volunter,3,0,null,null,null,"(1,30]",NA,NA,NA
1012,closed,technoweenie,volunter,technoweenie,volunter,0,0,null,null,null,NA,NA,NA,NA
1016,closed,technoweenie,volunter,technoweenie,volunter,2,0,null,null,null,"(1,30]",NA,NA,NA
1017,closed,technoweenie,volunter,technoweenie,volunter,2,0,null,null,null,"(1,30]",NA,NA,NA
1019,closed,bradh,volunter,null,volunter,1,0,null,null,null,"(0,1]",NA,NA,NA
1023,closed,technoweenie,volunter,technoweenie,volunter,0,2,0,0,0,NA,NA,NA,NA
1024,closed,sinbad,volunter,null,volunter,0,0,null,null,null,NA,NA,NA,NA
1025,closed,technoweenie,volunter,technoweenie,volunter,0,0,null,null,null,NA,NA,NA,NA
1026,closed,technoweenie,volunter,technoweenie,volunter,37,0,null,null,null,"(30,180]",NA,NA,NA
1027,closed,technoweenie,volunter,null,volunter,0,0,null,null,null,NA,NA,NA,NA
1028,closed,technoweenie,volunter,technoweenie,volunter,0,0,null,null,null,NA,NA,NA,NA
1030,closed,technoweenie,volunter,technoweenie,volunter,0,0,null,null,null,NA,NA,NA,NA
1036,closed,technoweenie,volunter,null,volunter,43,0,null,null,null,"(30,180]",NA,NA,NA
1037,closed,technoweenie,volunter,null,volunter,0,0,null,null,null,NA,NA,NA,NA
1038,closed,technoweenie,volunter,null,volunter,15,3,0,0,14,"(1,30]",NA,NA,"(1,30]"
1039,closed,technoweenie,volunter,technoweenie,volunter,0,0,null,null,null,NA,NA,NA,NA
1040,closed,technoweenie,volunter,null,volunter,41,8,14,0,26,"(30,180]","(1,30]",NA,"(1,30]"
1042,closed,technoweenie,volunter,technoweenie,volunter,0,0,null,null,null,NA,NA,NA,NA
1045,closed,andyneff,volunter,technoweenie,volunter,0,0,null,null,null,NA,NA,NA,NA
1048,closed,technoweenie,volunter,technoweenie,volunter,0,0,null,null,null,NA,NA,NA,NA
105,closed,technoweenie,volunter,rubyist,employee,0,0,null,null,null,NA,NA,NA,NA
1051,closed,sinbad,volunter,sinbad,volunter,1,3,0,0,0,"(0,1]",NA,NA,NA
1054,closed,technoweenie,volunter,technoweenie,volunter,2,0,null,null,null,"(1,30]",NA,NA,NA
1058,closed,steffix0168,volunter,null,volunter,0,0,null,null,null,NA,NA,NA,NA
1060,closed,miumok98,volunter,null,volunter,0,0,null,null,null,NA,NA,NA,NA
1067,closed,sinbad,volunter,sinbad,volunter,6,10,0,0,6,"(1,30]",NA,NA,"(1,30]"
1070,closed,sinbad,volunter,sinbad,volunter,4,0,null,null,null,"(1,30]",NA,NA,NA
1071,closed,technoweenie,volunter,technoweenie,volunter,25,8,2,0,22,"(1,30]","(1,30]",NA,"(1,30]"
1076,closed,javabrett,volunter,technoweenie,volunter,30,0,null,null,null,"(1,30]",NA,NA,NA
1078,closed,epriestley,volunter,technoweenie,volunter,0,0,null,null,null,NA,NA,NA,NA
1079,closed,technoweenie,volunter,null,volunter,15,0,null,null,null,"(1,30]",NA,NA,NA
1080,closed,sinbad,volunter,sinbad,volunter,0,0,null,null,null,NA,NA,NA,NA
1081,closed,sinbad,volunter,sinbad,volunter,0,0,null,null,null,NA,NA,NA,NA
1082,closed,epriestley,volunter,technoweenie,volunter,0,0,null,null,null,NA,NA,NA,NA
1083,closed,epriestley,volunter,technoweenie,volunter,0,0,null,null,null,NA,NA,NA,NA
1084,closed,epriestley,volunter,technoweenie,volunter,0,0,null,null,null,NA,NA,NA,NA
1085,closed,epriestley,volunter,null,volunter,150,3,35,0,115,"(30,180]","(30,180]",NA,"(30,180]"
1087,closed,epriestley,volunter,sinbad,volunter,0,0,null,null,null,NA,NA,NA,NA
1091,closed,sinbad,volunter,sinbad,volunter,4,1,0,0,4,"(1,30]",NA,NA,"(1,30]"
1093,closed,anatolyborodin,volunter,sinbad,volunter,2,0,null,null,null,"(1,30]",NA,NA,NA
1094,closed,anatolyborodin,volunter,sinbad,volunter,2,0,null,null,null,"(1,30]",NA,NA,NA
1096,closed,epriestley,volunter,sinbad,volunter,2,0,null,null,null,"(1,30]",NA,NA,NA
1102,closed,javabrett,volunter,technoweenie,volunter,8,0,null,null,null,"(1,30]",NA,NA,NA
1103,closed,javabrett,volunter,null,volunter,8,0,null,null,null,"(1,30]",NA,NA,NA
1104,closed,sinbad,volunter,sinbad,volunter,13,1,0,13,0,"(1,30]",NA,"(1,30]",NA
1105,closed,sschuberth,volunter,technoweenie,volunter,16,0,null,null,null,"(1,30]",NA,NA,NA
1106,closed,chittunoo,volunter,null,volunter,0,0,null,null,null,NA,NA,NA,NA
1107,closed,sinbad,volunter,sinbad,volunter,0,0,null,null,null,NA,NA,NA,NA
1115,closed,javabrett,volunter,technoweenie,volunter,0,0,null,null,null,NA,NA,NA,NA
1117,closed,artagnon,volunter,null,volunter,134,7,0,11,122,"(30,180]",NA,"(1,30]","(30,180]"
1118,closed,sinbad,volunter,sinbad,volunter,4,3,4,0,0,"(1,30]","(1,30]",NA,NA
1122,closed,rjbell4,volunter,technoweenie,volunter,1,0,null,null,null,"(0,1]",NA,NA,NA
1127,closed,technoweenie,volunter,technoweenie,volunter,6,0,null,null,null,"(1,30]",NA,NA,NA
1128,closed,technoweenie,volunter,technoweenie,volunter,1,11,1,0,0,"(0,1]","(0,1]",NA,NA
113,closed,technoweenie,volunter,technoweenie,volunter,2,0,null,null,null,"(1,30]",NA,NA,NA
1130,closed,javabrett,volunter,technoweenie,volunter,7,0,null,null,null,"(1,30]",NA,NA,NA
1133,closed,sinbad,volunter,null,volunter,132,7,3,0,128,"(30,180]","(1,30]",NA,"(30,180]"
1134,closed,sinbad,volunter,technoweenie,volunter,3,0,null,null,null,"(1,30]",NA,NA,NA
1136,closed,technoweenie,volunter,technoweenie,volunter,3,0,null,null,null,"(1,30]",NA,NA,NA
114,closed,technoweenie,volunter,technoweenie,volunter,0,0,null,null,null,NA,NA,NA,NA
1141,closed,nirgeier,volunter,null,volunter,5,0,null,null,null,"(1,30]",NA,NA,NA
1143,closed,strich,volunter,technoweenie,volunter,1,0,null,null,null,"(0,1]",NA,NA,NA
1144,closed,technoweenie,volunter,technoweenie,volunter,0,0,null,null,null,NA,NA,NA,NA
1145,closed,technoweenie,volunter,technoweenie,volunter,1,0,null,null,null,"(0,1]",NA,NA,NA
1146,closed,pascalberger,volunter,technoweenie,volunter,85,0,null,null,null,"(30,180]",NA,NA,NA
1147,closed,pabloguerrero,volunter,null,volunter,0,0,null,null,null,NA,NA,NA,NA
1149,closed,javabrett,volunter,technoweenie,volunter,3,0,null,null,null,"(1,30]",NA,NA,NA
115,closed,technoweenie,volunter,technoweenie,volunter,0,0,null,null,null,NA,NA,NA,NA
1154,closed,larsxschneider,volunter,technoweenie,volunter,0,0,null,null,null,NA,NA,NA,NA
1158,closed,technoweenie,volunter,sinbad,volunter,3,0,null,null,null,"(1,30]",NA,NA,NA
1160,closed,sinbad,volunter,sinbad,volunter,5,2,0,0,5,"(1,30]",NA,NA,"(1,30]"
1162,closed,larsxschneider,volunter,technoweenie,volunter,0,0,null,null,null,NA,NA,NA,NA
1168,closed,sinbad,volunter,sinbad,volunter,0,0,null,null,null,NA,NA,NA,NA
1170,closed,graingert,volunter,technoweenie,volunter,0,0,null,null,null,NA,NA,NA,NA
1176,closed,javabrett,volunter,technoweenie,volunter,87,0,null,null,null,"(30,180]",NA,NA,NA
1177,closed,javabrett,volunter,technoweenie,volunter,114,0,null,null,null,"(30,180]",NA,NA,NA
1178,closed,sinbad,volunter,sinbad,volunter,0,0,null,null,null,NA,NA,NA,NA
1179,closed,technoweenie,volunter,technoweenie,volunter,8,0,null,null,null,"(1,30]",NA,NA,NA
1180,closed,technoweenie,volunter,null,volunter,38,0,null,null,null,"(30,180]",NA,NA,NA
1182,closed,sinbad,volunter,sinbad,volunter,8,0,null,null,null,"(1,30]",NA,NA,NA
1185,closed,sinbad,volunter,sinbad,volunter,0,0,null,null,null,NA,NA,NA,NA
1186,closed,skymoo,volunter,technoweenie,volunter,0,0,null,null,null,NA,NA,NA,NA
1193,closed,javabrett,volunter,technoweenie,volunter,1,0,null,null,null,"(0,1]",NA,NA,NA
1194,closed,javabrett,volunter,null,volunter,492,0,null,null,null,"(365,Inf]",NA,NA,NA
1198,closed,teo-tsirpanis,volunter,sinbad,volunter,0,0,null,null,null,NA,NA,NA,NA
1200,closed,teo-tsirpanis,volunter,technoweenie,volunter,78,0,null,null,null,"(30,180]",NA,NA,NA
1206,closed,technoweenie,volunter,technoweenie,volunter,0,0,null,null,null,NA,NA,NA,NA
1208,closed,hbons,volunter,null,volunter,0,0,null,null,null,NA,NA,NA,NA
1212,closed,javabrett,volunter,null,volunter,99,0,null,null,null,"(30,180]",NA,NA,NA
1213,closed,sinbad,volunter,sinbad,volunter,0,0,null,null,null,NA,NA,NA,NA
1215,closed,javabrett,volunter,technoweenie,volunter,0,0,null,null,null,NA,NA,NA,NA
1217,closed,sinbad,volunter,sinbad,volunter,0,0,null,null,null,NA,NA,NA,NA
1222,closed,zeldin,volunter,ttaylorr,employee,51,7,10,37,3,"(30,180]","(1,30]","(30,180]","(1,30]"
1225,closed,technoweenie,volunter,null,volunter,1,2,0,0,1,"(0,1]",NA,NA,"(0,1]"
1226,closed,sinbad,volunter,sinbad,volunter,1,0,null,null,null,"(0,1]",NA,NA,NA
1228,closed,technoweenie,volunter,technoweenie,volunter,0,0,null,null,null,NA,NA,NA,NA
1229,closed,technoweenie,volunter,technoweenie,volunter,0,0,null,null,null,NA,NA,NA,NA
1234,closed,technoweenie,volunter,technoweenie,volunter,0,0,null,null,null,NA,NA,NA,NA
1248,closed,technoweenie,volunter,technoweenie,volunter,0,1,0,0,0,NA,NA,NA,NA
1255,closed,technoweenie,volunter,technoweenie,volunter,43,0,null,null,null,"(30,180]",NA,NA,NA
1260,closed,pdf,volunter,sinbad,volunter,5,0,null,null,null,"(1,30]",NA,NA,NA
1262,closed,orivej,volunter,ttaylorr,employee,29,0,null,null,null,"(1,30]",NA,NA,NA
1265,closed,sinbad,volunter,sinbad,volunter,6,7,3,2,0,"(1,30]","(1,30]","(1,30]",NA
1273,closed,technoweenie,volunter,technoweenie,volunter,0,0,null,null,null,NA,NA,NA,NA
1274,closed,sinbad,volunter,sinbad,volunter,0,0,null,null,null,NA,NA,NA,NA
1276,closed,sinbad,volunter,sinbad,volunter,0,0,null,null,null,NA,NA,NA,NA
1279,closed,sinbad,volunter,sinbad,volunter,4,0,null,null,null,"(1,30]",NA,NA,NA
1291,closed,javabrett,volunter,ttaylorr,employee,0,0,null,null,null,NA,NA,NA,NA
1292,closed,javabrett,volunter,ttaylorr,employee,21,3,3,16,1,"(1,30]","(1,30]","(1,30]","(0,1]"
1296,closed,sinbad,volunter,sinbad,volunter,1,0,null,null,null,"(0,1]",NA,NA,NA
1297,closed,sinbad,volunter,sinbad,volunter,1,4,1,0,0,"(0,1]","(0,1]",NA,NA
1298,closed,javabrett,volunter,ttaylorr,employee,20,0,null,null,null,"(1,30]",NA,NA,NA
1299,closed,sinbad,volunter,sinbad,volunter,0,3,0,0,0,NA,NA,NA,NA
1303,closed,sinbad,volunter,sinbad,volunter,21,12,19,1,1,"(1,30]","(1,30]","(0,1]","(0,1]"
1305,closed,GabLeRoux,volunter,ttaylorr,employee,14,0,null,null,null,"(1,30]",NA,NA,NA
1323,closed,omonnier,volunter,ttaylorr,employee,5,2,0,0,4,"(1,30]",NA,NA,"(1,30]"
1324,closed,omonnier,volunter,ttaylorr,employee,0,0,null,null,null,NA,NA,NA,NA
1340,closed,ReDetection,volunter,null,volunter,0,0,null,null,null,NA,NA,NA,NA
1352,closed,sinbad,volunter,sinbad,volunter,0,0,null,null,null,NA,NA,NA,NA
1358,closed,technoweenie,volunter,technoweenie,volunter,12,2,0,5,7,"(1,30]",NA,"(1,30]","(1,30]"
1359,closed,technoweenie,volunter,technoweenie,volunter,5,3,4,0,0,"(1,30]","(1,30]",NA,NA
1360,closed,jasperla,volunter,ttaylorr,employee,0,0,null,null,null,NA,NA,NA,NA
1361,closed,larsxschneider,volunter,ttaylorr,employee,0,0,null,null,null,NA,NA,NA,NA
1362,closed,larsxschneider,volunter,null,volunter,0,0,null,null,null,NA,NA,NA,NA
1367,closed,sinbad,volunter,sinbad,volunter,7,25,1,0,5,"(1,30]","(0,1]",NA,"(1,30]"
1370,closed,sinbad,volunter,null,volunter,0,0,null,null,null,NA,NA,NA,NA
1372,closed,larsxschneider,volunter,technoweenie,volunter,0,0,null,null,null,NA,NA,NA,NA
1373,closed,sinbad,volunter,sinbad,volunter,0,5,0,0,0,NA,NA,NA,NA
1374,closed,sinbad,volunter,ttaylorr,employee,2,10,0,0,2,"(1,30]",NA,NA,"(1,30]"
1375,closed,technoweenie,volunter,ttaylorr,employee,2,0,null,null,null,"(1,30]",NA,NA,NA
1376,closed,technoweenie,volunter,null,volunter,0,0,null,null,null,NA,NA,NA,NA
1378,closed,VladimirKhvostov,volunter,null,volunter,0,5,0,0,0,NA,NA,NA,NA
1379,closed,VladimirKhvostov,volunter,ttaylorr,employee,0,8,0,0,0,NA,NA,NA,NA
138,closed,technoweenie,volunter,null,volunter,54,7,3,0,51,"(30,180]","(1,30]",NA,"(30,180]"
1382,closed,larsxschneider,volunter,null,volunter,112,49,99,0,13,"(30,180]","(30,180]",NA,"(1,30]"
1384,closed,andyneff,volunter,ttaylorr,employee,0,0,null,null,null,NA,NA,NA,NA
1389,closed,technoweenie,volunter,technoweenie,volunter,4,2,0,3,0,"(1,30]",NA,"(1,30]",NA
1390,closed,technoweenie,volunter,ttaylorr,employee,10,0,null,null,null,"(1,30]",NA,NA,NA
1394,closed,dakotahawkins,volunter,ttaylorr,employee,0,0,null,null,null,NA,NA,NA,NA
1397,closed,sinbad,volunter,sinbad,volunter,0,0,null,null,null,NA,NA,NA,NA
1398,closed,technoweenie,volunter,technoweenie,volunter,0,1,0,0,0,NA,NA,NA,NA
1399,closed,sinbad,volunter,ttaylorr,employee,0,0,null,null,null,NA,NA,NA,NA
140,closed,technoweenie,volunter,rubyist,employee,43,15,0,26,16,"(30,180]",NA,"(1,30]","(1,30]"
1400,closed,technoweenie,volunter,technoweenie,volunter,0,0,null,null,null,NA,NA,NA,NA
1404,closed,dakotahawkins,volunter,ttaylorr,employee,3,0,null,null,null,"(1,30]",NA,NA,NA
1405,closed,dakotahawkins,volunter,ttaylorr,employee,0,4,0,0,0,NA,NA,NA,NA
141,closed,technoweenie,volunter,null,volunter,94,0,null,null,null,"(30,180]",NA,NA,NA
1411,closed,technoweenie,volunter,technoweenie,volunter,0,2,0,0,0,NA,NA,NA,NA
1420,closed,technoweenie,volunter,ttaylorr,employee,3,0,null,null,null,"(1,30]",NA,NA,NA
1421,closed,sakerhead,volunter,null,volunter,0,0,null,null,null,NA,NA,NA,NA
143,closed,technoweenie,volunter,null,volunter,33,3,8,3,21,"(30,180]","(1,30]","(1,30]","(1,30]"
1430,closed,technoweenie,volunter,ttaylorr,employee,0,6,0,0,0,NA,NA,NA,NA
1434,closed,technoweenie,volunter,technoweenie,volunter,1,0,null,null,null,"(0,1]",NA,NA,NA
1438,closed,technoweenie,volunter,technoweenie,volunter,7,1,0,7,0,"(1,30]",NA,"(1,30]",NA
1443,closed,technoweenie,volunter,technoweenie,volunter,2,2,0,0,2,"(1,30]",NA,NA,"(1,30]"
1445,closed,dpursehouse,volunter,ttaylorr,employee,4,3,0,3,0,"(1,30]",NA,"(1,30]",NA
145,closed,technoweenie,volunter,technoweenie,volunter,0,0,null,null,null,NA,NA,NA,NA
1451,closed,technoweenie,volunter,technoweenie,volunter,0,4,0,0,0,NA,NA,NA,NA
1452,closed,technoweenie,volunter,technoweenie,volunter,0,2,0,0,0,NA,NA,NA,NA
1453,closed,technoweenie,volunter,ttaylorr,employee,0,0,null,null,null,NA,NA,NA,NA
1454,closed,larsxschneider,volunter,ttaylorr,employee,7,7,2,5,0,"(1,30]","(1,30]","(1,30]",NA
1455,closed,ralfthewise,volunter,technoweenie,volunter,0,0,null,null,null,NA,NA,NA,NA
1456,closed,technoweenie,volunter,null,volunter,440,0,null,null,null,"(365,Inf]",NA,NA,NA
1458,closed,technoweenie,volunter,technoweenie,volunter,1,0,null,null,null,"(0,1]",NA,NA,NA
1460,closed,technoweenie,volunter,technoweenie,volunter,0,0,null,null,null,NA,NA,NA,NA
1461,closed,technoweenie,volunter,technoweenie,volunter,0,3,0,0,0,NA,NA,NA,NA
1462,closed,technoweenie,volunter,ttaylorr,employee,0,2,0,0,0,NA,NA,NA,NA
1466,closed,technoweenie,volunter,technoweenie,volunter,0,2,0,0,0,NA,NA,NA,NA
1467,closed,dpursehouse,volunter,technoweenie,volunter,0,0,null,null,null,NA,NA,NA,NA
1470,closed,technoweenie,volunter,technoweenie,volunter,0,0,null,null,null,NA,NA,NA,NA
1472,closed,technoweenie,volunter,null,volunter,261,0,null,null,null,"(180,365]",NA,NA,NA
1473,closed,dpursehouse,volunter,ttaylorr,employee,2,0,null,null,null,"(1,30]",NA,NA,NA
1479,closed,dpursehouse,volunter,null,volunter,0,0,null,null,null,NA,NA,NA,NA
1489,closed,technoweenie,volunter,technoweenie,volunter,0,0,null,null,null,NA,NA,NA,NA
149,closed,eanakashima,volunter,technoweenie,volunter,0,0,null,null,null,NA,NA,NA,NA
1495,closed,technoweenie,volunter,technoweenie,volunter,1,0,null,null,null,"(0,1]",NA,NA,NA
1497,closed,sinbad,volunter,technoweenie,volunter,0,0,null,null,null,NA,NA,NA,NA
1499,closed,technoweenie,volunter,technoweenie,volunter,0,0,null,null,null,NA,NA,NA,NA
1504,closed,sschuberth,volunter,ttaylorr,employee,0,0,null,null,null,NA,NA,NA,NA
1506,closed,sschuberth,volunter,ttaylorr,employee,0,10,0,0,0,NA,NA,NA,NA
1507,closed,sschuberth,volunter,ttaylorr,employee,0,0,null,null,null,NA,NA,NA,NA
1512,closed,sschuberth,volunter,null,volunter,2,0,null,null,null,"(1,30]",NA,NA,NA
1513,closed,sschuberth,volunter,null,volunter,2,0,null,null,null,"(1,30]",NA,NA,NA
1518,closed,sschuberth,volunter,ttaylorr,employee,1,0,null,null,null,"(0,1]",NA,NA,NA
152,closed,technoweenie,volunter,technoweenie,volunter,0,0,null,null,null,NA,NA,NA,NA
1522,closed,sschuberth,volunter,ttaylorr,employee,21,1,0,0,21,"(1,30]",NA,NA,"(1,30]"
1523,closed,sschuberth,volunter,ttaylorr,employee,0,0,null,null,null,NA,NA,NA,NA
153,closed,technoweenie,volunter,technoweenie,volunter,0,0,null,null,null,NA,NA,NA,NA
154,closed,technoweenie,volunter,technoweenie,volunter,14,0,null,null,null,"(1,30]",NA,NA,NA
1540,closed,sinbad,volunter,ttaylorr,employee,1,3,0,0,0,"(0,1]",NA,NA,NA
1541,closed,technoweenie,volunter,null,volunter,85,0,null,null,null,"(30,180]",NA,NA,NA
1548,closed,benda1996,volunter,null,volunter,0,0,null,null,null,NA,NA,NA,NA
1551,closed,Som-iiitb,volunter,null,volunter,0,0,null,null,null,NA,NA,NA,NA
1557,closed,sschuberth,volunter,ttaylorr,employee,1,0,null,null,null,"(0,1]",NA,NA,NA
1565,closed,technoweenie,volunter,ttaylorr,employee,0,0,null,null,null,NA,NA,NA,NA
1566,closed,sschuberth,volunter,ttaylorr,employee,1,7,0,1,0,"(0,1]",NA,"(0,1]",NA
1567,closed,sschuberth,volunter,ttaylorr,employee,1,1,0,0,0,"(0,1]",NA,NA,NA
157,closed,nuclearsandwich,volunter,null,volunter,0,0,null,null,null,NA,NA,NA,NA
1575,closed,sschuberth,volunter,ttaylorr,employee,0,0,null,null,null,NA,NA,NA,NA
1576,closed,sschuberth,volunter,null,volunter,0,2,0,0,0,NA,NA,NA,NA
1577,closed,sschuberth,volunter,ttaylorr,employee,0,0,null,null,null,NA,NA,NA,NA
1579,closed,sschuberth,volunter,ttaylorr,employee,0,0,null,null,null,NA,NA,NA,NA
159,closed,technoweenie,volunter,null,volunter,75,0,null,null,null,"(30,180]",NA,NA,NA
1590,closed,sinbad,volunter,null,volunter,6,5,4,2,0,"(1,30]","(1,30]","(1,30]",NA
1593,closed,dpursehouse,volunter,sschuberth,volunter,0,3,0,0,0,NA,NA,NA,NA
1594,closed,sschuberth,volunter,ttaylorr,employee,0,0,null,null,null,NA,NA,NA,NA
1599,closed,sschuberth,volunter,sschuberth,volunter,0,0,null,null,null,NA,NA,NA,NA
160,closed,technoweenie,volunter,technoweenie,volunter,0,0,null,null,null,NA,NA,NA,NA
1604,closed,chalstrick,volunter,null,volunter,0,0,null,null,null,NA,NA,NA,NA
1605,closed,chalstrick,volunter,technoweenie,volunter,1,0,null,null,null,"(0,1]",NA,NA,NA
1609,closed,sinbad,volunter,technoweenie,volunter,0,0,null,null,null,NA,NA,NA,NA
161,closed,technoweenie,volunter,technoweenie,volunter,0,4,0,0,0,NA,NA,NA,NA
1610,closed,russplaysguitar,volunter,null,volunter,0,0,null,null,null,NA,NA,NA,NA
1616,closed,sinbad,volunter,technoweenie,volunter,6,21,5,0,0,"(1,30]","(1,30]",NA,NA
162,closed,technoweenie,volunter,technoweenie,volunter,0,0,null,null,null,NA,NA,NA,NA
1625,closed,sinbad,volunter,null,volunter,20,14,0,0,19,"(1,30]",NA,NA,"(1,30]"
1626,closed,larsxschneider,volunter,ttaylorr,employee,0,0,null,null,null,NA,NA,NA,NA
1627,closed,larsxschneider,volunter,ttaylorr,employee,0,2,0,0,0,NA,NA,NA,NA
1629,closed,technoweenie,volunter,technoweenie,volunter,9,0,null,null,null,"(1,30]",NA,NA,NA
163,closed,technoweenie,volunter,technoweenie,volunter,3,0,null,null,null,"(1,30]",NA,NA,NA
1631,closed,technoweenie,volunter,ttaylorr,employee,0,0,null,null,null,NA,NA,NA,NA
1633,closed,technoweenie,volunter,null,volunter,0,0,null,null,null,NA,NA,NA,NA
1634,closed,technoweenie,volunter,technoweenie,volunter,5,7,0,0,4,"(1,30]",NA,NA,"(1,30]"
1636,closed,larsxschneider,volunter,technoweenie,volunter,0,0,null,null,null,NA,NA,NA,NA
1638,closed,technoweenie,volunter,technoweenie,volunter,5,0,null,null,null,"(1,30]",NA,NA,NA
164,closed,technoweenie,volunter,null,volunter,0,0,null,null,null,NA,NA,NA,NA
1641,closed,technoweenie,volunter,technoweenie,volunter,5,0,null,null,null,"(1,30]",NA,NA,NA
1642,closed,technoweenie,volunter,technoweenie,volunter,4,0,null,null,null,"(1,30]",NA,NA,NA
1643,closed,jjgod,volunter,null,volunter,4,0,null,null,null,"(1,30]",NA,NA,NA
1646,closed,larsxschneider,volunter,null,volunter,283,1,0,0,283,"(180,365]",NA,NA,"(180,365]"
165,closed,technoweenie,volunter,technoweenie,volunter,0,0,null,null,null,NA,NA,NA,NA
1650,closed,technoweenie,volunter,technoweenie,volunter,2,10,1,0,0,"(1,30]","(0,1]",NA,NA
1656,closed,technoweenie,volunter,technoweenie,volunter,0,0,null,null,null,NA,NA,NA,NA
1657,closed,technoweenie,volunter,technoweenie,volunter,0,0,null,null,null,NA,NA,NA,NA
1659,closed,technoweenie,volunter,technoweenie,volunter,0,0,null,null,null,NA,NA,NA,NA
166,closed,technoweenie,volunter,technoweenie,volunter,0,0,null,null,null,NA,NA,NA,NA
1661,closed,technoweenie,volunter,null,volunter,0,0,null,null,null,NA,NA,NA,NA
1666,closed,technoweenie,volunter,technoweenie,volunter,0,1,0,0,0,NA,NA,NA,NA
1670,closed,technoweenie,volunter,technoweenie,volunter,1,2,0,1,0,"(0,1]",NA,"(0,1]",NA
1671,closed,technoweenie,volunter,technoweenie,volunter,0,0,null,null,null,NA,NA,NA,NA
1672,closed,technoweenie,volunter,null,volunter,0,0,null,null,null,NA,NA,NA,NA
1673,closed,technoweenie,volunter,null,volunter,0,0,null,null,null,NA,NA,NA,NA
1679,closed,technoweenie,volunter,technoweenie,volunter,0,0,null,null,null,NA,NA,NA,NA
168,closed,technoweenie,volunter,technoweenie,volunter,0,0,null,null,null,NA,NA,NA,NA
1680,closed,technoweenie,volunter,technoweenie,volunter,0,0,null,null,null,NA,NA,NA,NA
1681,closed,technoweenie,volunter,null,volunter,0,0,null,null,null,NA,NA,NA,NA
1682,closed,technoweenie,volunter,null,volunter,0,0,null,null,null,NA,NA,NA,NA
1683,closed,technoweenie,volunter,technoweenie,volunter,0,0,null,null,null,NA,NA,NA,NA
1684,closed,technoweenie,volunter,technoweenie,volunter,0,0,null,null,null,NA,NA,NA,NA
1685,closed,technoweenie,volunter,technoweenie,volunter,0,0,null,null,null,NA,NA,NA,NA
1687,closed,technoweenie,volunter,technoweenie,volunter,0,2,0,0,0,NA,NA,NA,NA
1688,closed,technoweenie,volunter,technoweenie,volunter,2,13,2,0,0,"(1,30]","(1,30]",NA,NA
1689,closed,sschuberth,volunter,technoweenie,volunter,20,12,1,2,16,"(1,30]","(0,1]","(1,30]","(1,30]"
1692,closed,AlphaRomeo13,volunter,null,volunter,1,0,null,null,null,"(0,1]",NA,NA,NA
1694,closed,sinbad,volunter,sinbad,volunter,6,25,1,0,5,"(1,30]","(0,1]",NA,"(1,30]"
1695,closed,technoweenie,volunter,technoweenie,volunter,1,0,null,null,null,"(0,1]",NA,NA,NA
1696,closed,technoweenie,volunter,technoweenie,volunter,1,1,0,0,0,"(0,1]",NA,NA,NA
1698,closed,larsxschneider,volunter,ttaylorr,employee,0,0,null,null,null,NA,NA,NA,NA
1699,closed,larsxschneider,volunter,ttaylorr,employee,0,2,0,0,0,NA,NA,NA,NA
170,closed,technoweenie,volunter,null,volunter,87,0,null,null,null,"(30,180]",NA,NA,NA
1703,closed,technoweenie,volunter,technoweenie,volunter,0,0,null,null,null,NA,NA,NA,NA
1705,closed,technoweenie,volunter,technoweenie,volunter,0,0,null,null,null,NA,NA,NA,NA
1706,closed,technoweenie,volunter,technoweenie,volunter,0,0,null,null,null,NA,NA,NA,NA
1710,closed,technoweenie,volunter,technoweenie,volunter,12,1,0,0,12,"(1,30]",NA,NA,"(1,30]"
1711,closed,larsxschneider,volunter,ttaylorr,employee,0,0,null,null,null,NA,NA,NA,NA
1721,closed,myint,volunter,technoweenie,volunter,1,0,null,null,null,"(0,1]",NA,NA,NA
1722,closed,joopmeijer1984,volunter,null,volunter,0,0,null,null,null,NA,NA,NA,NA
1723,closed,sinbad,volunter,sinbad,volunter,1,0,null,null,null,"(0,1]",NA,NA,NA
1725,closed,technoweenie,volunter,technoweenie,volunter,6,16,4,0,1,"(1,30]","(1,30]",NA,"(0,1]"
1727,closed,technoweenie,volunter,ttaylorr,employee,1,0,null,null,null,"(0,1]",NA,NA,NA
1728,closed,technoweenie,volunter,null,volunter,4,0,null,null,null,"(1,30]",NA,NA,NA
173,closed,technoweenie,volunter,technoweenie,volunter,7,0,null,null,null,"(1,30]",NA,NA,NA
1731,closed,larsxschneider,volunter,ttaylorr,employee,0,0,null,null,null,NA,NA,NA,NA
1736,closed,sinbad,volunter,sinbad,volunter,3,17,1,0,1,"(1,30]","(0,1]",NA,"(0,1]"
1737,closed,technoweenie,volunter,technoweenie,volunter,0,0,null,null,null,NA,NA,NA,NA
1738,closed,technoweenie,volunter,ttaylorr,employee,0,0,null,null,null,NA,NA,NA,NA
174,closed,technoweenie,volunter,technoweenie,volunter,20,8,21,0,0,"(1,30]","(1,30]",NA,NA
1743,closed,technoweenie,volunter,technoweenie,volunter,0,0,null,null,null,NA,NA,NA,NA
1745,closed,technoweenie,volunter,technoweenie,volunter,0,2,0,0,0,NA,NA,NA,NA
1746,closed,technoweenie,volunter,technoweenie,volunter,0,3,0,0,0,NA,NA,NA,NA
1747,closed,technoweenie,volunter,technoweenie,volunter,2,14,0,0,1,"(1,30]",NA,NA,"(0,1]"
175,closed,technoweenie,volunter,technoweenie,volunter,0,0,null,null,null,NA,NA,NA,NA
1752,closed,sschuberth,volunter,sschuberth,volunter,6,10,6,0,0,"(1,30]","(1,30]",NA,NA
176,closed,technoweenie,volunter,technoweenie,volunter,13,0,null,null,null,"(1,30]",NA,NA,NA
1760,closed,sinbad,volunter,sinbad,volunter,1,23,1,0,0,"(0,1]","(0,1]",NA,NA
1766,closed,technoweenie,volunter,null,volunter,0,0,null,null,null,NA,NA,NA,NA
1767,closed,technoweenie,volunter,technoweenie,volunter,0,0,null,null,null,NA,NA,NA,NA
1768,closed,sinbad,volunter,technoweenie,volunter,0,0,null,null,null,NA,NA,NA,NA
1769,closed,sinbad,volunter,technoweenie,volunter,2,0,null,null,null,"(1,30]",NA,NA,NA
177,closed,technoweenie,volunter,null,volunter,28,0,null,null,null,"(1,30]",NA,NA,NA
1770,closed,technoweenie,volunter,technoweenie,volunter,5,3,0,0,4,"(1,30]",NA,NA,"(1,30]"
1771,closed,technoweenie,volunter,technoweenie,volunter,1,0,null,null,null,"(0,1]",NA,NA,NA
1774,closed,technoweenie,volunter,technoweenie,volunter,0,0,null,null,null,NA,NA,NA,NA
1775,closed,technoweenie,volunter,technoweenie,volunter,0,0,null,null,null,NA,NA,NA,NA
1780,closed,technoweenie,volunter,technoweenie,volunter,0,0,null,null,null,NA,NA,NA,NA
1782,closed,technoweenie,volunter,ttaylorr,employee,10,0,null,null,null,"(1,30]",NA,NA,NA
1784,closed,technoweenie,volunter,technoweenie,volunter,0,0,null,null,null,NA,NA,NA,NA
1787,closed,technoweenie,volunter,technoweenie,volunter,0,0,null,null,null,NA,NA,NA,NA
1788,closed,technoweenie,volunter,technoweenie,volunter,0,0,null,null,null,NA,NA,NA,NA
1791,closed,technoweenie,volunter,technoweenie,volunter,0,12,0,0,0,NA,NA,NA,NA
1793,closed,technoweenie,volunter,technoweenie,volunter,0,0,null,null,null,NA,NA,NA,NA
1794,closed,technoweenie,volunter,technoweenie,volunter,13,0,null,null,null,"(1,30]",NA,NA,NA
1799,closed,technoweenie,volunter,technoweenie,volunter,11,1,0,0,10,"(1,30]",NA,NA,"(1,30]"
180,closed,technoweenie,volunter,technoweenie,volunter,1,0,null,null,null,"(0,1]",NA,NA,NA
182,closed,technoweenie,volunter,null,volunter,7,0,null,null,null,"(1,30]",NA,NA,NA
1820,closed,creste,volunter,ttaylorr,employee,11,6,2,3,6,"(1,30]","(1,30]","(1,30]","(1,30]"
1822,closed,sinbad,volunter,sinbad,volunter,13,34,489,2,478,"(1,30]","(365,Inf]","(1,30]","(365,Inf]"
1824,closed,technoweenie,volunter,technoweenie,volunter,2,18,0,2,0,"(1,30]",NA,"(1,30]",NA
1825,closed,technoweenie,volunter,technoweenie,volunter,0,0,null,null,null,NA,NA,NA,NA
1826,closed,technoweenie,volunter,null,volunter,0,0,null,null,null,NA,NA,NA,NA
1827,closed,technoweenie,volunter,technoweenie,volunter,1,7,0,1,0,"(0,1]",NA,"(0,1]",NA
1829,closed,larsxschneider,volunter,null,volunter,237,0,null,null,null,"(180,365]",NA,NA,NA
183,closed,technoweenie,volunter,technoweenie,volunter,4,0,null,null,null,"(1,30]",NA,NA,NA
1836,closed,technoweenie,volunter,null,volunter,0,9,0,0,0,NA,NA,NA,NA
1837,closed,technoweenie,volunter,technoweenie,volunter,0,1,0,0,0,NA,NA,NA,NA
1838,closed,technoweenie,volunter,technoweenie,volunter,0,0,null,null,null,NA,NA,NA,NA
1839,closed,technoweenie,volunter,technoweenie,volunter,0,0,null,null,null,NA,NA,NA,NA
1840,closed,technoweenie,volunter,technoweenie,volunter,0,0,null,null,null,NA,NA,NA,NA
1841,closed,technoweenie,volunter,technoweenie,volunter,3,3,0,2,0,"(1,30]",NA,"(1,30]",NA
1845,closed,cbartz,volunter,null,volunter,0,0,null,null,null,NA,NA,NA,NA
1846,closed,technoweenie,volunter,technoweenie,volunter,0,0,null,null,null,NA,NA,NA,NA
1847,closed,sinbad,volunter,sinbad,volunter,0,0,null,null,null,NA,NA,NA,NA
185,closed,technoweenie,volunter,technoweenie,volunter,6,0,null,null,null,"(1,30]",NA,NA,NA
1850,closed,technoweenie,volunter,technoweenie,volunter,0,0,null,null,null,NA,NA,NA,NA
186,closed,chrissiebrodigan,volunter,tclem,employee,0,0,null,null,null,NA,NA,NA,NA
1861,closed,monitorjbl,volunter,technoweenie,volunter,9,10,0,4,4,"(1,30]",NA,"(1,30]","(1,30]"
1868,closed,sinbad,volunter,sinbad,volunter,2,0,null,null,null,"(1,30]",NA,NA,NA
1869,closed,schuCriX,volunter,null,volunter,10,8,8,1,1,"(1,30]","(1,30]","(0,1]","(0,1]"
1870,closed,sinbad,volunter,sinbad,volunter,2,0,null,null,null,"(1,30]",NA,NA,NA
188,closed,fj,volunter,rubyist,employee,0,0,null,null,null,NA,NA,NA,NA
1886,closed,technoweenie,volunter,technoweenie,volunter,1,4,0,0,0,"(0,1]",NA,NA,NA
1887,closed,technoweenie,volunter,technoweenie,volunter,0,2,0,0,0,NA,NA,NA,NA
189,closed,lucaswerkmeister,volunter,bkeepers,employee,0,0,null,null,null,NA,NA,NA,NA
1890,closed,technoweenie,volunter,technoweenie,volunter,1,1,0,0,1,"(0,1]",NA,NA,"(0,1]"
1893,closed,technoweenie,volunter,technoweenie,volunter,1,4,0,0,0,"(0,1]",NA,NA,NA
1896,closed,sinbad,volunter,technoweenie,volunter,7,13,2,1,3,"(1,30]","(1,30]","(0,1]","(1,30]"
1903,closed,vrajanap,volunter,null,volunter,0,0,null,null,null,NA,NA,NA,NA
1904,closed,technoweenie,volunter,technoweenie,volunter,0,5,0,0,0,NA,NA,NA,NA
1905,closed,technoweenie,volunter,technoweenie,volunter,1,6,1,0,0,"(0,1]","(0,1]",NA,NA
1909,closed,technoweenie,volunter,technoweenie,volunter,7,18,6,0,1,"(1,30]","(1,30]",NA,"(0,1]"
1910,closed,technoweenie,volunter,technoweenie,volunter,3,0,null,null,null,"(1,30]",NA,NA,NA
1911,closed,sakerhead,volunter,null,volunter,0,0,null,null,null,NA,NA,NA,NA
1912,closed,technoweenie,volunter,ttaylorr,employee,68,1,0,7,60,"(30,180]",NA,"(1,30]","(30,180]"
1913,closed,technoweenie,volunter,technoweenie,volunter,2,0,null,null,null,"(1,30]",NA,NA,NA
1914,closed,technoweenie,volunter,technoweenie,volunter,9,1,0,2,7,"(1,30]",NA,"(1,30]","(1,30]"
192,closed,pborreli,volunter,tclem,employee,0,1,0,0,0,NA,NA,NA,NA
1921,closed,technoweenie,volunter,technoweenie,volunter,0,0,null,null,null,NA,NA,NA,NA
1922,closed,larsxschneider,volunter,null,volunter,7,0,null,null,null,"(1,30]",NA,NA,NA
1924,closed,technoweenie,volunter,technoweenie,volunter,0,0,null,null,null,NA,NA,NA,NA
1927,closed,technoweenie,volunter,technoweenie,volunter,3,7,0,0,2,"(1,30]",NA,NA,"(1,30]"
1930,closed,sschuberth,volunter,ttaylorr,employee,0,0,null,null,null,NA,NA,NA,NA
1931,closed,technoweenie,volunter,technoweenie,volunter,2,0,null,null,null,"(1,30]",NA,NA,NA
1936,closed,technoweenie,volunter,technoweenie,volunter,1,8,0,1,0,"(0,1]",NA,"(0,1]",NA
1938,closed,sschuberth,volunter,ttaylorr,employee,0,0,null,null,null,NA,NA,NA,NA
194,closed,mattn,volunter,rubyist,employee,0,0,null,null,null,NA,NA,NA,NA
1940,closed,technoweenie,volunter,ttaylorr,employee,0,0,null,null,null,NA,NA,NA,NA
1944,closed,technoweenie,volunter,null,volunter,0,0,null,null,null,NA,NA,NA,NA
1945,closed,technoweenie,volunter,null,volunter,0,0,null,null,null,NA,NA,NA,NA
1946,closed,technoweenie,volunter,technoweenie,volunter,0,0,null,null,null,NA,NA,NA,NA
1950,closed,technoweenie,volunter,technoweenie,volunter,0,0,null,null,null,NA,NA,NA,NA
1953,closed,technoweenie,volunter,technoweenie,volunter,0,0,null,null,null,NA,NA,NA,NA
1957,closed,technoweenie,volunter,technoweenie,volunter,0,0,null,null,null,NA,NA,NA,NA
1959,closed,sschuberth,volunter,sschuberth,volunter,0,0,null,null,null,NA,NA,NA,NA
1966,closed,sschuberth,volunter,sschuberth,volunter,2,2,0,2,0,"(1,30]",NA,"(1,30]",NA
1968,closed,sschuberth,volunter,sschuberth,volunter,0,0,null,null,null,NA,NA,NA,NA
1972,closed,mmbug,volunter,null,volunter,0,0,null,null,null,NA,NA,NA,NA
1978,closed,technoweenie,volunter,technoweenie,volunter,0,1,0,0,0,NA,NA,NA,NA
1979,closed,sschuberth,volunter,sschuberth,volunter,0,0,null,null,null,NA,NA,NA,NA
1980,closed,sschuberth,volunter,sschuberth,volunter,0,0,null,null,null,NA,NA,NA,NA
1982,closed,sschuberth,volunter,sschuberth,volunter,0,0,null,null,null,NA,NA,NA,NA
1983,closed,technoweenie,volunter,technoweenie,volunter,2,0,null,null,null,"(1,30]",NA,NA,NA
1986,closed,technoweenie,volunter,technoweenie,volunter,0,0,null,null,null,NA,NA,NA,NA
1987,closed,technoweenie,volunter,technoweenie,volunter,0,0,null,null,null,NA,NA,NA,NA
1989,closed,technoweenie,volunter,technoweenie,volunter,0,0,null,null,null,NA,NA,NA,NA
1990,closed,technoweenie,volunter,technoweenie,volunter,0,3,0,0,0,NA,NA,NA,NA
2005,closed,ttaylorr,volunter,null,volunter,0,0,null,null,null,NA,NA,NA,NA
201,closed,RyanMcG,volunter,null,volunter,7,0,null,null,null,"(1,30]",NA,NA,NA
2021,closed,grimreaper,volunter,ttaylorr,employee,0,0,null,null,null,NA,NA,NA,NA
2022,closed,TheJare,volunter,null,volunter,8,13,5,0,2,"(1,30]","(1,30]",NA,"(1,30]"
2023,closed,bozaro,volunter,ttaylorr,employee,124,3,4,119,0,"(30,180]","(1,30]","(30,180]",NA
2024,closed,mzknwitall702,volunter,null,volunter,0,0,null,null,null,NA,NA,NA,NA
2028,closed,dpursehouse,volunter,technoweenie,volunter,0,0,null,null,null,NA,NA,NA,NA
2033,closed,dpursehouse,volunter,ttaylorr,employee,0,0,null,null,null,NA,NA,NA,NA
2045,closed,bozaro,volunter,null,volunter,17,0,null,null,null,"(1,30]",NA,NA,NA
2049,closed,TheJare,volunter,ttaylorr,employee,172,0,null,null,null,"(30,180]",NA,NA,NA
205,closed,PeterDaveHello,volunter,bkeepers,employee,0,0,null,null,null,NA,NA,NA,NA
2059,closed,Roman7477,volunter,null,volunter,0,0,null,null,null,NA,NA,NA,NA
207,closed,PeterDaveHello,volunter,null,volunter,0,0,null,null,null,NA,NA,NA,NA
2072,closed,technoweenie,volunter,technoweenie,volunter,0,0,null,null,null,NA,NA,NA,NA
2080,closed,technoweenie,volunter,ttaylorr,employee,4,3,0,0,4,"(1,30]",NA,NA,"(1,30]"
2081,closed,technoweenie,volunter,technoweenie,volunter,0,1,0,0,0,NA,NA,NA,NA
2086,closed,ZaninAndrea,volunter,null,volunter,0,0,null,null,null,NA,NA,NA,NA
2087,closed,ZaninAndrea,volunter,ttaylorr,employee,1,0,null,null,null,"(0,1]",NA,NA,NA
2088,closed,p12tic,volunter,ttaylorr,employee,1,0,null,null,null,"(0,1]",NA,NA,NA
212,closed,rtyley,volunter,technoweenie,volunter,4,0,null,null,null,"(1,30]",NA,NA,NA
215,closed,Mistobaan,volunter,technoweenie,volunter,18,0,null,null,null,"(1,30]",NA,NA,NA
2168,closed,technoweenie,volunter,ttaylorr,employee,6,8,5,0,0,"(1,30]","(1,30]",NA,NA
2170,closed,sprohaska,volunter,ttaylorr,employee,1,0,null,null,null,"(0,1]",NA,NA,NA
2171,closed,sprohaska,volunter,ttaylorr,employee,0,0,null,null,null,NA,NA,NA,NA
2177,closed,dankegel,volunter,null,volunter,136,0,null,null,null,"(30,180]",NA,NA,NA
218,closed,thekafkaf,volunter,technoweenie,volunter,0,0,null,null,null,NA,NA,NA,NA
2184,closed,technoweenie,volunter,technoweenie,volunter,0,0,null,null,null,NA,NA,NA,NA
219,closed,thekafkaf,volunter,null,volunter,453,7,435,4,14,"(365,Inf]","(365,Inf]","(1,30]","(1,30]"
2192,closed,technoweenie,volunter,technoweenie,volunter,0,0,null,null,null,NA,NA,NA,NA
2198,closed,jiangxin,volunter,ttaylorr,employee,2,0,null,null,null,"(1,30]",NA,NA,NA
220,closed,PeterDaveHello,volunter,null,volunter,371,0,null,null,null,"(365,Inf]",NA,NA,NA
2203,closed,ssgelm,volunter,ttaylorr,employee,0,0,null,null,null,NA,NA,NA,NA
2206,closed,technoweenie,volunter,technoweenie,volunter,0,0,null,null,null,NA,NA,NA,NA
2212,closed,andyneff,volunter,ttaylorr,employee,0,0,null,null,null,NA,NA,NA,NA
222,closed,PeterDaveHello,volunter,null,volunter,0,3,0,0,0,NA,NA,NA,NA
223,closed,PeterDaveHello,volunter,rubyist,employee,0,0,null,null,null,NA,NA,NA,NA
2231,closed,technoweenie,volunter,null,volunter,1,0,null,null,null,"(0,1]",NA,NA,NA
2232,closed,dpursehouse,volunter,technoweenie,volunter,1,0,null,null,null,"(0,1]",NA,NA,NA
2233,closed,technoweenie,volunter,technoweenie,volunter,1,0,null,null,null,"(0,1]",NA,NA,NA
2237,closed,seth2810,volunter,ttaylorr,employee,0,0,null,null,null,NA,NA,NA,NA
2238,closed,technoweenie,volunter,ttaylorr,employee,0,0,null,null,null,NA,NA,NA,NA
2239,closed,technoweenie,volunter,null,volunter,0,0,null,null,null,NA,NA,NA,NA
2241,closed,technoweenie,volunter,ttaylorr,employee,0,0,null,null,null,NA,NA,NA,NA
2248,closed,dpursehouse,volunter,ttaylorr,employee,0,0,null,null,null,NA,NA,NA,NA
225,closed,thekafkaf,volunter,technoweenie,volunter,4,0,null,null,null,"(1,30]",NA,NA,NA
2275,closed,didswit1,volunter,null,volunter,0,0,null,null,null,NA,NA,NA,NA
2277,closed,raleksandar,volunter,ttaylorr,employee,0,0,null,null,null,NA,NA,NA,NA
2293,closed,love-jiw,volunter,null,volunter,0,0,null,null,null,NA,NA,NA,NA
2299,closed,technoweenie,volunter,technoweenie,volunter,10,0,null,null,null,"(1,30]",NA,NA,NA
2311,closed,asottile,volunter,ttaylorr,employee,0,10,0,0,0,NA,NA,NA,NA
2312,closed,jakub-m,volunter,ttaylorr,employee,5,8,4,0,0,"(1,30]","(1,30]",NA,NA
2316,closed,wisielec,volunter,null,volunter,0,0,null,null,null,NA,NA,NA,NA
2317,closed,wisielec,volunter,null,volunter,0,0,null,null,null,NA,NA,NA,NA
2318,closed,wisielec,volunter,null,volunter,0,0,null,null,null,NA,NA,NA,NA
2319,closed,wisielec,volunter,null,volunter,0,0,null,null,null,NA,NA,NA,NA
232,closed,technoweenie,volunter,technoweenie,volunter,1,0,null,null,null,"(0,1]",NA,NA,NA
2320,closed,wisielec,volunter,null,volunter,0,0,null,null,null,NA,NA,NA,NA
2321,closed,wisielec,volunter,null,volunter,0,0,null,null,null,NA,NA,NA,NA
2327,closed,gurugray,volunter,ttaylorr,employee,0,0,null,null,null,NA,NA,NA,NA
2362,closed,technoweenie,volunter,technoweenie,volunter,0,0,null,null,null,NA,NA,NA,NA
2369,closed,technoweenie,volunter,technoweenie,volunter,0,0,null,null,null,NA,NA,NA,NA
237,closed,technoweenie,volunter,technoweenie,volunter,0,0,null,null,null,NA,NA,NA,NA
2370,closed,technoweenie,volunter,null,volunter,0,0,null,null,null,NA,NA,NA,NA
2371,closed,technoweenie,volunter,technoweenie,volunter,0,0,null,null,null,NA,NA,NA,NA
2374,closed,asottile,volunter,ttaylorr,employee,3,2,0,3,0,"(1,30]",NA,"(1,30]",NA
2377,closed,ssgelm,volunter,ttaylorr,employee,1,0,null,null,null,"(0,1]",NA,NA,NA
2387,closed,mlajszczak,volunter,null,volunter,5,0,null,null,null,"(1,30]",NA,NA,NA
2418,closed,t-kin,volunter,null,volunter,0,0,null,null,null,NA,NA,NA,NA
2425,closed,ssgelm,volunter,ttaylorr,employee,0,0,null,null,null,NA,NA,NA,NA
2426,closed,ssgelm,volunter,ttaylorr,employee,6,0,null,null,null,"(1,30]",NA,NA,NA
2429,closed,aleb,volunter,ttaylorr,employee,11,7,4,0,7,"(1,30]","(1,30]",NA,"(1,30]"
244,closed,technoweenie,volunter,technoweenie,volunter,0,0,null,null,null,NA,NA,NA,NA
2443,closed,rudineirk,volunter,ttaylorr,employee,1,0,null,null,null,"(0,1]",NA,NA,NA
2449,closed,mathstuf,volunter,ttaylorr,employee,2,0,null,null,null,"(1,30]",NA,NA,NA
245,closed,technoweenie,volunter,technoweenie,volunter,0,0,null,null,null,NA,NA,NA,NA
2451,closed,sebokart,volunter,null,volunter,2,0,null,null,null,"(1,30]",NA,NA,NA
2453,closed,larsxschneider,volunter,ttaylorr,employee,25,15,22,0,2,"(1,30]","(1,30]",NA,"(1,30]"
246,closed,technoweenie,volunter,technoweenie,volunter,4,9,2,0,2,"(1,30]","(1,30]",NA,"(1,30]"
247,closed,technoweenie,volunter,technoweenie,volunter,4,0,null,null,null,"(1,30]",NA,NA,NA
248,closed,technoweenie,volunter,null,volunter,94,0,null,null,null,"(30,180]",NA,NA,NA
2499,closed,aleb,volunter,ttaylorr,employee,0,1,0,0,0,NA,NA,NA,NA
2509,closed,andyneff,volunter,ttaylorr,employee,0,0,null,null,null,NA,NA,NA,NA
253,closed,Aorjoa,volunter,null,volunter,0,0,null,null,null,NA,NA,NA,NA
2531,closed,larsxschneider,volunter,ttaylorr,employee,0,0,null,null,null,NA,NA,NA,NA
2539,closed,larsxschneider,volunter,ttaylorr,employee,0,0,null,null,null,NA,NA,NA,NA
254,closed,Aorjoa,volunter,null,volunter,0,0,null,null,null,NA,NA,NA,NA
2540,closed,larsxschneider,volunter,ttaylorr,employee,1,7,0,0,0,"(0,1]",NA,NA,NA
2544,closed,technoweenie,volunter,null,volunter,3,0,null,null,null,"(1,30]",NA,NA,NA
2546,closed,larsxschneider,volunter,ttaylorr,employee,2,0,null,null,null,"(1,30]",NA,NA,NA
255,closed,Aorjoa,volunter,null,volunter,0,0,null,null,null,NA,NA,NA,NA
257,closed,technoweenie,volunter,technoweenie,volunter,0,0,null,null,null,NA,NA,NA,NA
2570,closed,larsxschneider,volunter,ttaylorr,employee,0,6,0,0,0,NA,NA,NA,NA
2571,closed,larsxschneider,volunter,ttaylorr,employee,0,3,0,0,0,NA,NA,NA,NA
2574,closed,technoweenie,volunter,technoweenie,volunter,0,0,null,null,null,NA,NA,NA,NA
2579,closed,technoweenie,volunter,ttaylorr,employee,0,0,null,null,null,NA,NA,NA,NA
2580,closed,technoweenie,volunter,ttaylorr,employee,0,6,0,0,0,NA,NA,NA,NA
2586,closed,sschuberth,volunter,ttaylorr,employee,0,0,null,null,null,NA,NA,NA,NA
2588,closed,sschuberth,volunter,ttaylorr,employee,0,0,null,null,null,NA,NA,NA,NA
2589,closed,sschuberth,volunter,null,volunter,0,0,null,null,null,NA,NA,NA,NA
2590,closed,sprohaska,volunter,technoweenie,volunter,5,3,0,0,4,"(1,30]",NA,NA,"(1,30]"
2596,closed,technoweenie,volunter,technoweenie,volunter,3,0,null,null,null,"(1,30]",NA,NA,NA
2600,closed,technoweenie,volunter,technoweenie,volunter,0,0,null,null,null,NA,NA,NA,NA
2607,closed,technoweenie,volunter,technoweenie,volunter,0,0,null,null,null,NA,NA,NA,NA
2608,closed,technoweenie,volunter,technoweenie,volunter,3,0,null,null,null,"(1,30]",NA,NA,NA
2609,closed,technoweenie,volunter,technoweenie,volunter,3,0,null,null,null,"(1,30]",NA,NA,NA
261,closed,technoweenie,volunter,null,volunter,0,0,null,null,null,NA,NA,NA,NA
2610,closed,technoweenie,volunter,technoweenie,volunter,3,0,null,null,null,"(1,30]",NA,NA,NA
2614,closed,technoweenie,volunter,technoweenie,volunter,0,0,null,null,null,NA,NA,NA,NA
2615,closed,technoweenie,volunter,technoweenie,volunter,0,0,null,null,null,NA,NA,NA,NA
2617,closed,technoweenie,volunter,technoweenie,volunter,0,0,null,null,null,NA,NA,NA,NA
2621,closed,technoweenie,volunter,technoweenie,volunter,21,0,null,null,null,"(1,30]",NA,NA,NA
2622,closed,technoweenie,volunter,technoweenie,volunter,5,0,null,null,null,"(1,30]",NA,NA,NA
2625,closed,technoweenie,volunter,technoweenie,volunter,0,0,null,null,null,NA,NA,NA,NA
2626,closed,technoweenie,volunter,technoweenie,volunter,20,2,0,0,20,"(1,30]",NA,NA,"(1,30]"
2628,closed,technoweenie,volunter,null,volunter,5,0,null,null,null,"(1,30]",NA,NA,NA
263,closed,technoweenie,volunter,technoweenie,volunter,4,0,null,null,null,"(1,30]",NA,NA,NA
2632,closed,technoweenie,volunter,technoweenie,volunter,3,0,null,null,null,"(1,30]",NA,NA,NA
2633,closed,technoweenie,volunter,technoweenie,volunter,3,0,null,null,null,"(1,30]",NA,NA,NA
2637,closed,technoweenie,volunter,technoweenie,volunter,0,0,null,null,null,NA,NA,NA,NA
264,closed,technoweenie,volunter,technoweenie,volunter,0,0,null,null,null,NA,NA,NA,NA
2641,closed,technoweenie,volunter,technoweenie,volunter,0,0,null,null,null,NA,NA,NA,NA
2642,closed,technoweenie,volunter,technoweenie,volunter,0,0,null,null,null,NA,NA,NA,NA
2643,closed,technoweenie,volunter,technoweenie,volunter,0,0,null,null,null,NA,NA,NA,NA
2647,closed,technoweenie,volunter,technoweenie,volunter,1,2,0,1,0,"(0,1]",NA,"(0,1]",NA
2648,closed,technoweenie,volunter,technoweenie,volunter,0,0,null,null,null,NA,NA,NA,NA
265,closed,technoweenie,volunter,technoweenie,volunter,3,0,null,null,null,"(1,30]",NA,NA,NA
2651,closed,technoweenie,volunter,technoweenie,volunter,13,0,null,null,null,"(1,30]",NA,NA,NA
2657,closed,technoweenie,volunter,technoweenie,volunter,0,0,null,null,null,NA,NA,NA,NA
2666,closed,arguiot,volunter,null,volunter,43,5,0,1,42,"(30,180]",NA,"(0,1]","(30,180]"
267,closed,technoweenie,volunter,technoweenie,volunter,0,0,null,null,null,NA,NA,NA,NA
2672,closed,technoweenie,volunter,technoweenie,volunter,0,0,null,null,null,NA,NA,NA,NA
2673,closed,technoweenie,volunter,technoweenie,volunter,0,0,null,null,null,NA,NA,NA,NA
2674,closed,technoweenie,volunter,technoweenie,volunter,0,0,null,null,null,NA,NA,NA,NA
2676,closed,technoweenie,volunter,technoweenie,volunter,1,0,null,null,null,"(0,1]",NA,NA,NA
2678,closed,technoweenie,volunter,technoweenie,volunter,4,0,null,null,null,"(1,30]",NA,NA,NA
2687,closed,technoweenie,volunter,technoweenie,volunter,0,0,null,null,null,NA,NA,NA,NA
2689,closed,technoweenie,volunter,technoweenie,volunter,0,0,null,null,null,NA,NA,NA,NA
2692,closed,technoweenie,volunter,technoweenie,volunter,0,0,null,null,null,NA,NA,NA,NA
2695,closed,technoweenie,volunter,technoweenie,volunter,3,0,null,null,null,"(1,30]",NA,NA,NA
2698,closed,technoweenie,volunter,technoweenie,volunter,0,0,null,null,null,NA,NA,NA,NA
2699,closed,technoweenie,volunter,technoweenie,volunter,0,0,null,null,null,NA,NA,NA,NA
270,closed,keithws,volunter,null,volunter,50,0,null,null,null,"(30,180]",NA,NA,NA
2700,closed,technoweenie,volunter,technoweenie,volunter,2,0,null,null,null,"(1,30]",NA,NA,NA
2704,closed,technoweenie,volunter,technoweenie,volunter,21,0,null,null,null,"(1,30]",NA,NA,NA
2706,closed,technoweenie,volunter,technoweenie,volunter,2,0,null,null,null,"(1,30]",NA,NA,NA
2708,closed,mathstuf,volunter,ttaylorr,employee,16,2,0,0,15,"(1,30]",NA,NA,"(1,30]"
2709,closed,mathstuf,volunter,technoweenie,volunter,15,0,null,null,null,"(1,30]",NA,NA,NA
271,closed,technoweenie,volunter,technoweenie,volunter,0,0,null,null,null,NA,NA,NA,NA
2715,closed,technoweenie,volunter,technoweenie,volunter,0,0,null,null,null,NA,NA,NA,NA
2716,closed,QuLogic,volunter,technoweenie,volunter,4,0,null,null,null,"(1,30]",NA,NA,NA
2719,closed,bilke,volunter,technoweenie,volunter,1,0,null,null,null,"(0,1]",NA,NA,NA
2721,closed,technoweenie,volunter,null,volunter,0,0,null,null,null,NA,NA,NA,NA
2722,closed,technoweenie,volunter,ttaylorr,employee,11,5,0,8,3,"(1,30]",NA,"(1,30]","(1,30]"
2730,closed,dpursehouse,volunter,ttaylorr,employee,0,0,null,null,null,NA,NA,NA,NA
2735,closed,technoweenie,volunter,ttaylorr,employee,3,0,null,null,null,"(1,30]",NA,NA,NA
2737,closed,technoweenie,volunter,technoweenie,volunter,3,0,null,null,null,"(1,30]",NA,NA,NA
274,closed,technoweenie,volunter,technoweenie,volunter,0,0,null,null,null,NA,NA,NA,NA
2740,closed,takpare,volunter,null,volunter,0,0,null,null,null,NA,NA,NA,NA
2751,closed,wsprent,volunter,ttaylorr,employee,4,0,null,null,null,"(1,30]",NA,NA,NA
277,closed,ddanier,volunter,technoweenie,volunter,20,0,null,null,null,"(1,30]",NA,NA,NA
2770,closed,sschuberth,volunter,ttaylorr,employee,0,0,null,null,null,NA,NA,NA,NA
2773,closed,technoweenie,volunter,ttaylorr,employee,7,0,null,null,null,"(1,30]",NA,NA,NA
2774,closed,technoweenie,volunter,null,volunter,28,0,null,null,null,"(1,30]",NA,NA,NA
2799,closed,larsxschneider,volunter,null,volunter,69,2,0,0,69,"(30,180]",NA,NA,"(30,180]"
280,closed,zeroshirts,volunter,null,volunter,14,3,0,1,12,"(1,30]",NA,"(0,1]","(1,30]"
2806,closed,technoweenie,volunter,technoweenie,volunter,0,4,0,0,0,NA,NA,NA,NA
2807,closed,technoweenie,volunter,null,volunter,103,7,2,1,100,"(30,180]","(1,30]","(0,1]","(30,180]"
2809,closed,technoweenie,volunter,technoweenie,volunter,2,5,2,0,0,"(1,30]","(1,30]",NA,NA
2820,closed,technoweenie,volunter,ttaylorr,employee,0,0,null,null,null,NA,NA,NA,NA
2821,closed,technoweenie,volunter,ttaylorr,employee,0,0,null,null,null,NA,NA,NA,NA
2828,closed,yfronto,volunter,null,volunter,0,0,null,null,null,NA,NA,NA,NA
2829,closed,yfronto,volunter,ttaylorr,employee,1,0,null,null,null,"(0,1]",NA,NA,NA
283,closed,catphish,volunter,technoweenie,volunter,0,0,null,null,null,NA,NA,NA,NA
2830,closed,proinsias,volunter,ttaylorr,employee,0,0,null,null,null,NA,NA,NA,NA
2843,closed,larsxschneider,volunter,null,volunter,5,1,0,0,5,"(1,30]",NA,NA,"(1,30]"
2847,closed,larsxschneider,volunter,ttaylorr,employee,13,4,10,0,3,"(1,30]","(1,30]",NA,"(1,30]"
2849,closed,larsxschneider,volunter,ttaylorr,employee,4,0,null,null,null,"(1,30]",NA,NA,NA
2850,closed,larsxschneider,volunter,ttaylorr,employee,0,0,null,null,null,NA,NA,NA,NA
2851,closed,larsxschneider,volunter,ttaylorr,employee,12,5,7,4,0,"(1,30]","(1,30]","(1,30]",NA
2866,closed,larsxschneider,volunter,null,volunter,0,2,0,0,0,NA,NA,NA,NA
2867,open,NoEffex,volunter,null,volunter,NA,4,5,0,null,NA,"(1,30]",NA,NA
2871,closed,stffabi,volunter,ttaylorr,employee,11,5,5,4,0,"(1,30]","(1,30]","(1,30]",NA
2876,closed,de-code,volunter,null,volunter,5,7,4,0,0,"(1,30]","(1,30]",NA,NA
2880,closed,jeffreydwalter,volunter,ttaylorr,employee,2,2,0,0,2,"(1,30]",NA,NA,"(1,30]"
2897,closed,yurivict,volunter,null,volunter,0,0,null,null,null,NA,NA,NA,NA
290,closed,technoweenie,volunter,null,volunter,42,0,null,null,null,"(30,180]",NA,NA,NA
2901,closed,QuLogic,volunter,ttaylorr,employee,0,0,null,null,null,NA,NA,NA,NA
2906,closed,gst,volunter,null,volunter,11,0,null,null,null,"(1,30]",NA,NA,NA
291,closed,technoweenie,volunter,null,volunter,11,0,null,null,null,"(1,30]",NA,NA,NA
2912,closed,sprohaska,volunter,ttaylorr,employee,39,4,22,5,11,"(30,180]","(1,30]","(1,30]","(1,30]"
2929,closed,jasminlapalme,volunter,ttaylorr,employee,2,10,0,1,0,"(1,30]",NA,"(0,1]",NA
2934,open,stanhu,volunter,null,volunter,NA,5,0,0,null,NA,NA,NA,NA
294,closed,Aorjoa,volunter,null,volunter,12,0,null,null,null,"(1,30]",NA,NA,NA
2983,closed,patrickmarlier,volunter,ttaylorr,employee,1,0,null,null,null,"(0,1]",NA,NA,NA
2985,closed,zanglang,volunter,ttaylorr,employee,0,0,null,null,null,NA,NA,NA,NA
299,closed,jsh,volunter,technoweenie,volunter,1,1,0,4,2,"(0,1]",NA,"(1,30]","(1,30]"
2997,closed,zackse,volunter,ttaylorr,employee,0,0,null,null,null,NA,NA,NA,NA
300,closed,michael-k,volunter,technoweenie,volunter,1,1,0,0,1,"(0,1]",NA,NA,"(0,1]"
302,closed,celgemark,volunter,null,volunter,0,3,0,0,0,NA,NA,NA,NA
303,closed,technoweenie,volunter,technoweenie,volunter,0,0,null,null,null,NA,NA,NA,NA
304,closed,michael-k,volunter,null,volunter,0,0,null,null,null,NA,NA,NA,NA
305,closed,michael-k,volunter,technoweenie,volunter,0,0,null,null,null,NA,NA,NA,NA
306,closed,technoweenie,volunter,technoweenie,volunter,6,5,0,4,1,"(1,30]",NA,"(1,30]","(0,1]"
309,closed,ssgelm,volunter,technoweenie,volunter,6,0,null,null,null,"(1,30]",NA,NA,NA
311,closed,michael-k,volunter,rubyist,employee,0,0,null,null,null,NA,NA,NA,NA
312,closed,michael-k,volunter,technoweenie,volunter,4,0,null,null,null,"(1,30]",NA,NA,NA
313,closed,andyneff,volunter,technoweenie,volunter,30,0,null,null,null,"(1,30]",NA,NA,NA
315,closed,sinbad,volunter,technoweenie,volunter,0,0,null,null,null,NA,NA,NA,NA
319,closed,technoweenie,volunter,technoweenie,volunter,0,0,null,null,null,NA,NA,NA,NA
321,closed,technoweenie,volunter,technoweenie,volunter,0,0,null,null,null,NA,NA,NA,NA
323,closed,technoweenie,volunter,technoweenie,volunter,1,2,0,0,0,"(0,1]",NA,NA,NA
324,closed,michael-k,volunter,null,volunter,5,0,null,null,null,"(1,30]",NA,NA,NA
327,closed,technoweenie,volunter,technoweenie,volunter,0,0,null,null,null,NA,NA,NA,NA
329,closed,joerg,volunter,rubyist,employee,0,0,null,null,null,NA,NA,NA,NA
330,closed,technoweenie,volunter,null,volunter,3,0,null,null,null,"(1,30]",NA,NA,NA
331,closed,technoweenie,volunter,technoweenie,volunter,3,0,null,null,null,"(1,30]",NA,NA,NA
332,closed,andyneff,volunter,technoweenie,volunter,22,0,null,null,null,"(1,30]",NA,NA,NA
335,closed,technoweenie,volunter,technoweenie,volunter,0,0,null,null,null,NA,NA,NA,NA
336,closed,technoweenie,volunter,technoweenie,volunter,0,0,null,null,null,NA,NA,NA,NA
342,closed,technoweenie,volunter,technoweenie,volunter,0,0,null,null,null,NA,NA,NA,NA
345,closed,technoweenie,volunter,null,volunter,20,0,null,null,null,"(1,30]",NA,NA,NA
346,closed,technoweenie,volunter,technoweenie,volunter,0,0,null,null,null,NA,NA,NA,NA
350,closed,sinbad,volunter,null,volunter,10,9,6,0,3,"(1,30]","(1,30]",NA,"(1,30]"
351,closed,michael-k,volunter,technoweenie,volunter,0,3,0,0,0,NA,NA,NA,NA
352,closed,michael-k,volunter,technoweenie,volunter,0,0,null,null,null,NA,NA,NA,NA
354,closed,michael-k,volunter,rubyist,employee,2,0,null,null,null,"(1,30]",NA,NA,NA
356,closed,michael-k,volunter,rubyist,employee,0,0,null,null,null,NA,NA,NA,NA
360,closed,larsxschneider,volunter,null,volunter,6,0,null,null,null,"(1,30]",NA,NA,NA
361,closed,michael-k,volunter,technoweenie,volunter,1,0,null,null,null,"(0,1]",NA,NA,NA
362,closed,ewbankkit,volunter,null,volunter,17,1,0,0,16,"(1,30]",NA,NA,"(1,30]"
364,closed,michael-k,volunter,rubyist,employee,0,0,null,null,null,NA,NA,NA,NA
365,closed,thpang67,volunter,technoweenie,volunter,14,1,0,3,10,"(1,30]",NA,"(1,30]","(1,30]"
370,closed,michael-k,volunter,technoweenie,volunter,11,0,null,null,null,"(1,30]",NA,NA,NA
372,closed,michael-k,volunter,technoweenie,volunter,0,0,null,null,null,NA,NA,NA,NA
373,closed,michael-k,volunter,technoweenie,volunter,10,0,null,null,null,"(1,30]",NA,NA,NA
374,closed,michael-k,volunter,technoweenie,volunter,0,0,null,null,null,NA,NA,NA,NA
377,closed,bozaro,volunter,technoweenie,volunter,0,0,null,null,null,NA,NA,NA,NA
378,closed,sinbad,volunter,null,volunter,434,0,null,null,null,"(365,Inf]",NA,NA,NA
380,closed,bozaro,volunter,null,volunter,6,3,0,0,6,"(1,30]",NA,NA,"(1,30]"
381,closed,bozaro,volunter,technoweenie,volunter,6,1,0,0,5,"(1,30]",NA,NA,"(1,30]"
382,closed,bozaro,volunter,technoweenie,volunter,6,0,null,null,null,"(1,30]",NA,NA,NA
383,closed,ssgelm,volunter,technoweenie,volunter,5,0,null,null,null,"(1,30]",NA,NA,NA
384,closed,michael-k,volunter,rubyist,employee,3,0,null,null,null,"(1,30]",NA,NA,NA
386,closed,ryansimmen,volunter,rubyist,employee,19,0,null,null,null,"(1,30]",NA,NA,NA
387,closed,michael-k,volunter,technoweenie,volunter,2,0,null,null,null,"(1,30]",NA,NA,NA
391,closed,bozaro,volunter,rubyist,employee,0,0,null,null,null,NA,NA,NA,NA
392,closed,michael-k,volunter,rubyist,employee,0,0,null,null,null,NA,NA,NA,NA
393,closed,sinbad,volunter,technoweenie,volunter,2,0,null,null,null,"(1,30]",NA,NA,NA
396,closed,michael-k,volunter,rubyist,employee,0,0,null,null,null,NA,NA,NA,NA
398,closed,michael-k,volunter,rubyist,employee,0,2,0,0,0,NA,NA,NA,NA
399,closed,technoweenie,volunter,technoweenie,volunter,0,1,0,0,0,NA,NA,NA,NA
401,closed,michael-k,volunter,technoweenie,volunter,0,0,null,null,null,NA,NA,NA,NA
402,closed,sinbad,volunter,technoweenie,volunter,0,0,null,null,null,NA,NA,NA,NA
403,closed,sinbad,volunter,technoweenie,volunter,0,1,0,0,0,NA,NA,NA,NA
404,closed,sinbad,volunter,technoweenie,volunter,19,11,19,0,0,"(1,30]","(1,30]",NA,NA
405,closed,technoweenie,volunter,technoweenie,volunter,0,0,null,null,null,NA,NA,NA,NA
406,closed,technoweenie,volunter,technoweenie,volunter,0,0,null,null,null,NA,NA,NA,NA
407,closed,technoweenie,volunter,null,volunter,0,0,null,null,null,NA,NA,NA,NA
408,closed,technoweenie,volunter,technoweenie,volunter,1,0,null,null,null,"(0,1]",NA,NA,NA
411,closed,technoweenie,volunter,null,volunter,0,0,null,null,null,NA,NA,NA,NA
412,closed,technoweenie,volunter,technoweenie,volunter,1,0,null,null,null,"(0,1]",NA,NA,NA
413,closed,technoweenie,volunter,technoweenie,volunter,1,0,null,null,null,"(0,1]",NA,NA,NA
416,closed,bozaro,volunter,null,volunter,0,0,null,null,null,NA,NA,NA,NA
418,closed,gitter-badger,volunter,null,volunter,0,0,null,null,null,NA,NA,NA,NA
420,closed,technoweenie,volunter,technoweenie,volunter,0,0,null,null,null,NA,NA,NA,NA
421,closed,technoweenie,volunter,rubyist,employee,9,0,null,null,null,"(1,30]",NA,NA,NA
424,closed,technoweenie,volunter,technoweenie,volunter,0,0,null,null,null,NA,NA,NA,NA
428,closed,andyneff,volunter,technoweenie,volunter,4,8,4,0,0,"(1,30]","(1,30]",NA,NA
437,closed,technoweenie,volunter,technoweenie,volunter,33,0,null,null,null,"(30,180]",NA,NA,NA
441,closed,devcurmudgeon,volunter,technoweenie,volunter,1,0,null,null,null,"(0,1]",NA,NA,NA
442,closed,sinbad,volunter,rubyist,employee,2,1,0,1,1,"(1,30]",NA,"(0,1]","(0,1]"
444,closed,sanoursa,volunter,technoweenie,volunter,23,5,10,1,11,"(1,30]","(1,30]","(0,1]","(1,30]"
446,closed,technoweenie,volunter,rubyist,employee,1,0,null,null,null,"(0,1]",NA,NA,NA
447,closed,technoweenie,volunter,technoweenie,volunter,8,1,0,1,7,"(1,30]",NA,"(0,1]","(1,30]"
449,closed,larsxschneider,volunter,technoweenie,volunter,7,18,0,7,0,"(1,30]",NA,"(1,30]",NA
461,closed,technoweenie,volunter,technoweenie,volunter,1,0,null,null,null,"(0,1]",NA,NA,NA
463,closed,technoweenie,volunter,technoweenie,volunter,0,0,null,null,null,NA,NA,NA,NA
464,closed,technoweenie,volunter,technoweenie,volunter,0,0,null,null,null,NA,NA,NA,NA
465,closed,technoweenie,volunter,technoweenie,volunter,13,3,0,3,9,"(1,30]",NA,"(1,30]","(1,30]"
469,closed,ssgelm,volunter,technoweenie,volunter,1,0,null,null,null,"(0,1]",NA,NA,NA
475,closed,technoweenie,volunter,technoweenie,volunter,0,0,null,null,null,NA,NA,NA,NA
480,closed,andyneff,volunter,technoweenie,volunter,3,0,null,null,null,"(1,30]",NA,NA,NA
483,closed,technoweenie,volunter,technoweenie,volunter,1,0,null,null,null,"(0,1]",NA,NA,NA
484,closed,michael-k,volunter,technoweenie,volunter,0,0,null,null,null,NA,NA,NA,NA
486,closed,ryansimmen,volunter,technoweenie,volunter,13,21,10,3,0,"(1,30]","(1,30]","(1,30]",NA
488,closed,technoweenie,volunter,technoweenie,volunter,0,0,null,null,null,NA,NA,NA,NA
489,closed,technoweenie,volunter,technoweenie,volunter,0,0,null,null,null,NA,NA,NA,NA
491,closed,technoweenie,volunter,technoweenie,volunter,0,0,null,null,null,NA,NA,NA,NA
492,closed,technoweenie,volunter,technoweenie,volunter,0,0,null,null,null,NA,NA,NA,NA
493,closed,technoweenie,volunter,technoweenie,volunter,0,0,null,null,null,NA,NA,NA,NA
494,closed,technoweenie,volunter,technoweenie,volunter,0,0,null,null,null,NA,NA,NA,NA
495,closed,technoweenie,volunter,technoweenie,volunter,0,0,null,null,null,NA,NA,NA,NA
496,closed,technoweenie,volunter,technoweenie,volunter,0,0,null,null,null,NA,NA,NA,NA
497,closed,technoweenie,volunter,technoweenie,volunter,0,0,null,null,null,NA,NA,NA,NA
498,closed,technoweenie,volunter,technoweenie,volunter,0,0,null,null,null,NA,NA,NA,NA
499,closed,technoweenie,volunter,technoweenie,volunter,0,0,null,null,null,NA,NA,NA,NA
500,closed,technoweenie,volunter,null,volunter,0,0,null,null,null,NA,NA,NA,NA
501,closed,technoweenie,volunter,technoweenie,volunter,0,0,null,null,null,NA,NA,NA,NA
502,closed,technoweenie,volunter,technoweenie,volunter,0,0,null,null,null,NA,NA,NA,NA
503,closed,technoweenie,volunter,technoweenie,volunter,0,0,null,null,null,NA,NA,NA,NA
504,closed,technoweenie,volunter,technoweenie,volunter,0,0,null,null,null,NA,NA,NA,NA
505,closed,technoweenie,volunter,technoweenie,volunter,0,0,null,null,null,NA,NA,NA,NA
506,closed,technoweenie,volunter,technoweenie,volunter,0,0,null,null,null,NA,NA,NA,NA
507,closed,technoweenie,volunter,technoweenie,volunter,0,0,null,null,null,NA,NA,NA,NA
508,closed,technoweenie,volunter,technoweenie,volunter,0,0,null,null,null,NA,NA,NA,NA
509,closed,technoweenie,volunter,technoweenie,volunter,0,0,null,null,null,NA,NA,NA,NA
510,closed,andyneff,volunter,technoweenie,volunter,0,0,null,null,null,NA,NA,NA,NA
511,closed,andyneff,volunter,technoweenie,volunter,5,2,4,0,0,"(1,30]","(1,30]",NA,NA
517,closed,memikequinn,volunter,null,volunter,0,0,null,null,null,NA,NA,NA,NA
518,closed,sinbad,volunter,technoweenie,volunter,3,0,null,null,null,"(1,30]",NA,NA,NA
519,closed,seiyanuta,volunter,technoweenie,volunter,0,0,null,null,null,NA,NA,NA,NA
520,closed,sinbad,volunter,technoweenie,volunter,0,3,0,2,2,NA,NA,"(1,30]","(1,30]"
521,closed,ssgelm,volunter,technoweenie,volunter,0,0,null,null,null,NA,NA,NA,NA
522,closed,ssgelm,volunter,technoweenie,volunter,0,0,null,null,null,NA,NA,NA,NA
526,closed,andyneff,volunter,technoweenie,volunter,0,0,null,null,null,NA,NA,NA,NA
527,closed,sinbad,volunter,technoweenie,volunter,2,24,2,0,0,"(1,30]","(1,30]",NA,NA
528,closed,technoweenie,volunter,null,volunter,0,0,null,null,null,NA,NA,NA,NA
530,closed,technoweenie,volunter,technoweenie,volunter,1,0,null,null,null,"(0,1]",NA,NA,NA
532,closed,technoweenie,volunter,technoweenie,volunter,0,0,null,null,null,NA,NA,NA,NA
534,closed,technoweenie,volunter,technoweenie,volunter,0,1,0,0,0,NA,NA,NA,NA
536,closed,technoweenie,volunter,technoweenie,volunter,0,0,null,null,null,NA,NA,NA,NA
537,closed,technoweenie,volunter,technoweenie,volunter,0,0,null,null,null,NA,NA,NA,NA
538,closed,sinbad,volunter,technoweenie,volunter,0,0,null,null,null,NA,NA,NA,NA
539,closed,technoweenie,volunter,technoweenie,volunter,0,2,0,0,0,NA,NA,NA,NA
540,closed,technoweenie,volunter,technoweenie,volunter,0,0,null,null,null,NA,NA,NA,NA
541,closed,sinbad,volunter,technoweenie,volunter,0,0,null,null,null,NA,NA,NA,NA
542,closed,sinbad,volunter,technoweenie,volunter,0,0,null,null,null,NA,NA,NA,NA
543,closed,sinbad,volunter,technoweenie,volunter,0,6,0,0,0,NA,NA,NA,NA
546,closed,sinbad,volunter,technoweenie,volunter,0,5,0,0,0,NA,NA,NA,NA
550,closed,technoweenie,volunter,technoweenie,volunter,0,0,null,null,null,NA,NA,NA,NA
551,closed,sinbad,volunter,technoweenie,volunter,4,2,2,0,1,"(1,30]","(1,30]",NA,"(0,1]"
552,closed,technoweenie,volunter,technoweenie,volunter,2,0,null,null,null,"(1,30]",NA,NA,NA
554,closed,clareliguori,volunter,technoweenie,volunter,3,0,null,null,null,"(1,30]",NA,NA,NA
555,closed,andyneff,volunter,technoweenie,volunter,5,8,1,3,0,"(1,30]","(0,1]","(1,30]",NA
559,closed,sinbad,volunter,technoweenie,volunter,3,5,0,0,2,"(1,30]",NA,NA,"(1,30]"
560,closed,technoweenie,volunter,technoweenie,volunter,0,0,null,null,null,NA,NA,NA,NA
561,closed,technoweenie,volunter,technoweenie,volunter,0,0,null,null,null,NA,NA,NA,NA
562,closed,technoweenie,volunter,technoweenie,volunter,0,0,null,null,null,NA,NA,NA,NA
565,closed,sinbad,volunter,technoweenie,volunter,0,0,null,null,null,NA,NA,NA,NA
566,closed,sinbad,volunter,technoweenie,volunter,0,0,null,null,null,NA,NA,NA,NA
568,closed,WillHipschman,volunter,null,volunter,47,9,0,0,47,"(30,180]",NA,NA,"(30,180]"
569,closed,sinbad,volunter,technoweenie,volunter,0,0,null,null,null,NA,NA,NA,NA
572,closed,billygor,volunter,rubyist,employee,0,0,null,null,null,NA,NA,NA,NA
573,closed,sinbad,volunter,technoweenie,volunter,7,2,0,7,0,"(1,30]",NA,"(1,30]",NA
576,closed,billygor,volunter,null,volunter,5,3,0,0,5,"(1,30]",NA,NA,"(1,30]"
577,closed,sinbad,volunter,rubyist,employee,0,0,null,null,null,NA,NA,NA,NA
578,closed,billygor,volunter,technoweenie,volunter,6,3,0,2,3,"(1,30]",NA,"(1,30]","(1,30]"
579,closed,technoweenie,volunter,technoweenie,volunter,0,0,null,null,null,NA,NA,NA,NA
58,closed,technoweenie,volunter,technoweenie,volunter,0,0,null,null,null,NA,NA,NA,NA
581,closed,sinbad,volunter,technoweenie,volunter,1,2,0,0,1,"(0,1]",NA,NA,"(0,1]"
582,closed,sinbad,volunter,null,volunter,1,0,null,null,null,"(0,1]",NA,NA,NA
583,closed,sinbad,volunter,technoweenie,volunter,4,0,null,null,null,"(1,30]",NA,NA,NA
585,closed,technoweenie,volunter,technoweenie,volunter,0,0,null,null,null,NA,NA,NA,NA
586,closed,isserrano,volunter,null,volunter,0,0,null,null,null,NA,NA,NA,NA
587,closed,technoweenie,volunter,technoweenie,volunter,2,0,null,null,null,"(1,30]",NA,NA,NA
589,closed,technoweenie,volunter,technoweenie,volunter,0,0,null,null,null,NA,NA,NA,NA
590,closed,technoweenie,volunter,null,volunter,91,0,null,null,null,"(30,180]",NA,NA,NA
592,closed,technoweenie,volunter,null,volunter,77,0,null,null,null,"(30,180]",NA,NA,NA
599,closed,technoweenie,volunter,technoweenie,volunter,11,6,9,2,0,"(1,30]","(1,30]","(1,30]",NA
60,closed,technoweenie,volunter,null,volunter,0,0,null,null,null,NA,NA,NA,NA
603,closed,andyneff,volunter,technoweenie,volunter,3,0,null,null,null,"(1,30]",NA,NA,NA
605,closed,nbrew,volunter,technoweenie,volunter,0,0,null,null,null,NA,NA,NA,NA
607,closed,sinbad,volunter,technoweenie,volunter,0,9,0,0,0,NA,NA,NA,NA
608,closed,sinbad,volunter,technoweenie,volunter,0,0,null,null,null,NA,NA,NA,NA
610,closed,sinbad,volunter,technoweenie,volunter,4,5,3,1,0,"(1,30]","(1,30]","(0,1]",NA
611,closed,technoweenie,volunter,technoweenie,volunter,5,10,1,0,4,"(1,30]","(0,1]",NA,"(1,30]"
617,closed,WillHipschman,volunter,null,volunter,81,0,null,null,null,"(30,180]",NA,NA,NA
618,closed,technoweenie,volunter,technoweenie,volunter,3,0,null,null,null,"(1,30]",NA,NA,NA
620,closed,rtyley,volunter,technoweenie,volunter,7,0,null,null,null,"(1,30]",NA,NA,NA
624,closed,technoweenie,volunter,technoweenie,volunter,0,8,0,0,0,NA,NA,NA,NA
626,closed,sinbad,volunter,technoweenie,volunter,0,0,null,null,null,NA,NA,NA,NA
627,closed,sinbad,volunter,technoweenie,volunter,0,0,null,null,null,NA,NA,NA,NA
628,closed,technoweenie,volunter,technoweenie,volunter,0,0,null,null,null,NA,NA,NA,NA
629,closed,technoweenie,volunter,technoweenie,volunter,5,0,null,null,null,"(1,30]",NA,NA,NA
630,closed,technoweenie,volunter,technoweenie,volunter,0,0,null,null,null,NA,NA,NA,NA
631,closed,sinbad,volunter,technoweenie,volunter,0,0,null,null,null,NA,NA,NA,NA
633,closed,sinbad,volunter,technoweenie,volunter,3,4,2,0,0,"(1,30]","(1,30]",NA,NA
635,closed,sinbad,volunter,technoweenie,volunter,3,0,null,null,null,"(1,30]",NA,NA,NA
638,closed,technoweenie,volunter,technoweenie,volunter,0,3,0,0,0,NA,NA,NA,NA
64,closed,technoweenie,volunter,technoweenie,volunter,0,0,null,null,null,NA,NA,NA,NA
642,closed,technoweenie,volunter,technoweenie,volunter,3,14,2,0,0,"(1,30]","(1,30]",NA,NA
644,closed,technoweenie,volunter,technoweenie,volunter,0,1,0,0,0,NA,NA,NA,NA
646,closed,technoweenie,volunter,technoweenie,volunter,1,4,1,0,0,"(0,1]","(0,1]",NA,NA
647,closed,sinbad,volunter,technoweenie,volunter,0,0,null,null,null,NA,NA,NA,NA
648,closed,i59,volunter,null,volunter,0,0,null,null,null,NA,NA,NA,NA
65,closed,technoweenie,volunter,technoweenie,volunter,0,3,0,0,0,NA,NA,NA,NA
650,closed,technoweenie,volunter,technoweenie,volunter,0,0,null,null,null,NA,NA,NA,NA
651,closed,technoweenie,volunter,technoweenie,volunter,0,5,0,0,0,NA,NA,NA,NA
652,closed,technoweenie,volunter,technoweenie,volunter,0,0,null,null,null,NA,NA,NA,NA
654,closed,andyneff,volunter,technoweenie,volunter,0,0,null,null,null,NA,NA,NA,NA
656,closed,sinbad,volunter,technoweenie,volunter,0,0,null,null,null,NA,NA,NA,NA
657,closed,andyneff,volunter,technoweenie,volunter,0,0,null,null,null,NA,NA,NA,NA
658,closed,technoweenie,volunter,technoweenie,volunter,2,0,null,null,null,"(1,30]",NA,NA,NA
659,closed,technoweenie,volunter,technoweenie,volunter,11,0,null,null,null,"(1,30]",NA,NA,NA
66,closed,technoweenie,volunter,technoweenie,volunter,0,0,null,null,null,NA,NA,NA,NA
665,closed,sinbad,volunter,technoweenie,volunter,3,5,0,0,2,"(1,30]",NA,NA,"(1,30]"
666,closed,sinbad,volunter,technoweenie,volunter,245,0,null,null,null,"(180,365]",NA,NA,NA
668,closed,Aorjoa,volunter,technoweenie,volunter,0,1,0,0,0,NA,NA,NA,NA
669,closed,technoweenie,volunter,technoweenie,volunter,0,0,null,null,null,NA,NA,NA,NA
67,closed,technoweenie,volunter,technoweenie,volunter,0,0,null,null,null,NA,NA,NA,NA
670,closed,technoweenie,volunter,technoweenie,volunter,5,2,3,0,1,"(1,30]","(1,30]",NA,"(0,1]"
671,closed,technoweenie,volunter,technoweenie,volunter,5,0,null,null,null,"(1,30]",NA,NA,NA
674,closed,Aorjoa,volunter,null,volunter,10,0,null,null,null,"(1,30]",NA,NA,NA
676,closed,technoweenie,volunter,technoweenie,volunter,0,0,null,null,null,NA,NA,NA,NA
679,closed,technoweenie,volunter,technoweenie,volunter,1,0,null,null,null,"(0,1]",NA,NA,NA
68,closed,technoweenie,volunter,technoweenie,volunter,0,4,0,0,0,NA,NA,NA,NA
680,closed,Aorjoa,volunter,null,volunter,5,0,null,null,null,"(1,30]",NA,NA,NA
681,closed,technoweenie,volunter,technoweenie,volunter,5,0,null,null,null,"(1,30]",NA,NA,NA
682,closed,technoweenie,volunter,technoweenie,volunter,3,1,0,2,0,"(1,30]",NA,"(1,30]",NA
684,closed,technoweenie,volunter,technoweenie,volunter,3,0,null,null,null,"(1,30]",NA,NA,NA
685,closed,sinbad,volunter,technoweenie,volunter,0,0,null,null,null,NA,NA,NA,NA
686,closed,technoweenie,volunter,technoweenie,volunter,0,0,null,null,null,NA,NA,NA,NA
689,closed,kaleworsley,volunter,rubyist,employee,0,0,null,null,null,NA,NA,NA,NA
69,closed,technoweenie,volunter,rubyist,employee,3,0,null,null,null,"(1,30]",NA,NA,NA
690,closed,WillHipschman,volunter,technoweenie,volunter,17,0,null,null,null,"(1,30]",NA,NA,NA
691,closed,sinbad,volunter,technoweenie,volunter,17,0,null,null,null,"(1,30]",NA,NA,NA
692,closed,sinbad,volunter,technoweenie,volunter,17,0,null,null,null,"(1,30]",NA,NA,NA
70,closed,technoweenie,volunter,technoweenie,volunter,0,0,null,null,null,NA,NA,NA,NA
702,closed,sinbad,volunter,technoweenie,volunter,0,0,null,null,null,NA,NA,NA,NA
704,closed,revi,volunter,technoweenie,volunter,0,0,null,null,null,NA,NA,NA,NA
71,closed,technoweenie,volunter,technoweenie,volunter,0,0,null,null,null,NA,NA,NA,NA
713,closed,sinbad,volunter,technoweenie,volunter,13,6,1,0,12,"(1,30]","(0,1]",NA,"(1,30]"
714,closed,WillHipschman,volunter,technoweenie,volunter,40,25,30,0,10,"(30,180]","(1,30]",NA,"(1,30]"
718,closed,bozaro,volunter,technoweenie,volunter,11,3,0,0,10,"(1,30]",NA,NA,"(1,30]"
72,closed,technoweenie,volunter,technoweenie,volunter,6,0,null,null,null,"(1,30]",NA,NA,NA
727,closed,mikkeloscar,volunter,null,volunter,180,0,null,null,null,"(30,180]",NA,NA,NA
734,closed,sinbad,volunter,technoweenie,volunter,7,0,null,null,null,"(1,30]",NA,NA,NA
735,closed,sinbad,volunter,technoweenie,volunter,6,0,null,null,null,"(1,30]",NA,NA,NA
742,closed,sinbad,volunter,technoweenie,volunter,32,5,65,0,33,"(30,180]","(30,180]",NA,"(30,180]"
749,closed,glensc,volunter,technoweenie,volunter,32,4,0,32,0,"(30,180]",NA,"(30,180]",NA
750,closed,glensc,volunter,technoweenie,volunter,32,0,null,null,null,"(30,180]",NA,NA,NA
752,closed,Aorjoa,volunter,null,volunter,3,0,null,null,null,"(1,30]",NA,NA,NA
756,closed,technoweenie,volunter,technoweenie,volunter,0,0,null,null,null,NA,NA,NA,NA
760,closed,technoweenie,volunter,technoweenie,volunter,1,4,0,2,1,"(0,1]",NA,"(1,30]","(0,1]"
761,closed,technoweenie,volunter,technoweenie,volunter,1,0,null,null,null,"(0,1]",NA,NA,NA
763,closed,technoweenie,volunter,technoweenie,volunter,2,13,0,0,0,"(1,30]",NA,NA,NA
765,closed,sinbad,volunter,technoweenie,volunter,0,0,null,null,null,NA,NA,NA,NA
770,closed,sinbad,volunter,technoweenie,volunter,0,0,null,null,null,NA,NA,NA,NA
771,closed,sinbad,volunter,technoweenie,volunter,3,0,null,null,null,"(1,30]",NA,NA,NA
772,closed,technoweenie,volunter,technoweenie,volunter,4,0,null,null,null,"(1,30]",NA,NA,NA
775,closed,technoweenie,volunter,technoweenie,volunter,0,0,null,null,null,NA,NA,NA,NA
776,closed,technoweenie,volunter,technoweenie,volunter,0,0,null,null,null,NA,NA,NA,NA
783,closed,andyneff,volunter,technoweenie,volunter,3,0,null,null,null,"(1,30]",NA,NA,NA
784,closed,andyneff,volunter,technoweenie,volunter,24,0,null,null,null,"(1,30]",NA,NA,NA
788,closed,technoweenie,volunter,technoweenie,volunter,0,0,null,null,null,NA,NA,NA,NA
790,closed,technoweenie,volunter,technoweenie,volunter,0,0,null,null,null,NA,NA,NA,NA
792,closed,sinbad,volunter,technoweenie,volunter,0,0,null,null,null,NA,NA,NA,NA
793,closed,technoweenie,volunter,technoweenie,volunter,0,0,null,null,null,NA,NA,NA,NA
795,closed,technoweenie,volunter,technoweenie,volunter,0,0,null,null,null,NA,NA,NA,NA
80,closed,technoweenie,volunter,technoweenie,volunter,0,0,null,null,null,NA,NA,NA,NA
801,closed,technoweenie,volunter,technoweenie,volunter,0,0,null,null,null,NA,NA,NA,NA
803,closed,ritthisakdi,volunter,null,volunter,0,0,null,null,null,NA,NA,NA,NA
807,closed,andyneff,volunter,technoweenie,volunter,17,0,null,null,null,"(1,30]",NA,NA,NA
812,closed,laurent-barbisan-ullink,volunter,technoweenie,volunter,0,0,null,null,null,NA,NA,NA,NA
816,closed,difro,volunter,null,volunter,11,2,0,0,10,"(1,30]",NA,NA,"(1,30]"
818,closed,sinbad,volunter,technoweenie,volunter,10,0,null,null,null,"(1,30]",NA,NA,NA
820,closed,technoweenie,volunter,technoweenie,volunter,9,0,null,null,null,"(1,30]",NA,NA,NA
821,closed,technoweenie,volunter,technoweenie,volunter,9,3,7,2,0,"(1,30]","(1,30]","(1,30]",NA
822,closed,jiangxin,volunter,null,volunter,7,0,null,null,null,"(1,30]",NA,NA,NA
828,closed,jiangxin,volunter,technoweenie,volunter,5,0,null,null,null,"(1,30]",NA,NA,NA
830,closed,AndrewJDR,volunter,null,volunter,0,0,null,null,null,NA,NA,NA,NA
831,closed,AndrewJDR,volunter,technoweenie,volunter,4,0,null,null,null,"(1,30]",NA,NA,NA
837,closed,technoweenie,volunter,technoweenie,volunter,1,2,74,0,73,"(0,1]","(30,180]",NA,"(30,180]"
838,closed,technoweenie,volunter,technoweenie,volunter,1,0,null,null,null,"(0,1]",NA,NA,NA
84,closed,technoweenie,volunter,technoweenie,volunter,27,3,0,0,27,"(1,30]",NA,NA,"(1,30]"
842,closed,technoweenie,volunter,technoweenie,volunter,0,0,null,null,null,NA,NA,NA,NA
843,closed,technoweenie,volunter,technoweenie,volunter,0,0,null,null,null,NA,NA,NA,NA
850,closed,noamt,volunter,null,volunter,270,4,2,2,265,"(180,365]","(1,30]","(1,30]","(180,365]"
851,closed,noamt,volunter,technoweenie,volunter,4,0,null,null,null,"(1,30]",NA,NA,NA
860,closed,technoweenie,volunter,technoweenie,volunter,65,0,null,null,null,"(30,180]",NA,NA,NA
861,closed,technoweenie,volunter,technoweenie,volunter,9,0,null,null,null,"(1,30]",NA,NA,NA
862,closed,technoweenie,volunter,technoweenie,volunter,90,8,0,62,27,"(30,180]",NA,"(30,180]","(1,30]"
863,closed,sinbad,volunter,technoweenie,volunter,0,0,null,null,null,NA,NA,NA,NA
868,closed,sinbad,volunter,technoweenie,volunter,68,0,null,null,null,"(30,180]",NA,NA,NA
869,closed,sinbad,volunter,null,volunter,5,0,null,null,null,"(1,30]",NA,NA,NA
87,closed,technoweenie,volunter,technoweenie,volunter,3,3,1,1,0,"(1,30]","(0,1]","(0,1]",NA
875,closed,strich,volunter,technoweenie,volunter,64,3,50,0,14,"(30,180]","(30,180]",NA,"(1,30]"
877,closed,pabloguerrero,volunter,technoweenie,volunter,0,0,null,null,null,NA,NA,NA,NA
879,closed,ssgelm,volunter,technoweenie,volunter,0,0,null,null,null,NA,NA,NA,NA
882,closed,technoweenie,volunter,technoweenie,volunter,1,0,null,null,null,"(0,1]",NA,NA,NA
883,closed,technoweenie,volunter,technoweenie,volunter,17,0,null,null,null,"(1,30]",NA,NA,NA
891,closed,andyneff,volunter,technoweenie,volunter,43,0,null,null,null,"(30,180]",NA,NA,NA
900,closed,ro31337,volunter,technoweenie,volunter,20,0,null,null,null,"(1,30]",NA,NA,NA
907,closed,wpsmith,volunter,technoweenie,volunter,3,0,null,null,null,"(1,30]",NA,NA,NA
909,closed,sinbad,volunter,technoweenie,volunter,2,0,null,null,null,"(1,30]",NA,NA,NA
91,closed,technoweenie,volunter,technoweenie,volunter,0,0,null,null,null,NA,NA,NA,NA
918,closed,Ignorant720,volunter,null,volunter,0,0,null,null,null,NA,NA,NA,NA
92,closed,technoweenie,volunter,null,volunter,0,0,null,null,null,NA,NA,NA,NA
927,closed,rikdev,volunter,null,volunter,22,0,null,null,null,"(1,30]",NA,NA,NA
929,closed,sander120786,volunter,null,volunter,7,0,null,null,null,"(1,30]",NA,NA,NA
93,closed,technoweenie,volunter,technoweenie,volunter,0,0,null,null,null,NA,NA,NA,NA
933,closed,larsxschneider,volunter,technoweenie,volunter,0,0,null,null,null,NA,NA,NA,NA
94,closed,technoweenie,volunter,technoweenie,volunter,7,0,null,null,null,"(1,30]",NA,NA,NA
949,closed,sinbad,volunter,technoweenie,volunter,3,4,0,0,3,"(1,30]",NA,NA,"(1,30]"
952,closed,bozaro,volunter,technoweenie,volunter,9,0,null,null,null,"(1,30]",NA,NA,NA
96,closed,technoweenie,volunter,technoweenie,volunter,0,0,null,null,null,NA,NA,NA,NA
962,closed,technoweenie,volunter,null,volunter,3,0,null,null,null,"(1,30]",NA,NA,NA
963,closed,technoweenie,volunter,technoweenie,volunter,3,0,null,null,null,"(1,30]",NA,NA,NA
964,closed,technoweenie,volunter,technoweenie,volunter,3,0,null,null,null,"(1,30]",NA,NA,NA
965,closed,technoweenie,volunter,technoweenie,volunter,2,0,null,null,null,"(1,30]",NA,NA,NA
966,closed,nathanhi,volunter,technoweenie,volunter,1,1,0,0,0,"(0,1]",NA,NA,NA
969,closed,dluksza,volunter,null,volunter,195,2,0,0,194,"(180,365]",NA,NA,"(180,365]"
97,closed,technoweenie,volunter,technoweenie,volunter,0,2,0,0,0,NA,NA,NA,NA
971,closed,technoweenie,volunter,technoweenie,volunter,0,0,null,null,null,NA,NA,NA,NA
972,closed,technoweenie,volunter,technoweenie,volunter,0,0,null,null,null,NA,NA,NA,NA
974,closed,technoweenie,volunter,technoweenie,volunter,0,0,null,null,null,NA,NA,NA,NA
975,closed,technoweenie,volunter,technoweenie,volunter,0,0,null,null,null,NA,NA,NA,NA
976,closed,andyneff,volunter,technoweenie,volunter,0,0,null,null,null,NA,NA,NA,NA
977,closed,technoweenie,volunter,technoweenie,volunter,0,0,null,null,null,NA,NA,NA,NA
98,closed,technoweenie,volunter,technoweenie,volunter,0,0,null,null,null,NA,NA,NA,NA
980,closed,larsxschneider,volunter,technoweenie,volunter,0,0,null,null,null,NA,NA,NA,NA
981,closed,technoweenie,volunter,technoweenie,volunter,0,0,null,null,null,NA,NA,NA,NA
988,closed,sinbad,volunter,technoweenie,volunter,13,9,81,0,68,"(1,30]","(30,180]",NA,"(30,180]"
989,closed,technoweenie,volunter,technoweenie,volunter,0,0,null,null,null,NA,NA,NA,NA
990,closed,larsxschneider,volunter,technoweenie,volunter,1,0,null,null,null,"(0,1]",NA,NA,NA
999,closed,rlaakkol,volunter,null,volunter,4,1,0,0,4,"(1,30]",NA,NA,"(1,30]"
