user,hash,date,site_admin,day_of_week,period_of_day
keithduncan,4b6f9aa1a5db3bc71c3848a00d52bca68a4ebe8f,2012-08-18T21:22:02Z,TRUE,sábado,"(14,15]"
keithduncan,dde43784a6053c3cff5c50ec649d9ae7c9ce6e67,2014-07-09T20:46:47Z,TRUE,quarta-feira,"(13,14]"
keithduncan,a93d3a2818459dc27c518e91a4742690396ddba2,2014-07-24T20:29:07Z,TRUE,quinta-feira,"(13,14]"
keithduncan,b96067afef9a9fc749be7afaee8a85f0c0d9785c,2014-07-09T20:46:47Z,TRUE,quarta-feira,"(13,14]"
keithduncan,3860e70d0c8526994279f8d9fa8feecabbda3b43,2012-08-16T21:53:54Z,TRUE,quinta-feira,"(14,15]"
keithduncan,d223cc1c9aa65372417ef000ea95bcee2b893dd0,2012-08-18T21:22:02Z,TRUE,sábado,"(14,15]"
keithduncan,00d781ef7a20ed2806110c0d4a5df40de631ed98,2015-03-25T06:34:04Z,TRUE,quarta-feira,"(23,24]"
keithduncan,041b74666be1eba43b6a352ed19ac8718faf2b36,2012-08-16T21:53:54Z,TRUE,quinta-feira,"(14,15]"
kevinsawicki,688ff633a75c8df9531a1f14a8e56edfe3e3d736,2013-04-30T22:41:31Z,TRUE,terça-feira,"(15,16]"
kevinsawicki,3a9883cbb0db6a3ba7df92e24cde680d2b19c6cb,2012-01-10T00:58:49Z,TRUE,terça-feira,"(16,17]"
maddox,76f8bf08d8270677719e308ab534dd6fb932e662,2011-11-07T04:50:31Z,TRUE,segunda-feira,"(20,21]"
maddox,e284049855bfa860aa557ec628a2dff25d852c2e,2011-10-26T00:25:28Z,TRUE,quarta-feira,"(17,18]"
maddox,301b9ba1fad493acc3623c25aab2b6f22958f353,2011-10-21T15:25:22Z,TRUE,sexta-feira,"(8,9]"
maddox,a2bf4fbf458eda9c188f6edcb425b0b4f4dced48,2011-10-25T00:49:29Z,TRUE,terça-feira,"(17,18]"
benbalter,ebbd9c6664d12d85d31217aa22112c2a0ba9ac6f,2017-05-01T13:06:31Z,TRUE,segunda-feira,"(6,7]"
benbalter,2d3c94b9fdd9e6cc8ac6bf319dabc7f39fb5273c,2017-04-26T20:38:40Z,TRUE,quarta-feira,"(13,14]"
benbalter,e06099cf53df819419f1cf0fb6698fe4cb2bb8a1,2017-04-26T20:37:02Z,TRUE,quarta-feira,"(13,14]"
benbalter,81b08fc44e7aeba96c5bf6dc4dd1a0a4bc4abe75,2017-04-26T21:45:58Z,TRUE,quarta-feira,"(14,15]"
benbalter,dbe0aee03ee0a5c795534b4a08e3fa20b4fd648c,2017-04-26T20:59:08Z,TRUE,quarta-feira,"(13,14]"
gjtorikian,92818146222396983bc2f338bb63b5eaa26ef47e,2015-06-05T20:19:06Z,TRUE,sexta-feira,"(13,14]"
jnewland,3e199b389b2e4c16c5149236d15d476a38ddf73d,2011-10-26T04:08:36Z,TRUE,quarta-feira,"(21,22]"
jnewland,48a267fe1c4b7577a1de9f596a14d8852f89b682,2011-10-26T07:04:34Z,TRUE,quarta-feira,"(0,1]"
jnewland,31df0b12bd5083322186840904ea28fed75b2854,2011-10-26T03:42:07Z,TRUE,quarta-feira,"(20,21]"
jnewland,db88a4e21c5c288eef2f387aac2d9b0b5b8d016c,2011-10-26T03:57:36Z,TRUE,quarta-feira,"(20,21]"
mgriffin,1cc4e06962e22c6fa910a6df3e5a34836da855bf,2013-10-04T16:18:35Z,TRUE,sexta-feira,"(9,10]"
jdennes,27d278754b7e4383cf4d5e5ee462792016e762ac,2013-06-24T18:59:27Z,TRUE,segunda-feira,"(11,12]"
technicalpickles,7fd99fca564b1870ffe0e5d36380ea913c22081c,2015-03-13T20:18:19Z,TRUE,sexta-feira,"(13,14]"
technicalpickles,57709061782d45d1662bf79a835639d46f14b45c,2016-05-06T22:59:01Z,TRUE,sexta-feira,"(15,16]"
technicalpickles,6bb498162ce1e627db8d26f604a1e3dcaa0bc8ed,2013-04-23T15:04:41Z,TRUE,terça-feira,"(8,9]"
technicalpickles,4c7ef3187854941b42e1e0848ed32bf6bca3c943,2016-01-09T16:40:16Z,TRUE,sábado,"(8,9]"
technicalpickles,fd1239e628cceea7ad3d17282ad4efdd9bb49531,2014-07-24T14:29:07Z,TRUE,quinta-feira,"(7,8]"
technicalpickles,ac929bad7c499acc609459f7cab6be9148392ffb,2013-12-17T02:49:31Z,TRUE,terça-feira,"(18,19]"
technicalpickles,169136a8193f637aab8fd69f6a74dd056dd21280,2013-07-07T21:32:34Z,TRUE,domingo,"(14,15]"
technicalpickles,794a06b4c1eb83c098ae98a2d4f4b5ccb2de7d51,2014-10-23T19:46:14Z,TRUE,quinta-feira,"(12,13]"
technicalpickles,a27a8451a492395efc204863ccade2b0330c2ed5,2013-04-29T21:36:13Z,TRUE,segunda-feira,"(14,15]"
technicalpickles,1dfd4f21b7ebc54ecfb3218d45d896eb267b1191,2014-10-18T21:16:15Z,TRUE,sábado,"(14,15]"
technicalpickles,a8a23963053218396146d7f1bd2ff557e434dbfc,2014-12-19T23:46:38Z,TRUE,sexta-feira,"(15,16]"
technicalpickles,f77ec0fd634802b90c5c48fec34b7dd08d975fbf,2014-10-29T14:21:36Z,TRUE,quarta-feira,"(7,8]"
technicalpickles,b9626e81024529f1b8a9935787901c6815d26a76,2014-12-05T23:00:00Z,TRUE,sexta-feira,"(15,16]"
technicalpickles,c01b161e5f4cb5d137fe1a90c202a0313eec3cf1,2015-08-24T16:26:46Z,TRUE,segunda-feira,"(9,10]"
technicalpickles,2bec3ff2965a4798032e37397a0dbc0885a3c12b,2014-08-22T04:31:51Z,TRUE,sexta-feira,"(21,22]"
technicalpickles,5eab111316b79df57969cfe35696c461a29760ce,2015-06-08T15:50:00Z,TRUE,segunda-feira,"(8,9]"
technicalpickles,7cc4fafa8b7731cf734072c622e21b342cf457ed,2015-03-13T21:02:03Z,TRUE,sexta-feira,"(14,15]"
technicalpickles,de5e6cddc3f747c1c4f8e562ba0c0c841a6bdd64,2015-04-03T21:47:35Z,TRUE,sexta-feira,"(14,15]"
technicalpickles,76907c0c37656bd940145c5e99e350d6f4ff0234,2014-01-13T17:08:06Z,TRUE,segunda-feira,"(9,10]"
technicalpickles,8125123739195dcdd2563961b83e1db6f525869d,2015-06-09T02:29:11Z,TRUE,terça-feira,"(19,20]"
technicalpickles,b5e6a8e9112da1fa76ed790eaf82b8b3682efa3e,2013-10-25T18:40:49Z,TRUE,sexta-feira,"(11,12]"
technicalpickles,94a1de12444ee0c4bb3b8275213a5651d8df961b,2013-07-06T14:27:35Z,TRUE,sábado,"(7,8]"
technicalpickles,3838ee136081aee3a63d00b04c7080b3f8d071bd,2012-09-21T05:14:55Z,TRUE,sexta-feira,"(22,23]"
technicalpickles,013a15f501b818145658b8ee2d033e7ce3ab6743,2014-08-19T15:02:46Z,TRUE,terça-feira,"(8,9]"
technicalpickles,51d5ca89e20abd2ed600e2c7a6135f327ea38590,2014-12-05T21:07:57Z,TRUE,sexta-feira,"(13,14]"
technicalpickles,92cc5869582673900a2c740ebe2815d6c788465d,2014-12-05T22:29:20Z,TRUE,sexta-feira,"(14,15]"
technicalpickles,b01a729b1c7520060676b732e0f8ffb69c9e7d54,2014-11-06T18:56:58Z,TRUE,quinta-feira,"(10,11]"
technicalpickles,449da81c2e6a0d39ecad67faacc13837f647de0f,2013-08-06T16:01:30Z,TRUE,terça-feira,"(9,10]"
technicalpickles,cdfc058070d435fe42a2500da3e0016dccda445d,2012-09-05T02:24:09Z,TRUE,quarta-feira,"(19,20]"
technicalpickles,420a1c3eabd7544d7d338c378cbc0046c8cccdcb,2013-03-09T20:36:46Z,TRUE,sábado,"(12,13]"
technicalpickles,ea2065072ba73231c120f0cde5e2398259e53da3,2015-09-16T00:09:47Z,TRUE,quarta-feira,"(17,18]"
technicalpickles,66ba91e581923df57e49c4ea0e1a80e74f44ec43,2014-08-22T02:12:43Z,TRUE,sexta-feira,"(19,20]"
technicalpickles,d53e399fa0a6a2f0b441aafb869d1640d12785e0,2017-06-23T21:46:29Z,TRUE,sexta-feira,"(14,15]"
technicalpickles,52e965a469c71d34e84f9d099a61ec5f1e500029,2015-08-24T16:25:57Z,TRUE,segunda-feira,"(9,10]"
technicalpickles,708a73e12f8d18518b7ae49047e77c1b322642a9,2014-08-22T00:53:18Z,TRUE,sexta-feira,"(17,18]"
technicalpickles,79a57d0b9213eaea776eb8243ce4feb744171ee0,2015-03-13T17:30:53Z,TRUE,sexta-feira,"(10,11]"
technicalpickles,f0f90342cbafd8e623190c619edc92b30badd3c6,2014-01-15T22:58:49Z,TRUE,quarta-feira,"(14,15]"
technicalpickles,6f27c3126515de49accfd972f15abbc835afd950,2013-05-02T15:10:50Z,TRUE,quinta-feira,"(8,9]"
technicalpickles,bd58793d97f8c89fcb35f51885d43a54e405097b,2013-12-07T18:55:03Z,TRUE,sábado,"(10,11]"
technicalpickles,a28d4277eae248a80737887683a8c339a818e6ae,2016-05-06T23:07:03Z,TRUE,sexta-feira,"(16,17]"
technicalpickles,2f7060a0bd355fba07a403453d2706444973cc35,2013-05-02T15:11:54Z,TRUE,quinta-feira,"(8,9]"
technicalpickles,af438b9fba4defe2a44c35462f1ab28ceab8a1cc,2015-03-13T22:04:54Z,TRUE,sexta-feira,"(15,16]"
technicalpickles,dec4856c570f82855209dfb9b02df566953218ab,2013-12-31T22:45:42Z,TRUE,terça-feira,"(14,15]"
technicalpickles,e8482d505c4a1e0693fb090bf7decc5b41e1fc6f,2013-07-18T04:11:02Z,TRUE,quinta-feira,"(21,22]"
technicalpickles,045de148e7c9c2738a8c44224073be8e5a626462,2014-08-22T03:16:48Z,TRUE,sexta-feira,"(20,21]"
technicalpickles,5f2f1a19cdf30c4394121295142144ff227c3051,2015-03-13T20:00:21Z,TRUE,sexta-feira,"(13,14]"
technicalpickles,fb7f5fbef777ae21195556b19d59f2e53fcd2cc9,2014-08-18T15:33:30Z,TRUE,segunda-feira,"(8,9]"
technicalpickles,1b6687bff090a99755c5dba6f89b331e05f563df,2013-12-31T18:11:41Z,TRUE,terça-feira,"(10,11]"
technicalpickles,e47323f2d1ab8994908ddfa38ec0bdc7e57597a1,2013-03-29T17:49:46Z,TRUE,sexta-feira,"(10,11]"
technicalpickles,c8280af4e169f1940a1da7e64e7c08adbafc6105,2013-07-07T20:54:08Z,TRUE,domingo,"(13,14]"
technicalpickles,3a582cff8b838735d44d9cf092e1cd353cc07142,2014-11-01T17:18:05Z,TRUE,sábado,"(10,11]"
technicalpickles,e678459ccc76042c52a0d0b0c072cce96d019b04,2014-07-24T14:29:07Z,TRUE,quinta-feira,"(7,8]"
technicalpickles,31f29c6b22ff28026a6e5afda48588748fe7862b,2015-03-09T01:38:05Z,TRUE,segunda-feira,"(18,19]"
technicalpickles,6657d3d370272bce034ea25aab37aa2cc4e93106,2013-07-06T18:04:32Z,TRUE,sábado,"(11,12]"
technicalpickles,51d6e0f1f1526d2d47051dc391ac367a6665fc27,2015-03-23T19:10:07Z,TRUE,segunda-feira,"(12,13]"
technicalpickles,b96ea30654ef2dbf93f710c6e310c909fa1bdd65,2014-09-03T20:48:59Z,TRUE,quarta-feira,"(13,14]"
technicalpickles,ce7ba5ec01dfd3800bb620b05bb9e662748968bd,2013-07-18T04:57:11Z,TRUE,quinta-feira,"(21,22]"
technicalpickles,fd2b6b1f9c8569fbe07a683049d19ff92ee1c597,2013-07-18T04:47:10Z,TRUE,quinta-feira,"(21,22]"
technicalpickles,d558ab218cfbea3f268f472df87a1ab3b7df96a1,2015-02-20T18:27:25Z,TRUE,sexta-feira,"(10,11]"
technicalpickles,c4a5e854e531cbf5932c73d137d4c7a9d0e90c9b,2013-10-29T21:34:05Z,TRUE,terça-feira,"(14,15]"
technicalpickles,91d75738708a1236b47c3876a40a89f221a5d522,2012-09-05T02:21:25Z,TRUE,quarta-feira,"(19,20]"
technicalpickles,0f9e83adb46cf489c5c32f28dea36189b400ab57,2013-04-23T15:02:14Z,TRUE,terça-feira,"(8,9]"
technicalpickles,36f415b8c212d0d2b046f01eb0eec250a45c38d7,2013-07-18T14:16:16Z,TRUE,quinta-feira,"(7,8]"
technicalpickles,e2851700fe2798fc36cb51aebea39f10efc1e0ff,2014-12-22T16:28:28Z,TRUE,segunda-feira,"(8,9]"
technicalpickles,5a45f187622ea856f8e199a474a22e3dbb20649c,2015-03-13T00:13:45Z,TRUE,sexta-feira,"(17,18]"
technicalpickles,f88a8fcc9da653a6d85fc98bbd4ac6a0e9a9812e,2012-09-21T05:17:00Z,TRUE,sexta-feira,"(22,23]"
technicalpickles,eacfeaaddda2ba89bbf8cb521620b44ac95ed2b7,2012-05-17T00:26:03Z,TRUE,quinta-feira,"(17,18]"
technicalpickles,614195f3355bc623e2345edb87bc38ee15e17c3f,2012-06-09T00:26:51Z,TRUE,sábado,"(17,18]"
technicalpickles,f250f952db04ec044f88f2d4d9d5a7bca6e70318,2015-08-24T14:56:09Z,TRUE,segunda-feira,"(7,8]"
technicalpickles,29bb0747af4cbcae2c1afd9f52a4fb13d9abd2c6,2015-03-07T00:30:16Z,TRUE,sábado,"(16,17]"
technicalpickles,aff09bf250b281b0c4b878aae1d03e85cfe8717c,2014-05-15T13:38:32Z,TRUE,quinta-feira,"(6,7]"
technicalpickles,fd0a38ecca1746b9f73be59e351450f327be6413,2012-05-16T02:59:46Z,TRUE,quarta-feira,"(19,20]"
technicalpickles,7562e245eb5fe229fc861bfe870c6117ae36093f,2014-12-05T23:07:30Z,TRUE,sexta-feira,"(15,16]"
technicalpickles,0b8d28b02d976b1bdcf05ef8f36213d63c4fe701,2016-01-08T23:48:41Z,TRUE,sexta-feira,"(15,16]"
technicalpickles,9b16be427f0b0981eeb8bec049744c9ad3cd4a0d,2013-03-09T17:13:19Z,TRUE,sábado,"(9,10]"
technicalpickles,dee1ee9299f30a3562c99229bc0d93be0258d998,2012-09-08T19:06:40Z,TRUE,sábado,"(12,13]"
technicalpickles,ca5109811756eb53cc421a33681b227355c22fe1,2015-07-17T20:33:17Z,TRUE,sexta-feira,"(13,14]"
technicalpickles,402af1db05c070dbe59967bfe83a9c8e759598aa,2014-10-16T21:01:06Z,TRUE,quinta-feira,"(14,15]"
technicalpickles,478125210b7218471f95536642af100e03a2e75f,2012-09-08T18:18:04Z,TRUE,sábado,"(11,12]"
technicalpickles,54c6be9a8857521964024a65a7d0358da82f3de6,2015-08-31T13:45:17Z,TRUE,segunda-feira,"(6,7]"
technicalpickles,1501a694b10cfb458b034d33478cd5be4532cd65,2015-04-28T14:37:09Z,TRUE,terça-feira,"(7,8]"
technicalpickles,9438f6d42f0777760a6660deba5f13ce11f48502,2014-01-24T17:01:49Z,TRUE,sexta-feira,"(9,10]"
technicalpickles,6c27217de19a154f43b0722b237489145dc7d39b,2014-05-15T13:43:24Z,TRUE,quinta-feira,"(6,7]"
technicalpickles,9a5f202a7cf05439b2ffbc4ceb58077af4f2f687,2013-12-31T17:40:13Z,TRUE,terça-feira,"(9,10]"
technicalpickles,467f64db204b6c3a33c48aa57c1599ffa85f0124,2014-04-01T20:29:30Z,TRUE,terça-feira,"(13,14]"
technicalpickles,f02da1ed008848d6caa5f9510f1aea10e9945bcd,2015-06-08T15:55:01Z,TRUE,segunda-feira,"(8,9]"
technicalpickles,64949e3ce02d239c8426bea01505d98e9d3220d8,2014-01-14T15:17:31Z,TRUE,terça-feira,"(7,8]"
technicalpickles,62510f808c57f35336f8488b2ad9f9ac1e961279,2017-05-12T20:35:03Z,TRUE,sexta-feira,"(13,14]"
technicalpickles,a2082e4c312f07260d234dcd84c1d5f12f37927f,2014-10-16T20:03:26Z,TRUE,quinta-feira,"(13,14]"
technicalpickles,6e72d93f4b43593d4c38d615a95e315c8a80761b,2014-08-22T04:32:04Z,TRUE,sexta-feira,"(21,22]"
technicalpickles,e282c40776fb130a753e4ba868cd0caf8eb8f458,2013-07-18T04:33:50Z,TRUE,quinta-feira,"(21,22]"
technicalpickles,a73b78711eb4e6a949290bb707bdcd2a5a699818,2014-12-22T22:18:46Z,TRUE,segunda-feira,"(14,15]"
technicalpickles,e3f007d067137dd7cd62f0e9806714c5009e4952,2015-03-09T02:23:39Z,TRUE,segunda-feira,"(19,20]"
technicalpickles,710aad4e08cbda9de172dddff8eaff9be39e05a7,2015-01-30T21:46:46Z,TRUE,sexta-feira,"(13,14]"
technicalpickles,ce3350ad47f0ec7dd1d7b4e8499032cefb38d642,2016-01-20T03:36:39Z,TRUE,quarta-feira,"(19,20]"
technicalpickles,e6102b252ae6b261284ee71c395ebbe8e6b82b89,2015-10-09T19:50:55Z,TRUE,sexta-feira,"(12,13]"
technicalpickles,6912f886f72a6eafa8e2a2b275e44bcebc20d72a,2014-11-01T17:01:56Z,TRUE,sábado,"(10,11]"
technicalpickles,59c0037dfb23959b70e3da8f9167a606dfcecfd7,2013-04-21T00:25:16Z,TRUE,domingo,"(17,18]"
technicalpickles,b89d821462d33426fa538703352e611782c3d617,2013-03-10T21:32:44Z,TRUE,domingo,"(14,15]"
technicalpickles,f2c7b0f57f0c06dd2ca28f150a6b1ad27be595e4,2013-12-12T14:57:54Z,TRUE,quinta-feira,"(6,7]"
technicalpickles,f91cdd142f8a1e1b9afb9f9df7b2f4708bdad58b,2014-02-10T16:46:29Z,TRUE,segunda-feira,"(8,9]"
technicalpickles,167b9525334437fe9bba61fc4e72f0917bfb4cea,2014-10-16T21:18:30Z,TRUE,quinta-feira,"(14,15]"
technicalpickles,21ebbac9a6d815eeb628c0b6f3e1becd440693e7,2015-08-24T14:01:01Z,TRUE,segunda-feira,"(7,8]"
technicalpickles,2704461613a672b5eb115e619aa579f9355cfa3e,2014-08-22T02:06:13Z,TRUE,sexta-feira,"(19,20]"
technicalpickles,f86301587108f0b309a137296a95dff64fd3c6d2,2012-05-13T20:58:00Z,TRUE,domingo,"(13,14]"
technicalpickles,4bb126b1caa3639d3b3fcb0c5d48094113d87ac1,2014-10-20T11:39:50Z,TRUE,segunda-feira,"(4,5]"
technicalpickles,cb23a956fb8465a1f1c67e23967a84513d904a48,2013-07-07T22:49:20Z,TRUE,domingo,"(15,16]"
technicalpickles,c85a569850b1729b59065dc40dc28e0803574166,2014-10-20T11:43:21Z,TRUE,segunda-feira,"(4,5]"
technicalpickles,cca9cf306d6f1e93ab235d038255e085775baa60,2015-02-20T18:23:45Z,TRUE,sexta-feira,"(10,11]"
technicalpickles,2841201b44e28747e5add6d23462b243641c9eb5,2016-01-09T00:11:33Z,TRUE,sábado,"(16,17]"
technicalpickles,8713e35bdc00747afc32976c4c038be650d49407,2014-12-22T16:40:04Z,TRUE,segunda-feira,"(8,9]"
technicalpickles,a451ac40d87ff4d6fa9550187c0ab204805553f4,2015-04-03T21:02:52Z,TRUE,sexta-feira,"(14,15]"
technicalpickles,53a215e507c2869b80f2ee29d9099e0ee13f3acb,2014-11-01T17:18:12Z,TRUE,sábado,"(10,11]"
technicalpickles,d6a4c9bccf93139f91a8c93ee83d2327667ba3f6,2014-08-22T01:36:17Z,TRUE,sexta-feira,"(18,19]"
technicalpickles,4bbe2f4490931ffd01955e73fe9f99dfcb017481,2016-01-20T04:28:42Z,TRUE,quarta-feira,"(20,21]"
technicalpickles,dd4abbce8e925a1ca94c077087f1c0fee97a73a0,2013-07-18T04:39:02Z,TRUE,quinta-feira,"(21,22]"
technicalpickles,93fa5b232443744964367f1d926babe025062752,2015-03-13T20:43:10Z,TRUE,sexta-feira,"(13,14]"
technicalpickles,a5178f5560251edcace24ca73956dbfcb9b3307f,2015-02-17T16:51:05Z,TRUE,terça-feira,"(8,9]"
technicalpickles,056d1cbe55a1c5f954e4175220a6e973e21b23ce,2015-03-13T19:07:33Z,TRUE,sexta-feira,"(12,13]"
technicalpickles,e28426c26f59ee6f2885044adcc87b31aabd2875,2014-09-25T00:17:09Z,TRUE,quinta-feira,"(17,18]"
technicalpickles,47a6711bd842d3302f29861d41b5de3e5c0153b8,2014-08-22T01:25:08Z,TRUE,sexta-feira,"(18,19]"
technicalpickles,f599f9dd6785d10d5ac7f6803311d1f51c19ef42,2013-07-19T14:34:28Z,TRUE,sexta-feira,"(7,8]"
technicalpickles,45d66981854a75fdc315233387fae022a99e1610,2014-10-29T15:14:55Z,TRUE,quarta-feira,"(8,9]"
technicalpickles,c14cb2819d2ff34f62eacf0c005374380cf18bbe,2016-05-06T22:55:40Z,TRUE,sexta-feira,"(15,16]"
technicalpickles,785d826019367fa3e44b4986e445ac8e501ba876,2014-11-01T17:01:56Z,TRUE,sábado,"(10,11]"
technicalpickles,1d2d3a241ca300bc3511d0ca0a29b6fc8cc4dedb,2015-03-13T00:39:32Z,TRUE,sexta-feira,"(17,18]"
technicalpickles,51cf314175588018b31768c3d54e3cfee07f5151,2015-05-26T17:18:14Z,TRUE,terça-feira,"(10,11]"
technicalpickles,32279e38e8addf429cdf7e66f9ffccb675ecf363,2015-03-23T16:21:45Z,TRUE,segunda-feira,"(9,10]"
technicalpickles,fbf01cd6a14baf5ebdd9845a59a89e0a1aec5b25,2015-03-13T20:29:23Z,TRUE,sexta-feira,"(13,14]"
technicalpickles,5e8f1ff24f85f7fd84c037e3079f816e5030fe20,2016-01-20T03:47:10Z,TRUE,quarta-feira,"(19,20]"
technicalpickles,280ffa7c92be3315462eba76ff6a93e22648759b,2015-03-12T23:12:05Z,TRUE,quinta-feira,"(16,17]"
technicalpickles,d3868a7ad0122e78047913662f4435704f4b8811,2014-11-01T17:17:51Z,TRUE,sábado,"(10,11]"
technicalpickles,a4b497e9060046a03756ca369e9ac280796339d9,2015-06-09T02:17:09Z,TRUE,terça-feira,"(19,20]"
technicalpickles,e5a18aa132f0bb1f9e991d2f226ce356946868b1,2015-03-23T15:56:18Z,TRUE,segunda-feira,"(8,9]"
technicalpickles,d3ed84590250a04c6af37928e35fb92ea2bbc19d,2015-08-24T15:21:04Z,TRUE,segunda-feira,"(8,9]"
technicalpickles,3f59d624cf38aa0d9abe0ad1501e07a8b7f699e1,2013-12-17T02:48:41Z,TRUE,terça-feira,"(18,19]"
technicalpickles,ed66e4578ef3df655c05925dbe7c6a791c5ed4be,2015-03-13T21:19:16Z,TRUE,sexta-feira,"(14,15]"
technicalpickles,003a11815a92ef54c5a28238e0f9d6d976919ab8,2015-03-13T17:22:35Z,TRUE,sexta-feira,"(10,11]"
technicalpickles,fa1626fb8ce3972bc15b008b749d612de75955cd,2013-08-16T14:13:54Z,TRUE,sexta-feira,"(7,8]"
technicalpickles,204e443786dd69431c36205c418837307834c9d6,2015-06-10T22:14:44Z,TRUE,quarta-feira,"(15,16]"
technicalpickles,c022fcbff21ddda8cecc631897a693954146dd35,2013-04-23T14:59:35Z,TRUE,terça-feira,"(7,8]"
technicalpickles,5700358c32813a871e99a28b156fb3c5d6ceb123,2013-03-09T19:14:10Z,TRUE,sábado,"(11,12]"
technicalpickles,9d15d0ad4a3c8577bf6afe73004832f209d70166,2015-03-09T02:02:29Z,TRUE,segunda-feira,"(19,20]"
technicalpickles,6e1b67f7a125e3c72fc0d6a1b0b281b350b6d3d3,2014-04-20T22:32:00Z,TRUE,domingo,"(15,16]"
technicalpickles,12d642e8b9ce09fbfe25f97358c4aa7f91cbbfab,2014-09-11T03:39:13Z,TRUE,quinta-feira,"(20,21]"
technicalpickles,3f00e8fe97a193ab3a906d3d340e6b7fa12c3503,2013-12-31T19:26:05Z,TRUE,terça-feira,"(11,12]"
technicalpickles,ff14d1e505c3fd3afd9820a8bdb33e2122d3f112,2014-07-24T15:06:50Z,TRUE,quinta-feira,"(8,9]"
technicalpickles,e0df0d4904179e6ee28a3e4cf742fbab8e10aa9b,2014-12-22T22:19:24Z,TRUE,segunda-feira,"(14,15]"
technicalpickles,1cadeff1e8682d26ae4bcb947ca1dd5e97385bc1,2013-07-07T16:42:21Z,TRUE,domingo,"(9,10]"
technicalpickles,e4ae5603eb94a8d1851e427232bd45e966fef584,2013-04-23T15:14:17Z,TRUE,terça-feira,"(8,9]"
technicalpickles,831c5e3797d8e882ee3749b2325dfe73bfa3da4e,2012-09-08T19:25:30Z,TRUE,sábado,"(12,13]"
technicalpickles,b5b6e0530a06b51f2d7cb9a9a1b9f127ca315ff5,2015-01-23T18:04:18Z,TRUE,sexta-feira,"(10,11]"
technicalpickles,f051f27a6f2a463993516f962124ce751a721aa1,2013-08-15T14:17:41Z,TRUE,quinta-feira,"(7,8]"
technicalpickles,77def0ac2d448509d1905c71b31f89caa5537607,2013-07-19T14:51:56Z,TRUE,sexta-feira,"(7,8]"
technicalpickles,d7be6914173b40cca44955f53a9d826ce5666150,2015-05-26T17:17:57Z,TRUE,terça-feira,"(10,11]"
technicalpickles,72543b3b557ee4d2d0ac04db6b34ed89804483bb,2014-08-22T01:26:40Z,TRUE,sexta-feira,"(18,19]"
technicalpickles,da8777f3766fc4cc4886e47de6b4f32cfb3f120c,2013-07-21T01:18:50Z,TRUE,domingo,"(18,19]"
technicalpickles,ad35e6930da9cf3f6edf45f4c1d713a84b125021,2014-12-19T23:02:07Z,TRUE,sexta-feira,"(15,16]"
technicalpickles,a19d51f42955fe02a2ba9e05d38bb1a39a0e0260,2013-07-31T17:20:28Z,TRUE,quarta-feira,"(10,11]"
technicalpickles,b35bb6f0589b189129ce4e4612049c681bdbda81,2015-03-13T19:56:22Z,TRUE,sexta-feira,"(12,13]"
technicalpickles,7b9a495f8e25130721d305c3e42b786b11d94239,2015-06-08T15:52:56Z,TRUE,segunda-feira,"(8,9]"
technicalpickles,5e0c98e949199a4cd14aed2c045fe548f29e2e7d,2014-10-23T02:16:39Z,TRUE,quinta-feira,"(19,20]"
technicalpickles,a6927015ae8fb25279b5b59b6651cd7cb2539c11,2014-10-29T15:28:37Z,TRUE,quarta-feira,"(8,9]"
technicalpickles,994d33a37e5e33ace1dfd81cf1c0bf6d189e2864,2015-01-30T23:20:58Z,TRUE,sexta-feira,"(15,16]"
technicalpickles,ec7ad69fc7bb2131b74719a798f6b0d3be6a8942,2014-10-20T11:38:00Z,TRUE,segunda-feira,"(4,5]"
technicalpickles,69d49db0f76de080805b2959ef265eb7f1d19539,2014-10-16T21:20:15Z,TRUE,quinta-feira,"(14,15]"
technicalpickles,a92d55a2b80eb942bdd3d289234d26cd0c486ece,2014-05-15T00:52:33Z,TRUE,quinta-feira,"(17,18]"
technicalpickles,e1f67ccc5ca38a1e78cbcf53a744f3f9da78a286,2014-12-19T23:35:48Z,TRUE,sexta-feira,"(15,16]"
technicalpickles,27aa3d78c1c9c9ae1cd3da4e7a22ac3c047d43e8,2013-07-18T04:46:30Z,TRUE,quinta-feira,"(21,22]"
technicalpickles,04b97eada0018bfc049d88f47b91bce15e54f1bc,2014-05-15T13:47:44Z,TRUE,quinta-feira,"(6,7]"
technicalpickles,cca93dfe41d99ac464c55b546942fe3ea10ddaa0,2014-11-07T17:30:16Z,TRUE,sexta-feira,"(9,10]"
technicalpickles,1cad06722097e8229fb6ac59d9a842b627d44719,2013-07-24T03:04:35Z,TRUE,quarta-feira,"(20,21]"
technicalpickles,0f37b55d7abc9bceee02c85383f480b5b00e015b,2016-02-26T19:50:30Z,TRUE,sexta-feira,"(11,12]"
technicalpickles,a9f42006c792f42cd1ee46d1e6e0cc945c21458b,2013-04-23T15:44:49Z,TRUE,terça-feira,"(8,9]"
technicalpickles,7f5f208ae13007fbd83f9937521a52e2fac753b4,2014-09-11T03:36:44Z,TRUE,quinta-feira,"(20,21]"
technicalpickles,bf91539f52ca0c8c1dad14fb317ffdcb2ba6b8a6,2013-07-19T20:08:47Z,TRUE,sexta-feira,"(13,14]"
technicalpickles,a0768785e7c973ff13bc88e37054f177cdad5709,2016-02-25T23:00:29Z,TRUE,quinta-feira,"(15,16]"
technicalpickles,a9a6c704560dd2be2286289bee3b88d1b9591076,2013-12-28T03:26:08Z,TRUE,sábado,"(19,20]"
technicalpickles,d1f5e1445b6d70a940b64f289c7fc7d0270dee72,2014-10-16T21:01:17Z,TRUE,quinta-feira,"(14,15]"
technicalpickles,8e8176f7908a3d558681bc98d0727c310127b59a,2012-05-29T23:51:34Z,TRUE,terça-feira,"(16,17]"
technicalpickles,445d88eef000c19bab948f3474dc63e4a017d3e1,2013-12-31T18:00:50Z,TRUE,terça-feira,"(10,11]"
technicalpickles,ed1dc3c590b5beca3642b742bd0697a2ee8fd1ef,2015-05-26T16:33:27Z,TRUE,terça-feira,"(9,10]"
technicalpickles,eba1628c509321dbf5e6c16dec8b297434a472a6,2014-12-22T22:23:23Z,TRUE,segunda-feira,"(14,15]"
technicalpickles,ed25584f5ac2520a6c28547ffd0961c7abd7ea49,2012-09-08T20:27:31Z,TRUE,sábado,"(13,14]"
technicalpickles,db84cdd8092c82791dd142b01a626f6033f37505,2016-01-20T03:41:49Z,TRUE,quarta-feira,"(19,20]"
technicalpickles,f96a9b25b7d9077ab8cda34e47fc5a4de132bfef,2014-08-22T04:00:43Z,TRUE,sexta-feira,"(21,22]"
technicalpickles,555cec5c4861322852aa06c9b7258cb67ff13fb5,2013-07-18T04:55:27Z,TRUE,quinta-feira,"(21,22]"
technicalpickles,4695ab96fb3d270dc4eb4373a265711aaa189742,2014-08-22T13:31:45Z,TRUE,sexta-feira,"(6,7]"
technicalpickles,d9ef9897f49e69162aab2a63ec98d1bf211df009,2013-10-04T18:48:00Z,TRUE,sexta-feira,"(11,12]"
technicalpickles,81d4f195b3d0f76494e4670d15350be1b127180f,2014-08-22T02:05:00Z,TRUE,sexta-feira,"(19,20]"
technicalpickles,3756d3037f06523ad6c753deae5a590952256cba,2016-01-08T23:34:57Z,TRUE,sexta-feira,"(15,16]"
technicalpickles,b3bd613eea449b3da97898eeb59675a1de59f236,2016-02-17T16:57:41Z,TRUE,quarta-feira,"(8,9]"
technicalpickles,e5523f0cf91732a15411413d2c8dc1c5fbf4241b,2014-09-11T03:39:53Z,TRUE,quinta-feira,"(20,21]"
technicalpickles,c41a6a0d7cf798b0dc120cfdb4913d674b8bcfc7,2015-08-24T15:06:54Z,TRUE,segunda-feira,"(8,9]"
technicalpickles,fda0a06abc3db0c2c00388c297d1a6f11b106c24,2015-02-17T01:13:45Z,TRUE,terça-feira,"(17,18]"
technicalpickles,8cbac1b7722df7595846316b58d2608d3ca4fcc2,2014-05-19T14:41:43Z,TRUE,segunda-feira,"(7,8]"
technicalpickles,9913ca736eead304e99adec799215d10020dc723,2015-08-28T13:41:31Z,TRUE,sexta-feira,"(6,7]"
technicalpickles,9fe938f35362e20f7c0e3da57370a3ec9bc5a490,2016-01-20T18:49:22Z,TRUE,quarta-feira,"(10,11]"
technicalpickles,037b0363693ae0cf06328022c8bfb6938e6ea186,2015-06-05T19:22:51Z,TRUE,sexta-feira,"(12,13]"
technicalpickles,f1ba057b86ae916b5d62a7b287159649b6e3db89,2015-03-07T00:34:47Z,TRUE,sábado,"(16,17]"
technicalpickles,8d0728b704d3a2aec79092feb6f0152fefb05fd7,2014-10-16T21:19:28Z,TRUE,quinta-feira,"(14,15]"
technicalpickles,528b8bb61610d9b47340bc0f4ece5e3482fa0852,2013-07-26T02:47:14Z,TRUE,sexta-feira,"(19,20]"
technicalpickles,a350eabd8fe924a1251603b7a6c34f53961ab20b,2015-03-13T21:04:24Z,TRUE,sexta-feira,"(14,15]"
technicalpickles,44df44489de0e28d6c27d9c31832ce3c3813dfaa,2014-02-17T19:08:43Z,TRUE,segunda-feira,"(11,12]"
technicalpickles,34d2f58398a95505280b6a4ad213c0ea00c0bbaf,2014-07-24T14:58:40Z,TRUE,quinta-feira,"(7,8]"
technicalpickles,7a4df8acc3dc7e5926a9f89e21742320bf0e2343,2013-12-31T17:22:13Z,TRUE,terça-feira,"(9,10]"
technicalpickles,845fdb82f589baacb5706fa32fe2789b13585287,2014-12-05T21:07:57Z,TRUE,sexta-feira,"(13,14]"
technicalpickles,9fa61d6aaa11a510374d0e71cd9de478c0dcd07d,2014-08-22T01:36:29Z,TRUE,sexta-feira,"(18,19]"
technicalpickles,2078ea84ae06e34e6d41adf3a16242b10f394e1d,2013-05-02T14:58:29Z,TRUE,quinta-feira,"(7,8]"
technicalpickles,3b84b4e1db4eee01f9aa04163de453b510a3e63b,2015-02-17T01:16:50Z,TRUE,terça-feira,"(17,18]"
technicalpickles,8b9b08b5a350237c0cb77f0de3c062d93d651d06,2015-02-20T16:13:38Z,TRUE,sexta-feira,"(8,9]"
technicalpickles,a190b2be30733e852f32337a28a573e388290c5f,2014-05-19T13:36:03Z,TRUE,segunda-feira,"(6,7]"
technicalpickles,fefc9abcc5b486eb17027cd4cf4eafc3d6ae7b1c,2015-03-09T02:33:13Z,TRUE,segunda-feira,"(19,20]"
technicalpickles,151169d64d875d21bab8fc5354ec6bbed8af578b,2014-10-27T17:58:45Z,TRUE,segunda-feira,"(10,11]"
technicalpickles,09d072011a0597998ea63654329432f5be839c7c,2014-04-15T19:19:40Z,TRUE,terça-feira,"(12,13]"
technicalpickles,f5ca36805c69b28a39abe29df1a67c9bc236a3df,2015-03-13T19:02:19Z,TRUE,sexta-feira,"(12,13]"
technicalpickles,6120f0e1a79ffa8cc5443080acd1a5c93a457962,2015-03-09T02:01:04Z,TRUE,segunda-feira,"(19,20]"
technicalpickles,fe09c1db84f7aecc32ea6c25e5d51d8db523aad0,2013-09-26T23:20:34Z,TRUE,quinta-feira,"(16,17]"
technicalpickles,54a8522be4a20cac34e86edb49e8d1ba78e79613,2015-03-18T15:13:30Z,TRUE,quarta-feira,"(8,9]"
technicalpickles,fe93fc0df51e5b3968bd1e185dbc5f5262259efc,2014-09-25T00:21:39Z,TRUE,quinta-feira,"(17,18]"
technicalpickles,717ac8fd40cf39fdcae81dbc21061f4032350cd2,2012-09-08T18:43:16Z,TRUE,sábado,"(11,12]"
technicalpickles,4ab35c301bbfcea76801c845310b58a62fde02f2,2012-05-29T23:55:37Z,TRUE,terça-feira,"(16,17]"
technicalpickles,8d802e7d37a5e37d8801cfa43e4ee104f3597b1d,2015-06-05T20:43:07Z,TRUE,sexta-feira,"(13,14]"
technicalpickles,c209c3a5413964f434c3535c5f282d7c4c32f7d6,2016-01-20T03:46:37Z,TRUE,quarta-feira,"(19,20]"
technicalpickles,73742b93310f8451d093433c00aa0e80f88dd31f,2013-07-22T14:24:03Z,TRUE,segunda-feira,"(7,8]"
technicalpickles,3ea87ddb40c58e1438a1f82c4d8fbfa224f931af,2014-05-15T13:28:03Z,TRUE,quinta-feira,"(6,7]"
technicalpickles,42da5c0d6b11c283b70ee173bef34529fc7dbbd5,2015-03-12T23:13:14Z,TRUE,quinta-feira,"(16,17]"
technicalpickles,20d4143a06ce81b434d856a6ae34cf54148cf04d,2013-12-07T18:54:46Z,TRUE,sábado,"(10,11]"
technicalpickles,51336680f69dce48744121a0c4a62cc28b1d2b56,2014-04-01T21:48:10Z,TRUE,terça-feira,"(14,15]"
technicalpickles,98f475313ad363bbc36b25d26585091169061a06,2013-04-23T15:08:45Z,TRUE,terça-feira,"(8,9]"
technicalpickles,3e21b807737b58735b3f9ef763dd44e2c7e0f698,2013-04-29T21:31:35Z,TRUE,segunda-feira,"(14,15]"
technicalpickles,71d1c686d9ffdfad54751080c699979fa17190a1,2014-11-07T23:56:45Z,TRUE,sexta-feira,"(15,16]"
technicalpickles,d829898ba9524b0d4346e486809bf0c5e379cd2f,2015-08-24T14:05:15Z,TRUE,segunda-feira,"(7,8]"
technicalpickles,652d5f285aa80c210719bdba852ff77dbd330fd8,2013-07-19T15:36:56Z,TRUE,sexta-feira,"(8,9]"
technicalpickles,702bf154f1778bc950322fc464c56cadaf0a7e5a,2013-12-07T19:02:30Z,TRUE,sábado,"(11,12]"
technicalpickles,94769e25865ac2022395c59ea323ff0c13d2700c,2013-08-06T17:46:37Z,TRUE,terça-feira,"(10,11]"
technicalpickles,b43602b738d7747db7d6a2daf93a6ff70ea134d6,2015-02-20T18:40:01Z,TRUE,sexta-feira,"(10,11]"
technicalpickles,4571d541ade89f8fccec1ff2b2c851c1ffb6eb6e,2012-10-27T04:26:08Z,TRUE,sábado,"(21,22]"
technicalpickles,eb65c5ef81c86739f2aa102ec266229e8f72a36b,2014-10-29T14:23:05Z,TRUE,quarta-feira,"(7,8]"
technicalpickles,352ccad9173e17c5bf61ee69aaaa25136a5268cf,2014-07-15T22:10:47Z,TRUE,terça-feira,"(15,16]"
technicalpickles,3463f93c0fffe5b54f3448e19748b1a6f5ee52dd,2015-04-03T20:04:53Z,TRUE,sexta-feira,"(13,14]"
technicalpickles,dc02afe7f5336c1fe9997be45eb51af7f611d9f5,2015-08-24T16:05:25Z,TRUE,segunda-feira,"(9,10]"
technicalpickles,5ec8f375f3ac97e9df6e45c6b459d42025b74694,2015-04-03T21:36:07Z,TRUE,sexta-feira,"(14,15]"
technicalpickles,58eb23c87e6b4b637fdad73308f4c7d48686f2af,2015-04-10T21:02:25Z,TRUE,sexta-feira,"(14,15]"
technicalpickles,3e5ebd6cc3ad029e6e27d58b0882039e05a978ee,2013-07-18T04:28:35Z,TRUE,quinta-feira,"(21,22]"
technicalpickles,c2ce9c547c37d83ce217f19a48763cdeecdd9e6f,2013-07-18T04:38:41Z,TRUE,quinta-feira,"(21,22]"
technicalpickles,2885a4d77f345da7ba6ef774b9e90ec77282d734,2013-04-23T15:16:23Z,TRUE,terça-feira,"(8,9]"
technicalpickles,fbca8dae4c93143bfaee56d08aafc60ea16ebf8d,2014-10-29T15:03:52Z,TRUE,quarta-feira,"(8,9]"
technicalpickles,438dd87b129687273988ac62e6633ab365407668,2016-01-09T00:14:15Z,TRUE,sábado,"(16,17]"
technicalpickles,9dfaab05967bf9a7bd034bee1fbd05ebde84fbd5,2015-04-03T21:31:43Z,TRUE,sexta-feira,"(14,15]"
technicalpickles,075463533822464a97c6460dc95bfbcbe80dee3e,2014-07-24T14:30:03Z,TRUE,quinta-feira,"(7,8]"
technicalpickles,154d832d1a4fee271da5948aa9bcb4c4762ad944,2014-01-10T16:09:19Z,TRUE,sexta-feira,"(8,9]"
technicalpickles,ff75500529ccc6283b0cc87ecfa24f21655f14c2,2015-03-13T21:20:47Z,TRUE,sexta-feira,"(14,15]"
technicalpickles,56e51f2790a3285b19a71e19b2004a2c918ca94d,2013-04-30T14:59:04Z,TRUE,terça-feira,"(7,8]"
technicalpickles,358560103de2508bae9be7b7570f4446133aa9c6,2015-03-13T17:49:11Z,TRUE,sexta-feira,"(10,11]"
technicalpickles,d82e42c85a2ca40d76260280cd1019e851d74d99,2014-09-25T00:50:26Z,TRUE,quinta-feira,"(17,18]"
technicalpickles,c7b68424c7ea1a1db757d5358a38199fd523a158,2016-01-09T00:07:58Z,TRUE,sábado,"(16,17]"
technicalpickles,fd43b0055e40c9740505fa1b65337ec8ab494197,2013-03-09T16:44:56Z,TRUE,sábado,"(8,9]"
technicalpickles,3baadb079e37afe5828d86ca610c4cbed8a6750e,2013-04-21T00:45:43Z,TRUE,domingo,"(17,18]"
technicalpickles,ede354fa918459ad0736db7b7f00a162900a38b2,2015-02-17T01:11:50Z,TRUE,terça-feira,"(17,18]"
technicalpickles,14b528ff1a28eefb80ad246a250263648f98442d,2014-12-22T17:03:56Z,TRUE,segunda-feira,"(9,10]"
technicalpickles,ab57f59b9f371516754c53f0ecee474126a3c529,2014-12-19T23:59:56Z,TRUE,sexta-feira,"(15,16]"
technicalpickles,77a6c8562c1b1ca95afe82efca8ee28e1249f140,2014-10-18T21:16:33Z,TRUE,sábado,"(14,15]"
technicalpickles,05943155d3b0412ea3d32be2352424a0155b8e0b,2014-12-22T21:48:50Z,TRUE,segunda-feira,"(13,14]"
technicalpickles,f518a0cd5378fcf01506545a125cfd66eab4ac79,2016-05-06T20:28:35Z,TRUE,sexta-feira,"(13,14]"
technicalpickles,49cf888b696e0ed9c810e7f361598aac1d97e9da,2014-10-29T15:14:55Z,TRUE,quarta-feira,"(8,9]"
technicalpickles,8af01a89e34bb264f0eb1d96099484f2d0da40b9,2015-03-13T21:44:30Z,TRUE,sexta-feira,"(14,15]"
technicalpickles,e2e25fa714354cfc985723e22c8eadcdda6fc941,2016-01-20T03:45:01Z,TRUE,quarta-feira,"(19,20]"
technicalpickles,d447398d0c20fa01a00e21e225afa4b227fc33e6,2014-10-23T02:35:13Z,TRUE,quinta-feira,"(19,20]"
technicalpickles,c9f0bb4fcf7b285aaa929524e8ad8172500e4411,2014-10-29T15:24:44Z,TRUE,quarta-feira,"(8,9]"
technicalpickles,eb1604aa2b530b43cf20cd08d5f069a0578c1ea7,2014-12-22T16:35:20Z,TRUE,segunda-feira,"(8,9]"
technicalpickles,e088699ec938d998a1375e9e7c50025756aa5d50,2013-07-19T20:06:40Z,TRUE,sexta-feira,"(13,14]"
technicalpickles,fc7423136808e78a868cb9ebdbb49abe2588bda6,2013-03-10T19:48:41Z,TRUE,domingo,"(12,13]"
technicalpickles,32c37c56afa758d21bf84281b5ef0e29728434f4,2015-06-08T15:53:11Z,TRUE,segunda-feira,"(8,9]"
technicalpickles,8418e8dcac796803aaf7eeb0d63d70e8af19cc8f,2013-07-18T04:35:47Z,TRUE,quinta-feira,"(21,22]"
technicalpickles,72526c081ed96fd6f2ddadf146909d71f1f52e28,2014-10-18T20:07:51Z,TRUE,sábado,"(13,14]"
technicalpickles,2283d7f61615bd78e1420b1734f71a9177b3bd77,2014-10-08T14:06:05Z,TRUE,quarta-feira,"(7,8]"
technicalpickles,35eccead5cd7b31bde4072fbfed686a3cfdbd4bf,2013-07-06T18:04:07Z,TRUE,sábado,"(11,12]"
technicalpickles,345da4c59475b36b5d73c1c481be45f8ec578440,2015-01-05T17:20:14Z,TRUE,segunda-feira,"(9,10]"
technicalpickles,8063e4288226ac811fd35440178d6db9a7f50b13,2016-01-08T23:55:12Z,TRUE,sexta-feira,"(15,16]"
technicalpickles,191622d64621988c2fb66c06e5a82e223dd580bf,2013-12-31T15:03:26Z,TRUE,terça-feira,"(7,8]"
technicalpickles,1a916271cccffd3ab4815094fb3ec090d9b6e574,2012-09-08T18:54:57Z,TRUE,sábado,"(11,12]"
technicalpickles,cd0384c3bba591c03fa96a82bc1131885ec9f7f8,2013-03-10T19:46:13Z,TRUE,domingo,"(12,13]"
technicalpickles,7a3462fb57e448fd423e779dd16405d3cdf45365,2014-10-21T00:14:09Z,TRUE,terça-feira,"(17,18]"
technicalpickles,7adbd7b9bf5ba7fb107fedb416c64b2fb7675af5,2014-10-29T14:36:08Z,TRUE,quarta-feira,"(7,8]"
technicalpickles,92661a8c997e58d0a2ecbd6a19d7b504eddf995c,2016-01-20T13:50:01Z,TRUE,quarta-feira,"(5,6]"
technicalpickles,c5babd86cead2cb2896206a71d4072451f50fb2a,2015-03-13T17:17:56Z,TRUE,sexta-feira,"(10,11]"
technicalpickles,21e6c77ddbc432e649463f7bf63d5e7ddc802b71,2014-01-01T19:21:53Z,TRUE,quarta-feira,"(11,12]"
technicalpickles,4508b5a4c2b04a676dd362cb9c8f62dd2b35a683,2014-08-22T04:08:34Z,TRUE,sexta-feira,"(21,22]"
technicalpickles,e03d6615422541f2c0b007361abc09d6a76f7d05,2013-07-18T04:38:08Z,TRUE,quinta-feira,"(21,22]"
technicalpickles,e549c7798615fb6162b95c7e78d26b982a77a0e2,2013-12-17T15:23:26Z,TRUE,terça-feira,"(7,8]"
technicalpickles,40409ebe296e6736b7cb786fb54ab78e88ffe19c,2015-04-27T17:40:56Z,TRUE,segunda-feira,"(10,11]"
technicalpickles,9543a6cd61e64356afc6f20ae7630789fa8e6e96,2015-03-09T02:28:13Z,TRUE,segunda-feira,"(19,20]"
technicalpickles,aa35bccf6c52407e393c92462ed079de58f9bdd2,2013-12-31T17:39:58Z,TRUE,terça-feira,"(9,10]"
technicalpickles,46f12074b48ddef931b49b57ac9542775d95611d,2013-04-24T14:57:05Z,TRUE,quarta-feira,"(7,8]"
technicalpickles,738fbf8229a5b40c308a1ab032eb12135f5ab4c8,2013-10-29T21:26:53Z,TRUE,terça-feira,"(14,15]"
technicalpickles,29e101677eb2c351dac6c681bf6054f4590ef8d3,2014-11-20T20:06:40Z,TRUE,quinta-feira,"(12,13]"
technicalpickles,6b760ba4adefefbf05e30262f6c05a96fee48890,2014-12-22T21:05:27Z,TRUE,segunda-feira,"(13,14]"
technicalpickles,8133d7310241caf1663593b709d68e81c1cad56f,2014-11-01T17:18:05Z,TRUE,sábado,"(10,11]"
technicalpickles,2fd15ae7d340741ca081e77a8328c2fe4a617722,2014-07-24T15:11:52Z,TRUE,quinta-feira,"(8,9]"
technicalpickles,96df6a84dc2721992506b85ad42cfc7d4b87ffaa,2013-04-29T21:46:07Z,TRUE,segunda-feira,"(14,15]"
technicalpickles,cb9ddb1c410281788a75126e6d2c772cfd6e1eaf,2016-01-20T03:37:04Z,TRUE,quarta-feira,"(19,20]"
technicalpickles,b48bd6eba4cec4d00a774e3b6388c6c0cfd96917,2016-01-20T03:56:26Z,TRUE,quarta-feira,"(19,20]"
technicalpickles,cc7ff8c76a8766c7ab15c3349ffd096621066f5b,2014-10-29T14:48:20Z,TRUE,quarta-feira,"(7,8]"
technicalpickles,ca4376b4c37d111ea6605ff749aee78ca4d203b9,2014-09-25T00:23:03Z,TRUE,quinta-feira,"(17,18]"
technicalpickles,b0ef7a0ba23a767f968d4d7dd06bac8fe4f49d49,2013-07-06T20:21:45Z,TRUE,sábado,"(13,14]"
technicalpickles,fb7c31754bc80b446d43489b48cdebf958ca133e,2013-07-06T18:04:20Z,TRUE,sábado,"(11,12]"
technicalpickles,f4db60c23764400e1343fb894593575d2d823fa9,2015-02-14T00:09:15Z,TRUE,sábado,"(16,17]"
technicalpickles,2ca3d4cf7fcc6584638e1a7376e6bdf1e615c7ca,2014-01-08T18:18:41Z,TRUE,quarta-feira,"(10,11]"
technicalpickles,06c175fa1935668b936b42774658f41083ccd24e,2014-12-20T00:04:32Z,TRUE,sábado,"(16,17]"
technicalpickles,11394b508183025b322c92d9e8a64a9368749d60,2015-03-09T14:46:01Z,TRUE,segunda-feira,"(7,8]"
technicalpickles,77ba88051b192e2b10534645329a54c64509d460,2014-10-29T14:09:33Z,TRUE,quarta-feira,"(7,8]"
technicalpickles,05aeb940cdc8837dd29fa2226d0062c0c9fd6993,2014-05-15T13:25:59Z,TRUE,quinta-feira,"(6,7]"
technicalpickles,e21b01f419c94b8bde5dfebec10702cbcfe33c20,2013-03-10T21:37:46Z,TRUE,domingo,"(14,15]"
technicalpickles,fdf6229562af45901dac4e13153b10082db66fb5,2014-10-29T14:21:36Z,TRUE,quarta-feira,"(7,8]"
technicalpickles,c0f6bdf947c5271c2cac5d48730320b129c2e44f,2016-05-06T23:12:35Z,TRUE,sexta-feira,"(16,17]"
technicalpickles,6c3a4589f56d0aaf00827b2c9b5771f7a9fe755b,2013-04-23T15:00:01Z,TRUE,terça-feira,"(8,9]"
technicalpickles,924c48fdac385291ea37ed9cc12760a8ccecc2ef,2014-04-15T17:56:54Z,TRUE,terça-feira,"(10,11]"
technicalpickles,1b4c8909635cb3b34163698803f2f245fd3dfccd,2015-06-05T19:46:27Z,TRUE,sexta-feira,"(12,13]"
technicalpickles,fb70c259826f115f9314a4e55612279010223b80,2013-08-07T19:07:32Z,TRUE,quarta-feira,"(12,13]"
technicalpickles,a715457d078cba73debe684b505be95132a9dc13,2016-05-06T22:51:49Z,TRUE,sexta-feira,"(15,16]"
technicalpickles,feeb42523ad07743b9c4719753e3f49ac01836e9,2015-03-13T20:56:53Z,TRUE,sexta-feira,"(13,14]"
technicalpickles,500ea3b56127730ccbb0cf621a5eef4056481c49,2015-03-09T02:25:09Z,TRUE,segunda-feira,"(19,20]"
technicalpickles,ec21abefec950c89decf796c339af34c966607d3,2014-06-10T18:28:27Z,TRUE,terça-feira,"(11,12]"
technicalpickles,7f94fe0b8af1a82225d84dba7c5767b11c9343c3,2012-10-06T00:39:21Z,TRUE,sábado,"(17,18]"
technicalpickles,8969d16e1b6514ee94572d1f826b2e172a99957a,2016-01-11T00:30:32Z,TRUE,segunda-feira,"(16,17]"
technicalpickles,4c6e59353b0442222c4180c6c281dfb949e07e94,2014-10-20T12:35:34Z,TRUE,segunda-feira,"(5,6]"
technicalpickles,f0466f289a9582f9dd5f40745596ff54425e8f16,2013-07-07T21:23:28Z,TRUE,domingo,"(14,15]"
technicalpickles,4dff9f7eba4c3a28f62efdb6d01b3c3440bf045c,2014-08-22T00:54:29Z,TRUE,sexta-feira,"(17,18]"
technicalpickles,91a48bda2dddc1252744b4947de01c6ff59fb375,2013-07-07T21:06:57Z,TRUE,domingo,"(14,15]"
technicalpickles,9b3ab0ec40ac9423b7f54084f3957f6a6efeb79e,2015-03-07T00:26:06Z,TRUE,sábado,"(16,17]"
technicalpickles,01cfba0fa6b78d284bf812f47e2be433d14839f1,2016-01-09T00:08:50Z,TRUE,sábado,"(16,17]"
technicalpickles,918ca403ccdc4beae08484339036ea3fc5ed80bf,2013-10-29T21:55:46Z,TRUE,terça-feira,"(14,15]"
technicalpickles,2b5afda1c3c74177a638e07d74971fb7ad11842d,2013-12-07T18:58:29Z,TRUE,sábado,"(10,11]"
technicalpickles,7b39d7c39f6c1d8a95c6a14b02ae265679740b05,2014-11-25T22:58:26Z,TRUE,terça-feira,"(14,15]"
technicalpickles,f8129ec6d5f719be9ae30fc44c53b5162f9fbe3c,2014-05-15T13:18:31Z,TRUE,quinta-feira,"(6,7]"
technicalpickles,547c331d7d4c3c0abcae34c2cbac31befc400e7c,2013-07-07T21:06:38Z,TRUE,domingo,"(14,15]"
technicalpickles,b9adae69b3aa6864273044e99d66553499c9040d,2016-03-21T15:19:56Z,TRUE,segunda-feira,"(8,9]"
technicalpickles,6cfecee6546a1afb8ff9dcdd05da351baf99533c,2016-05-06T22:53:35Z,TRUE,sexta-feira,"(15,16]"
technicalpickles,b6120607837a9f47a01a035e935b0d6c44fa4a7f,2013-12-07T18:31:51Z,TRUE,sábado,"(10,11]"
technicalpickles,f672bc03cf4bf415ce45ed60c38334d988fae8f4,2015-05-14T19:16:18Z,TRUE,quinta-feira,"(12,13]"
technicalpickles,1ddc5edca49015500942ee72d0e596b1dfeab482,2014-08-22T01:26:35Z,TRUE,sexta-feira,"(18,19]"
technicalpickles,84339035b93a618ebb884e6ff72fa59d9d81c70d,2013-12-20T16:13:01Z,TRUE,sexta-feira,"(8,9]"
technicalpickles,4888d6cc716b8f42451685ced8882affb41f7cbb,2012-09-08T18:38:31Z,TRUE,sábado,"(11,12]"
technicalpickles,f015307a6b2e9b5c7b896fa7a1f4e23d7758ab3a,2015-04-03T21:36:12Z,TRUE,sexta-feira,"(14,15]"
technicalpickles,fff0a1022a8b4d38e6808a2b3d9bc54d42d74e45,2014-11-01T17:17:51Z,TRUE,sábado,"(10,11]"
technicalpickles,003a57a204fb2a07e73856b2ea5c2110facc160b,2015-03-23T19:42:47Z,TRUE,segunda-feira,"(12,13]"
technicalpickles,bc7b9521a3d2528fc0d67ab8219a5134f12d01ff,2015-04-03T21:00:51Z,TRUE,sexta-feira,"(14,15]"
technicalpickles,37651c9aeabb5f02006a1dea22ea1d04a3c738a6,2014-12-05T21:52:13Z,TRUE,sexta-feira,"(13,14]"
technicalpickles,c1facedaeb57b01c68a0dd686a7b66a457c2e807,2014-12-05T21:53:19Z,TRUE,sexta-feira,"(13,14]"
technicalpickles,af62277bf1d4f5287800aa0dc600f6b778998874,2015-06-20T13:36:29Z,TRUE,sábado,"(6,7]"
technicalpickles,aa42890e44b44a14ac2d8bdf87c4f4b6134fcb02,2014-09-11T03:54:15Z,TRUE,quinta-feira,"(20,21]"
technicalpickles,4f9544e3f38166b329a96fec35f396d5783112e1,2016-01-20T03:38:06Z,TRUE,quarta-feira,"(19,20]"
technicalpickles,df9573bccf2a2b6a3543d5c7ab1ffe4362286248,2014-05-15T13:26:58Z,TRUE,quinta-feira,"(6,7]"
technicalpickles,08dee43bcf8e7bdf76ada91bb341f1803c4b2f39,2015-03-13T00:18:40Z,TRUE,sexta-feira,"(17,18]"
technicalpickles,e35349b3bb2bc7756bb6bde661f1c53d332f52ae,2015-08-12T20:25:42Z,TRUE,quarta-feira,"(13,14]"
technicalpickles,c057fd239dc1f275d0ead976c37cdd661b1ca6a1,2013-12-16T04:17:24Z,TRUE,segunda-feira,"(20,21]"
technicalpickles,a768132f327363ac6b8252e474613620bc0b1735,2014-12-05T21:09:22Z,TRUE,sexta-feira,"(13,14]"
technicalpickles,51b6dd9fcf6d6153e0543c5228e143e2d32c65c4,2014-07-15T22:10:47Z,TRUE,terça-feira,"(15,16]"
technicalpickles,9fdb371bfb1980adf3705fa6612a002832344ed9,2015-03-13T21:52:33Z,TRUE,sexta-feira,"(14,15]"
technicalpickles,2bbb0d24b49bf341032b4a5c7bdb5e6fe40f88d0,2013-12-31T23:00:43Z,TRUE,terça-feira,"(15,16]"
technicalpickles,b1cb9b6071424d1d1e9a1834b33350a9249ed713,2014-07-24T14:49:48Z,TRUE,quinta-feira,"(7,8]"
technicalpickles,38bbe5089760a60713af6d15756146243cd73cc0,2015-10-20T21:07:07Z,TRUE,terça-feira,"(14,15]"
technicalpickles,2838f5c83aaf8e83a7aacaa2851573f5897bb8cf,2015-02-13T23:00:24Z,TRUE,sexta-feira,"(15,16]"
technicalpickles,4deba70570888d82067ecb072d6d36cdf486f46e,2016-02-26T00:08:12Z,TRUE,sexta-feira,"(16,17]"
technicalpickles,2ea46dbb1689b471c3a603ae3f7ebb804f9addd5,2014-01-31T17:28:41Z,TRUE,sexta-feira,"(9,10]"
technicalpickles,88d1d5b9c5a7682d91360545713814df21cb120c,2014-04-15T17:55:57Z,TRUE,terça-feira,"(10,11]"
technicalpickles,348c30b42a5f5da17a986fe6023c69c34732f8af,2014-12-22T17:06:00Z,TRUE,segunda-feira,"(9,10]"
technicalpickles,0c0cc4951696b2df69e47cf3f50fbdfa57640890,2013-04-23T15:01:01Z,TRUE,terça-feira,"(8,9]"
technicalpickles,7f095aa491d647f6dc7680ce9ba6c21497fd9ea2,2013-07-19T15:57:25Z,TRUE,sexta-feira,"(8,9]"
technicalpickles,65b3b3816f218324e7e0cf93afcd4ea2be54a8fd,2013-06-13T21:12:15Z,TRUE,quinta-feira,"(14,15]"
technicalpickles,c47736a0e649ea58ec2eed24d344412fa530fda2,2013-07-07T21:15:41Z,TRUE,domingo,"(14,15]"
technicalpickles,39681ea35de6375154748418e11f533ef51c3340,2014-06-12T21:36:01Z,TRUE,quinta-feira,"(14,15]"
technicalpickles,5c0ae17455823fcf36aeed718683d802a5851857,2015-03-13T19:48:47Z,TRUE,sexta-feira,"(12,13]"
technicalpickles,17432fc19c4aa31d3de8635402dcc01b1d778d41,2015-02-17T15:28:24Z,TRUE,terça-feira,"(7,8]"
technicalpickles,b534e5ec26d99399745e512d259905164937eb51,2014-08-22T03:21:00Z,TRUE,sexta-feira,"(20,21]"
technicalpickles,f24b800800bd120d03cbad233d98bda3fa874577,2014-03-24T19:16:54Z,TRUE,segunda-feira,"(12,13]"
technicalpickles,701dfb964939aa8b5d6784e7acd81f51e44e3920,2013-07-19T15:50:37Z,TRUE,sexta-feira,"(8,9]"
technicalpickles,447165954a2697a0d636360706a500c11f161205,2015-03-12T23:12:11Z,TRUE,quinta-feira,"(16,17]"
technicalpickles,201a3080cb4cb9c6d9c6c3e855c10f1ed2a43932,2013-12-07T18:46:36Z,TRUE,sábado,"(10,11]"
technicalpickles,058d3f80b448eaf0fe4599f86e0ecefce7f26333,2015-04-03T21:39:03Z,TRUE,sexta-feira,"(14,15]"
technicalpickles,dafda0a2b697c7b7bda60ac6210de4695bfc5bd1,2014-10-29T15:38:16Z,TRUE,quarta-feira,"(8,9]"
technicalpickles,d93c1e95c966ae2901481f2735c02e1fab63cfd1,2014-09-25T00:42:53Z,TRUE,quinta-feira,"(17,18]"
technicalpickles,e8f080f2d3e4d25b96dc1a6788438345f3e68b9e,2014-05-19T13:29:16Z,TRUE,segunda-feira,"(6,7]"
technicalpickles,832774d6b6ca7262313953f558dcdfcdcfef2af8,2013-07-08T00:11:54Z,TRUE,segunda-feira,"(17,18]"
technicalpickles,51072e61150172cbc4962d266c9e198eda80e1b9,2015-06-05T17:46:44Z,TRUE,sexta-feira,"(10,11]"
technicalpickles,741110ec6fbf04050a9839e450ccf8bf011b0240,2016-05-06T22:56:52Z,TRUE,sexta-feira,"(15,16]"
technicalpickles,2cd86375cb641f7b9569739b313a9977fe5b8b0e,2014-05-15T00:45:40Z,TRUE,quinta-feira,"(17,18]"
technicalpickles,ea4bcd7114cf47542c04b0c4a74b88075effb463,2013-04-23T15:45:23Z,TRUE,terça-feira,"(8,9]"
technicalpickles,96a1f0b07b22feeae91eca7f51237aba99b78bbb,2013-12-31T18:30:17Z,TRUE,terça-feira,"(10,11]"
technicalpickles,429f3ed82a62580935f1d7e879c8a84ac3510ee5,2015-03-23T19:30:26Z,TRUE,segunda-feira,"(12,13]"
technicalpickles,55b949d0287589ea64693a13ee33aa7c4df23d0a,2014-12-05T21:24:02Z,TRUE,sexta-feira,"(13,14]"
technicalpickles,4516b0a3292e84cbc1cb57d0bb675af62e31aa0c,2016-02-25T22:59:30Z,TRUE,quinta-feira,"(14,15]"
technicalpickles,af64ac572856c63ed5e8571a4f11cdcdf2414859,2013-07-07T20:55:29Z,TRUE,domingo,"(13,14]"
technicalpickles,94498740042c05bc1fa90ebf850544d1ccf86123,2013-12-31T18:45:46Z,TRUE,terça-feira,"(10,11]"
technicalpickles,875098762599af1c31d00207ffe6067134fe6e85,2015-06-05T19:29:33Z,TRUE,sexta-feira,"(12,13]"
technicalpickles,6dd5ecb95decd2512b0389d3e6c9155b92b8376d,2015-02-20T18:26:51Z,TRUE,sexta-feira,"(10,11]"
technicalpickles,a25cdffcb9350d54891cb02317dad37996d7e368,2013-12-31T23:03:26Z,TRUE,terça-feira,"(15,16]"
technicalpickles,c225e7147a1a44239d52bcd927679304d9522326,2015-06-08T15:59:55Z,TRUE,segunda-feira,"(8,9]"
technicalpickles,a1756a4258aba4b0e8bc0f8990699d60a602831e,2013-07-22T14:45:47Z,TRUE,segunda-feira,"(7,8]"
technicalpickles,2d3a8eee86df27446177a4c4254b71eb109a472c,2014-05-19T21:36:31Z,TRUE,segunda-feira,"(14,15]"
technicalpickles,5955291573111886eb7e0ffc295504791595e963,2014-01-28T16:46:45Z,TRUE,terça-feira,"(8,9]"
technicalpickles,46b9ed02027390efa7d0d72b6b627d2c81528ec8,2013-07-19T20:20:24Z,TRUE,sexta-feira,"(13,14]"
technicalpickles,697e5aab24a43873fb901d81240a9b992939e0b7,2013-07-06T20:21:32Z,TRUE,sábado,"(13,14]"
technicalpickles,df14bfed6add95cfa507ef84da63a81ad9e18013,2012-09-08T18:54:42Z,TRUE,sábado,"(11,12]"
technicalpickles,12035a9d679748727b380ed945f067886ca2b769,2013-12-07T19:06:36Z,TRUE,sábado,"(11,12]"
technicalpickles,351ea21509ca350395c8aa95d9930e9bfdc57870,2013-04-21T00:36:05Z,TRUE,domingo,"(17,18]"
technicalpickles,39253895de7e661668d358a63c3d366ae4c5c42a,2015-03-13T20:58:20Z,TRUE,sexta-feira,"(13,14]"
technicalpickles,14e329e29d7445678aaf6904f88b64741d9dd1db,2013-07-19T20:20:48Z,TRUE,sexta-feira,"(13,14]"
technicalpickles,b52f752349683f633ef0268dfe66af314c2655a0,2016-05-06T21:32:24Z,TRUE,sexta-feira,"(14,15]"
technicalpickles,d19e8078861f66cdfb633cac2ffae0f613f2deac,2016-01-20T03:38:22Z,TRUE,quarta-feira,"(19,20]"
technicalpickles,c4e6e835b5aa87df3a8c8f1eaed11d2e1b944e2a,2014-04-20T22:15:01Z,TRUE,domingo,"(15,16]"
technicalpickles,dfe214207fa2c822c1147f0f59159ef72275b109,2015-06-05T19:39:54Z,TRUE,sexta-feira,"(12,13]"
technicalpickles,d04f02cf4dfe92ab098b58339c9bd0aa3e7bb3ac,2014-10-29T15:28:37Z,TRUE,quarta-feira,"(8,9]"
technicalpickles,a5bc48efd074ce16045b7dcc899a1008729577a4,2012-09-08T18:00:02Z,TRUE,sábado,"(11,12]"
technicalpickles,65efa393a0de5894bf090923f7de7ab2c5cbf8b3,2014-07-24T15:16:19Z,TRUE,quinta-feira,"(8,9]"
technicalpickles,43e5f1ebba6ae788f03d386e60cebd1630b78185,2014-09-25T00:49:26Z,TRUE,quinta-feira,"(17,18]"
technicalpickles,f1767e4e867b59e748c3d2a95736f4faf538ad22,2014-01-20T18:48:29Z,TRUE,segunda-feira,"(10,11]"
technicalpickles,524a581dbccb5486fb98d7dc896790755f0810f1,2016-01-08T23:45:50Z,TRUE,sexta-feira,"(15,16]"
technicalpickles,51024d8d02915e2fe7c4a496f0ab4ee639880a28,2014-07-24T14:57:40Z,TRUE,quinta-feira,"(7,8]"
technicalpickles,7b218706f85091d7ee793fc12e0167fae1305312,2013-02-25T02:02:43Z,TRUE,segunda-feira,"(18,19]"
technicalpickles,4549fa5cc339f3c4ac8cffe95a2103c31eb28027,2013-07-18T04:13:20Z,TRUE,quinta-feira,"(21,22]"
technicalpickles,4ede8a97f217cd10be5bfc29e1322d1877b0b068,2014-12-22T17:33:15Z,TRUE,segunda-feira,"(9,10]"
technicalpickles,a658cc3e41d01172a6402c515e476590b3faa876,2015-08-24T15:03:08Z,TRUE,segunda-feira,"(8,9]"
technicalpickles,cee30125807a3935087f03607b545be0948d6f6e,2013-07-06T20:21:52Z,TRUE,sábado,"(13,14]"
technicalpickles,cbbaed79ee094976d0cea33907722625f98d70db,2014-11-01T17:18:12Z,TRUE,sábado,"(10,11]"
technicalpickles,7e1bcfba63ef896c74ff3a38ab9b1612db610568,2016-01-20T04:28:52Z,TRUE,quarta-feira,"(20,21]"
technicalpickles,0d555362f0ef8af6f8cabefb6cc737426a850aa2,2015-03-13T21:52:17Z,TRUE,sexta-feira,"(14,15]"
technicalpickles,a536c45bca2233a81f2e980c9c5a6e75e4c7af5b,2015-03-12T02:29:01Z,TRUE,quinta-feira,"(19,20]"
technicalpickles,337f3c31ca17df167c1a5db004ee6f8cbf902475,2014-10-21T00:15:10Z,TRUE,terça-feira,"(17,18]"
technicalpickles,8b5ec9cc81963ee76126644f6b45483b83f95531,2014-01-10T16:21:39Z,TRUE,sexta-feira,"(8,9]"
technicalpickles,b7540fc2a3338b360ccdcc5644123815acebaed3,2014-10-23T19:46:14Z,TRUE,quinta-feira,"(12,13]"
technicalpickles,b54f0857309a2f05e64f21155b6552f72a44ff16,2014-01-15T15:35:42Z,TRUE,quarta-feira,"(7,8]"
technicalpickles,684b7d41cec3c89dc79c861e14b26badb5a91187,2016-01-08T16:23:45Z,TRUE,sexta-feira,"(8,9]"
technicalpickles,11d1ed2599e71aae324062adaf07578bd04dfefb,2016-01-08T21:55:56Z,TRUE,sexta-feira,"(13,14]"
technicalpickles,70a730caef9d90f610072bc2e63ebc5dab5240da,2014-08-29T18:06:07Z,TRUE,sexta-feira,"(11,12]"
technicalpickles,898347b1d54b6c04a2e73c9f38f08f26fa70bee4,2013-07-06T18:28:53Z,TRUE,sábado,"(11,12]"
technicalpickles,c4a40cb69f88dcc70df1218d832e0ecde3314027,2015-03-13T19:12:45Z,TRUE,sexta-feira,"(12,13]"
technicalpickles,e46d1665621db7d0413f47b636f3360948db3655,2015-03-13T00:43:07Z,TRUE,sexta-feira,"(17,18]"
technicalpickles,60199aa227a549f07ce2bc404aab4ab130a37355,2013-05-10T05:27:07Z,TRUE,sexta-feira,"(22,23]"
technicalpickles,5c67fb9917349a7d6d058d44bc9669b29dd4b2a1,2014-11-17T15:34:03Z,TRUE,segunda-feira,"(7,8]"
technicalpickles,980b2d85b4a57a29945e532f7b60ac3046677a47,2015-08-24T16:53:29Z,TRUE,segunda-feira,"(9,10]"
technicalpickles,b83b4efe8e5a8474af3471b3c24e75a63e865409,2015-03-09T02:32:00Z,TRUE,segunda-feira,"(19,20]"
technicalpickles,d49b1311b2e0387bbf4045fbfa5b87a64aaff614,2014-10-23T02:07:59Z,TRUE,quinta-feira,"(19,20]"
technicalpickles,6c9eec1fa5b5fac2585620890def272f68814024,2014-10-20T12:35:12Z,TRUE,segunda-feira,"(5,6]"
technicalpickles,a990113861240d1ea33e5b9920e062d659d65dc1,2015-03-07T06:44:39Z,TRUE,sábado,"(22,23]"
technicalpickles,e3ea37e7009eef56afad2d0fa3ad70d6ba88409a,2013-12-31T18:13:26Z,TRUE,terça-feira,"(10,11]"
technicalpickles,04ef3e058afbc650981951c849f291828b3427b9,2014-10-23T19:47:27Z,TRUE,quinta-feira,"(12,13]"
technicalpickles,46b9ea031963780b7d16d1aa82d86ece226870a1,2015-03-13T00:14:57Z,TRUE,sexta-feira,"(17,18]"
technicalpickles,71faa0d12826d7d2d9b7e76c96ba08b4ed77f86d,2015-03-12T02:36:42Z,TRUE,quinta-feira,"(19,20]"
technicalpickles,541031b15bdf8f6d6502cdc835eb0ef176cda48c,2014-09-25T00:19:12Z,TRUE,quinta-feira,"(17,18]"
technicalpickles,c40fd7a9f86886ea8d3acb6eba5ccebd2b96390d,2015-10-09T17:22:40Z,TRUE,sexta-feira,"(10,11]"
technicalpickles,1f12647965ed9403c3fe363b70d91ec779d63b16,2014-10-21T16:31:23Z,TRUE,terça-feira,"(9,10]"
technicalpickles,bb00ac90fca98f9926b892c76c7677a1501b8409,2013-03-10T19:46:24Z,TRUE,domingo,"(12,13]"
technicalpickles,2513134a65195a5e4ff31a447c41c2890a80b709,2015-03-19T18:10:17Z,TRUE,quinta-feira,"(11,12]"
technicalpickles,8a7daefb39542318acb396cd23fd0487a6703fd8,2014-08-22T01:22:35Z,TRUE,sexta-feira,"(18,19]"
technicalpickles,47deb30dc0267ffa08557b24b3042141fa220839,2017-06-17T01:11:45Z,TRUE,sábado,"(18,19]"
technicalpickles,650c4f26cb2207f0145194b327c87d55c7891675,2015-04-03T21:34:49Z,TRUE,sexta-feira,"(14,15]"
technicalpickles,ede99544afacab1d693b4d80d4f1a685acdf2008,2014-03-10T15:40:09Z,TRUE,segunda-feira,"(8,9]"
technicalpickles,519384db7c6cf9338120a9a2ed8fa643eb8a2251,2015-02-11T21:19:30Z,TRUE,quarta-feira,"(13,14]"
technicalpickles,c6ee359668e8d35d708a002d6cab1028deceb88a,2014-09-18T00:03:04Z,TRUE,quinta-feira,"(17,18]"
technicalpickles,5ef32ebcb18d340de4a8ed889bc470a4b71a2f1c,2015-02-17T15:27:29Z,TRUE,terça-feira,"(7,8]"
technicalpickles,a234238a4c62d1983b0c139809f5daef588fd6ca,2015-03-09T02:25:45Z,TRUE,segunda-feira,"(19,20]"
technicalpickles,0befce13c3da19a70d8b7ec858b1d9a213f444f5,2016-01-20T03:41:34Z,TRUE,quarta-feira,"(19,20]"
simonsj,23dfeba1c1219f27fc277d7336e6e8fa6d987d68,2013-09-17T18:14:24Z,TRUE,terça-feira,"(11,12]"
simonsj,e81edffc83fa9e60bf5203dab89d8e11f45ca6f1,2013-09-17T18:13:05Z,TRUE,terça-feira,"(11,12]"
skalnik,0adeb01d020ad3fd255c8e29e2cec341b513033a,2011-10-25T22:00:56Z,TRUE,terça-feira,"(15,16]"
skalnik,801c4e962bbdd0682fd8ecdfa1d695ffab4fab18,2011-10-25T19:53:39Z,TRUE,terça-feira,"(12,13]"
skalnik,cde534d3c72a518538fa7460054928c14908acfa,2011-10-25T19:54:01Z,TRUE,terça-feira,"(12,13]"
skalnik,7535c839ea35c871362e9c21473e493fce495706,2011-10-25T22:01:38Z,TRUE,terça-feira,"(15,16]"
skalnik,103c61e9e1e6e4279de43ddbbd02a2266f5ef3e7,2011-10-25T22:36:48Z,TRUE,terça-feira,"(15,16]"
jonmagic,f622b92ed2ad0b0107fb6a503e431fff9dc1188e,2012-03-24T21:23:14Z,TRUE,sábado,"(14,15]"
mastahyeti,30e64afa021df5fb9e3b538db1e087326435d4da,2012-12-01T00:05:21Z,TRUE,sábado,"(16,17]"
mastahyeti,22387b03d641c236c96ff1f25ab2acdf5eecef85,2012-12-07T20:31:23Z,TRUE,sexta-feira,"(12,13]"
cadwallion,6721eabd03ebb9998ee2ae035d7286a03da79e84,2011-11-02T20:37:01Z,TRUE,quarta-feira,"(13,14]"
parkr,fa0908a9f4a3fd62968d3276cd9c143327cbc23d,2014-06-19T17:45:04Z,TRUE,quinta-feira,"(10,11]"
parkr,c612017f62f812df0dfefae2a04179e87601712a,2014-06-19T17:41:41Z,TRUE,quinta-feira,"(10,11]"
parkr,934cf5261d0051511a1508a87d2d7871b46f4a2b,2014-06-23T17:52:47Z,TRUE,segunda-feira,"(10,11]"
parkr,fa8eb5dad0520cc670aa445d355a2f1495acf33b,2014-06-23T17:58:13Z,TRUE,segunda-feira,"(10,11]"
parkr,833b3e52bbfbf160d91a080a2ea280470fdf05ac,2014-06-19T17:39:27Z,TRUE,quinta-feira,"(10,11]"
parkr,6c4d71ff58c7189c3034dde1a724e4377de8973a,2014-06-23T17:56:48Z,TRUE,segunda-feira,"(10,11]"
parkr,8886f5de52054ad6c7ce878381e05b81d2cab6b5,2014-06-23T17:53:04Z,TRUE,segunda-feira,"(10,11]"
bkeepers,3bd549c1bcd046cf4e0073057969914b9bc8d97b,2017-06-01T02:29:29Z,TRUE,quinta-feira,"(19,20]"
bkeepers,1c37cdf0ea7ad9fa5771bc35fed15aa0cd6e12ee,2017-05-24T22:49:34Z,TRUE,quarta-feira,"(15,16]"
bkeepers,e1e20fec131870e84b28535c64d1e20400e230fc,2015-06-03T14:08:12Z,TRUE,quarta-feira,"(7,8]"
bkeepers,a75cd200f6cde474d6a2e931014b96a5b5241df7,2017-05-24T22:48:17Z,TRUE,quarta-feira,"(15,16]"
bkeepers,465c700601c3537797c6f345e9e95b30bf5d3d58,2015-06-04T01:45:24Z,TRUE,quinta-feira,"(18,19]"
bkeepers,e244aaef03d2514af9941fec66b2c26049f62537,2017-05-12T15:58:26Z,TRUE,sexta-feira,"(8,9]"
bkeepers,dd800b9985fb0feda25c508e43097aaa14c96300,2015-06-05T14:26:25Z,TRUE,sexta-feira,"(7,8]"
bkeepers,52658e31430599db383a307cb919dffe4ea8ae2e,2017-05-08T12:43:21Z,TRUE,segunda-feira,"(5,6]"
bkeepers,c15938ec93c0e3feed7d42b05dfebbe7df66f441,2017-05-23T23:04:50Z,TRUE,terça-feira,"(16,17]"
bkeepers,6014a4188f38930850aa58359e2fc1537e9e3315,2017-04-30T23:50:13Z,TRUE,domingo,"(16,17]"
bkeepers,6458e657a18015d72a8451f591d65e0e6e4f3155,2017-05-01T00:06:00Z,TRUE,segunda-feira,"(17,18]"
bkeepers,de96459989d4152fa120847415b2140c5f8a7383,2015-06-05T17:12:58Z,TRUE,sexta-feira,"(10,11]"
bkeepers,6776a5062d49f8e4a74f08c9c9e82b71a9030ded,2015-06-03T19:34:11Z,TRUE,quarta-feira,"(12,13]"
bkeepers,3d55ef7f9ab9f88de880a877560a16d0a6e7cec5,2017-05-20T14:45:39Z,TRUE,sábado,"(7,8]"
bkeepers,b6cfbddad1a4d76806ad3ece80f24ac294c5eda3,2017-04-30T23:48:13Z,TRUE,domingo,"(16,17]"
bkeepers,16af09c624acfd1ff2f41cea19e8cf64ec0ab643,2015-06-05T17:11:29Z,TRUE,sexta-feira,"(10,11]"
bkeepers,05455cd590ed72d11a33caa36a3c36ff6e682847,2017-05-24T16:57:28Z,TRUE,quarta-feira,"(9,10]"
bkeepers,e86a3cc125eb7631454753d59dc5507685c9f64d,2017-04-30T16:13:07Z,TRUE,domingo,"(9,10]"
bkeepers,b06e37188ad043de2bb60561f381d8aaf8266ebf,2017-05-12T15:26:06Z,TRUE,sexta-feira,"(8,9]"
bkeepers,f21f89cdd4e6b95e313abcab8c7dda213e04f8d7,2015-08-21T17:37:51Z,TRUE,sexta-feira,"(10,11]"
bkeepers,d0c13d2d8cd1ba30dc7f8765778988ca5a4d00c9,2018-02-16T12:35:45Z,TRUE,sexta-feira,"(4,5]"
bkeepers,8ecae72306f31b4cf97490e856f1ea24594dd372,2017-05-30T02:47:47Z,TRUE,terça-feira,"(19,20]"
bkeepers,cf35133c17b5d8d223bb51c7c304241d6f18568c,2017-05-30T02:45:44Z,TRUE,terça-feira,"(19,20]"
bkeepers,8d2a8e0c1beecfc084e636320c32769fcb05d447,2017-05-20T15:34:26Z,TRUE,sábado,"(8,9]"
bkeepers,f7c63f42bfd1dc99da8bf87c1f4802ec96a9190c,2015-06-04T20:25:43Z,TRUE,quinta-feira,"(13,14]"
bkeepers,6d147a225a68210b82f6888d7f1827fc766adf49,2017-05-12T16:00:49Z,TRUE,sexta-feira,"(9,10]"
bkeepers,02e291048633956665d7d9c058ffb9f6ae0d2da1,2017-05-18T17:40:52Z,TRUE,quinta-feira,"(10,11]"
bkeepers,bc0b1f25eb81cc29be489465c75f76b94949bf67,2015-06-05T17:42:41Z,TRUE,sexta-feira,"(10,11]"
bkeepers,f6f78ab17dd78c3e4f853129c13112683925fff3,2015-06-03T14:31:58Z,TRUE,quarta-feira,"(7,8]"
bkeepers,c6cd9e47633167f6c239792026a853eeb109c419,2017-05-23T22:58:16Z,TRUE,terça-feira,"(15,16]"
bkeepers,7d72cc54a026ac95c8eced6ffe8dfc34408af33e,2017-05-18T17:50:50Z,TRUE,quinta-feira,"(10,11]"
bkeepers,3af97c2341aa627cb9f7ee73f946124667691305,2017-05-20T16:34:24Z,TRUE,sábado,"(9,10]"
bkeepers,9dc62cfd022d0f45f8f447f37695afa14acd30f9,2015-06-03T14:31:26Z,TRUE,quarta-feira,"(7,8]"
bkeepers,4b73cba35e5e7d823fabf4fd2f3cc3b0408a90f7,2017-05-24T03:17:53Z,TRUE,quarta-feira,"(20,21]"
bkeepers,931b9c17498e47e22b33fd0067af9ef8d6944d37,2015-06-03T14:49:38Z,TRUE,quarta-feira,"(7,8]"
bkeepers,bcd94ba79ba285c5c81f28781483b2744b9d75bc,2017-05-11T14:58:22Z,TRUE,quinta-feira,"(7,8]"
bkeepers,1ad696de51440fe61655e14f69e78763f0382485,2015-06-05T15:57:32Z,TRUE,sexta-feira,"(8,9]"
bkeepers,8801a8f3027ed5e0e67e9a8bee434e88b5acd63e,2015-06-01T18:13:37Z,TRUE,segunda-feira,"(11,12]"
bkeepers,7899375f6012b7d3242efa3a9d9847a69528a898,2017-05-24T03:22:44Z,TRUE,quarta-feira,"(20,21]"
bkeepers,18bb1efc535501c3985f94e4339730e35f42ae54,2017-05-19T16:14:36Z,TRUE,sexta-feira,"(9,10]"
bkeepers,98b7bef7b93c1d9838e0a5dc36cfe0e8861d0a55,2017-05-12T15:14:00Z,TRUE,sexta-feira,"(8,9]"
bkeepers,52ab0c796fa9cd74d98217682fc6c2ffbbaa5687,2017-04-30T23:45:53Z,TRUE,domingo,"(16,17]"
bkeepers,b7b3d9bee909dd1117a26eec0684ff535b346c5c,2017-05-01T00:21:24Z,TRUE,segunda-feira,"(17,18]"
bkeepers,3b01195bcf39e3837f4bb085094482fc188351d8,2017-05-24T03:21:15Z,TRUE,quarta-feira,"(20,21]"
bkeepers,3bcf72ec0fb057d493b36fdeb2dadf6f7e09a90d,2017-05-12T15:25:23Z,TRUE,sexta-feira,"(8,9]"
bkeepers,1df670e1e4f7ed9ef0ad677281635fbbf8a0a2c2,2015-06-05T15:53:48Z,TRUE,sexta-feira,"(8,9]"
bkeepers,fb2430318b5103c87597fa0471274bafde8d612b,2017-05-20T16:24:39Z,TRUE,sábado,"(9,10]"
bkeepers,59ea1952a1f6b28f815381dcee3f55549bce52a1,2015-06-15T18:34:16Z,TRUE,segunda-feira,"(11,12]"
bkeepers,8963d370c85c9e5687363f6c64296a13dbcfbe85,2017-05-24T16:46:53Z,TRUE,quarta-feira,"(9,10]"
bkeepers,fada02b16fa4eca2ebe5ec136842005b9a0f5abd,2017-05-11T04:18:51Z,TRUE,quinta-feira,"(21,22]"
bkeepers,335f92ca0a4540ae56a027b515a9234b6442f382,2017-05-23T22:52:23Z,TRUE,terça-feira,"(15,16]"
bkeepers,073f9f2ede6d0c88e4823f2ad92e484e727b275d,2017-05-10T13:53:15Z,TRUE,quarta-feira,"(6,7]"
bkeepers,ffff08e4bc96189b2bbeefc201b9cbfa2fd65945,2015-07-20T04:38:19Z,TRUE,segunda-feira,"(21,22]"
bkeepers,197ca3da5540894d28854a318c1d217afe926bcf,2017-05-30T02:46:30Z,TRUE,terça-feira,"(19,20]"
bkeepers,d9633eee9ecfb752549f77901fdb3176b5d7ed00,2017-05-08T01:32:30Z,TRUE,segunda-feira,"(18,19]"
bkeepers,f2f6805b5e1be5134a5d1aa53debc63280c9c29e,2017-05-30T02:26:25Z,TRUE,terça-feira,"(19,20]"
bkeepers,04291403f78c9926d64c18efde452f512e804e15,2015-06-05T17:43:38Z,TRUE,sexta-feira,"(10,11]"
bkeepers,2319ce217f9ec2afe99fe4034de2dd47e03e3054,2017-05-10T23:58:39Z,TRUE,quarta-feira,"(16,17]"
bkeepers,4f03973b9ac88a8b4fdd15381c8770ba63faa8dd,2015-06-04T01:44:47Z,TRUE,quinta-feira,"(18,19]"
bkeepers,5d650d88bec74dbb0d252002e923dfc8fce22f07,2017-05-01T00:30:29Z,TRUE,segunda-feira,"(17,18]"
bkeepers,db5d96a530d9b331de3c81450cb5312faa0270bb,2017-04-30T23:48:01Z,TRUE,domingo,"(16,17]"
bkeepers,a6ba387302351333d48e80a356985ddc2276fd8e,2015-06-05T19:28:19Z,TRUE,sexta-feira,"(12,13]"
bkeepers,85e25b75da54a62dd3fc112d8c06ea0581bed959,2017-05-30T02:50:43Z,TRUE,terça-feira,"(19,20]"
bkeepers,f366f63d08ea9b9bffc8ddbb0b3a2e70397e16fb,2015-06-03T14:32:28Z,TRUE,quarta-feira,"(7,8]"
bkeepers,62a69961730c442005c6936005627f4d6f141a93,2017-05-26T02:50:34Z,TRUE,sexta-feira,"(19,20]"
bkeepers,937cf4e429b58b70d178192dd0a7ebf36c29d1de,2017-05-10T23:59:36Z,TRUE,quarta-feira,"(16,17]"
bkeepers,552dbd3bf71768fd65cc2fcf34f0be988f9708f9,2017-05-01T00:32:08Z,TRUE,segunda-feira,"(17,18]"
bkeepers,04a5035efaf121d98f607de7e87eb5a632df043e,2015-06-04T15:16:51Z,TRUE,quinta-feira,"(8,9]"
bkeepers,ca2391d0721189358ab0d536a1f31d29175dce73,2017-05-24T16:54:29Z,TRUE,quarta-feira,"(9,10]"
bkeepers,5ccaa6be63d084c81dc1cce9b76382d0190761e9,2015-06-03T14:50:57Z,TRUE,quarta-feira,"(7,8]"
bkeepers,da1b73da4bd23cb722b32e41452c20c01ff766db,2015-06-05T17:25:40Z,TRUE,sexta-feira,"(10,11]"
bkeepers,b8423376f19a84579cae8029c87d7fd863825ed2,2015-06-08T17:30:44Z,TRUE,segunda-feira,"(10,11]"
bkeepers,23465b5c6b59dcbbd724c3e34f2fb466c8a772e5,2017-05-20T16:35:23Z,TRUE,sábado,"(9,10]"
bkeepers,f3595e5c4e5033b21eb19fa0309d3337c5deea6e,2015-07-08T17:51:28Z,TRUE,quarta-feira,"(10,11]"
bkeepers,751293b194e5705cc62771a3b10324e15778ce21,2015-06-05T15:57:55Z,TRUE,sexta-feira,"(8,9]"
bkeepers,f94511e5f4604d61a1542424cd8ab9a1a9e49564,2017-05-23T23:06:39Z,TRUE,terça-feira,"(16,17]"
bkeepers,2aecfc1ecae0fd280fd0729533831b15806f1b5a,2017-05-11T03:32:40Z,TRUE,quinta-feira,"(20,21]"
bkeepers,c7c09ef868a93e46ac6a190ed74349cc3bab2ef8,2017-05-20T19:34:26Z,TRUE,sábado,"(12,13]"
bkeepers,b1c21df68e4995ad577e586cd03dbff0af0f3682,2017-04-30T16:13:40Z,TRUE,domingo,"(9,10]"
bkeepers,d671a9e54cd9308c3c390ffa80e50576bc8d68bf,2015-06-05T17:45:24Z,TRUE,sexta-feira,"(10,11]"
bkeepers,20dd812991778bcab92649a1a5eef09ada17b724,2017-05-11T16:23:00Z,TRUE,quinta-feira,"(9,10]"
bkeepers,636ae779ed5c51875c3e1123946b1bb19e6fa3e0,2017-05-11T16:10:39Z,TRUE,quinta-feira,"(9,10]"
mikemcquaid,e998db9ff821a5e5b8d3227df4bc9d99e427094c,2018-02-16T09:09:25Z,TRUE,sexta-feira,"(1,2]"
leefaus,429b1a4e6417d4e7e64e675534738dc01fa99960,2015-03-13T19:09:54Z,TRUE,sexta-feira,"(12,13]"
leefaus,481949a1b57ffc55eb4f5d3a6ab078139ac1cbf0,2015-03-19T14:47:55Z,TRUE,quinta-feira,"(7,8]"
leefaus,ffb2d57c8626692504d4db48c8ae4d36c05a52d3,2015-03-19T13:33:35Z,TRUE,quinta-feira,"(6,7]"
leefaus,5455763295e256f72a0368c7943b70ac490f57f1,2015-03-13T19:09:21Z,TRUE,sexta-feira,"(12,13]"
leefaus,acecdadce6fe3f4f1d2da201a2e324be547247f4,2015-03-13T18:41:37Z,TRUE,sexta-feira,"(11,12]"
leefaus,39000e5cc04d8ae98f5766d17257f0dbb43cd9f6,2015-03-16T20:28:56Z,TRUE,segunda-feira,"(13,14]"
leefaus,42b492c68d8c7346dcebb184846a3b6fd3208496,2015-03-19T14:59:02Z,TRUE,quinta-feira,"(7,8]"
leefaus,7a4e03c86988bce89010fb145c01062aa75c08b1,2015-03-13T18:15:31Z,TRUE,sexta-feira,"(11,12]"
leefaus,c6cd07c6171f34d9146a94afb044343f1ffdaaf4,2015-03-13T18:46:36Z,TRUE,sexta-feira,"(11,12]"
leefaus,1a612af9a2038d15662365214cba977869d4c53a,2015-03-19T14:51:10Z,TRUE,quinta-feira,"(7,8]"
brntbeer,aa9390d71be5d3927e31c06c82f2b60297162072,2013-04-30T18:57:34Z,TRUE,terça-feira,"(11,12]"
tclem,4d3d87d9d5be4d226b5bcc43b337eeb18ed0732e,2011-08-31T17:09:12Z,TRUE,quarta-feira,"(10,11]"
lindseyb,9ed3434b33fc4bd72bde83f7ac622595f4b9613b,2017-05-18T16:27:56Z,TRUE,quinta-feira,"(9,10]"
lindseyb,c8452ecbb95a23aeca24186185accbee290cbe7d,2017-05-18T17:34:53Z,TRUE,quinta-feira,"(10,11]"
