id, state, user_opened, employee_open, user_closed, employee_closed, days_opened, number_of_comments, days_between_first_and_last_comment, days_first_comment_after_creation, days_last_comment_before_closed
3011,open,Sliptory,volunter,null,volunter,null,1,0,2,null
3009,closed,dutchscout,volunter,ttaylorr,employee,0,3,1,0,1
3008,closed,nusasara,volunter,ttaylorr,employee,0,5,1,0,1
3007,open,TingluoHuang,volunter,null,volunter,null,0,null,null,null
3006,closed,gbasin,volunter,gbasin,volunter,0,2,1,0,1
3005,open,yutamago,volunter,null,volunter,null,1,0,1,null
3004,open,krassik,volunter,null,volunter,null,2,1,1,null
3003,closed,volotom,volunter,ttaylorr,employee,2,3,0,2,0
3002,open,artuntun,volunter,null,volunter,null,1,0,2,null
3001,closed,WilliamBotura,volunter,ttaylorr,employee,0,2,0,0,0
3000,open,awmcclain,volunter,null,volunter,null,2,0,0,null
2999,closed,GVinkovic,volunter,ttaylorr,employee,0,1,0,0,0
2998,closed,tysonzero,volunter,ttaylorr,employee,1,1,0,1,0
2993,closed,niik,employee,ttaylorr,employee,0,1,0,0,0
2992,closed,ensc,volunter,ttaylorr,employee,0,1,0,0,0
2991,closed,jomark-t,volunter,ttaylorr,employee,1,2,2,1,2
2990,closed,jbstewart,volunter,ttaylorr,employee,1,1,0,1,0
2989,closed,volotom,volunter,ttaylorr,employee,2,9,0,0,1
2988,closed,ppKrauss,volunter,ttaylorr,employee,7,7,4,2,0
2987,closed,gitFJUIM,volunter,ttaylorr,employee,0,6,0,0,0
2986,closed,Jura-Z,volunter,ttaylorr,employee,0,1,0,0,0
2984,open,agunnerson-ibm,volunter,null,volunter,null,4,4,0,null
2981,closed,teebszet,volunter,ttaylorr,employee,0,1,0,0,0
2731,closed,Aketzu,volunter,ttaylorr,employee,0,1,0,0,0
2729,closed,TingluoHuang,volunter,ttaylorr,employee,1,1,0,1,0
2728,open,technoweenie,volunter,null,volunter,null,1,0,35,null
2727,closed,Ridha-ELB,volunter,technoweenie,volunter,1,2,0,0,0
2726,closed,HosseinAssaran,volunter,ttaylorr,employee,154,6,12,3,139
2725,closed,thebigfootsdad,volunter,technoweenie,volunter,2,1,0,2,0
2724,closed,lucananni93,volunter,ttaylorr,employee,40,2,36,3,0
2723,closed,Permafacture,volunter,ttaylorr,employee,39,5,39,0,0
2720,closed,tarioch,volunter,ttaylorr,employee,34,4,34,0,0
2718,closed,npkhoa2197,volunter,npkhoa2197,volunter,0,0,null,null,null
2717,closed,jextrevor,volunter,ttaylorr,employee,45,1,0,1,43
2714,closed,fabriziocucci,volunter,ttaylorr,employee,12,0,null,null,null
2713,closed,fabriziocucci,volunter,ttaylorr,employee,12,0,null,null,null
2712,closed,technoweenie,volunter,ttaylorr,employee,120,5,74,45,0
2711,closed,technoweenie,volunter,technoweenie,volunter,0,0,null,null,null
2710,open,rrama,volunter,null,volunter,null,3,74,0,null
2707,closed,nudelfabrik,volunter,technoweenie,volunter,0,0,null,null,null
2705,closed,aleb,volunter,ttaylorr,employee,49,1,0,49,0
2703,closed,jsilverman-blispay,volunter,jsilverman-blispay,volunter,0,3,1,0,0
2702,closed,borisvu,volunter,ttaylorr,employee,42,3,42,0,0
2701,closed,chiuan,volunter,chiuan,volunter,0,1,0,0,0
2697,closed,jsilverman-blispay,volunter,jsilverman-blispay,volunter,0,2,0,0,0
2696,closed,semenov82,volunter,semenov82,volunter,0,2,0,0,0
2694,open,zakharovvi,volunter,null,volunter,null,6,53,0,null
2693,closed,TTimo,volunter,TTimo,volunter,5,2,5,0,0
2690,closed,technoweenie,volunter,technoweenie,volunter,5,1,0,0,4
2688,closed,sgoo,volunter,ttaylorr,employee,41,3,35,5,0
2686,closed,technoweenie,volunter,technoweenie,volunter,7,0,null,null,null
2685,closed,zezba9000,volunter,zezba9000,volunter,1,3,1,0,0
2684,open,pascalrobert,volunter,null,volunter,null,6,120,3,null
2683,open,kainjow,volunter,null,volunter,null,1,0,5,null
2682,closed,SamiGhanim,volunter,SamiGhanim,volunter,0,1,0,4,4
2681,closed,Yahyabulle,volunter,technoweenie,volunter,18,1,0,18,0
2680,closed,Yahyabulle,volunter,Yahyabulle,volunter,0,0,null,null,null
2679,closed,StanislawAntol,volunter,ttaylorr,employee,55,6,71,0,15
2677,closed,kainjow,volunter,technoweenie,volunter,8,1,0,0,7
2675,closed,lukaswagner,volunter,lukaswagner,volunter,0,2,0,0,0
2671,open,RoyAwesome,volunter,null,volunter,null,22,114,0,null
2670,closed,carlg1,volunter,technoweenie,volunter,1,1,0,1,0
2669,open,cukiakimani,volunter,null,volunter,null,3,3,0,null
2668,closed,thortillas,volunter,thortillas,volunter,1,2,0,0,0
2667,closed,Morfego,volunter,Morfego,volunter,2,11,182,1,181
2665,closed,BruceGreene,volunter,technoweenie,volunter,0,1,0,0,0
2664,closed,oset-bschuhma,volunter,technoweenie,volunter,0,5,0,0,0
2663,closed,kavehv,volunter,kavehv,volunter,0,2,0,0,0
2662,closed,butterpuf,volunter,butterpuf,volunter,4,7,4,0,0
2661,closed,ShacharWeis,volunter,ttaylorr,employee,156,8,156,0,0
2660,closed,ZiweiBin,volunter,ZiweiBin,volunter,0,0,null,null,null
2658,closed,mesbahamin,volunter,mesbahamin,volunter,3,2,2,0,0
2656,closed,phord,volunter,ttaylorr,employee,43,2,0,1,42
2655,closed,phord,volunter,ttaylorr,employee,43,4,2,0,41
2654,closed,phord,volunter,ttaylorr,employee,43,1,0,1,42
2653,closed,stevenshine,volunter,ttaylorr,employee,72,2,67,4,1
2652,closed,Morfego,volunter,technoweenie,volunter,0,1,0,0,0
2650,closed,nsubiron,volunter,technoweenie,volunter,0,1,0,0,0
2649,closed,mrbobbybobberson,volunter,mrbobbybobberson,volunter,0,2,0,0,0
2646,closed,carlg1,volunter,ttaylorr,employee,76,9,76,0,0
2645,closed,TheRealPowerCoder,volunter,technoweenie,volunter,0,4,0,0,0
2644,closed,geoffroyjabouley,volunter,technoweenie,volunter,14,2,0,0,13
2640,closed,mrbobbybobberson,volunter,technoweenie,volunter,0,2,0,0,0
2639,closed,carlg1,volunter,technoweenie,volunter,0,7,0,0,0
2638,closed,Lantichan,volunter,ttaylorr,employee,77,2,77,0,0
2636,closed,xenux,volunter,xenux,volunter,1,8,1,0,0
2635,closed,derrickgw,volunter,derrickgw,volunter,0,1,0,0,0
2634,closed,zvinless,volunter,technoweenie,volunter,3,19,29,2,28
2631,closed,csmager,volunter,ttaylorr,employee,81,9,77,3,0
2629,open,carlg1,volunter,null,volunter,null,4,82,0,null
2627,open,larsxschneider,volunter,technoweenie,volunter,null,24,208,0,null
2624,closed,technoweenie,volunter,technoweenie,volunter,5,0,null,null,null
2623,open,technoweenie,volunter,null,volunter,null,0,null,null,null
2619,closed,SRombauts,volunter,technoweenie,volunter,0,1,0,0,0
2618,closed,nqdrizzt,volunter,nqdrizzt,volunter,1,4,1,0,0
2616,open,SRombauts,volunter,null,volunter,null,8,13,0,null
2613,open,whoisj,volunter,null,volunter,null,6,23,0,null
2612,closed,Kryofenix,volunter,sschuberth,volunter,1,4,0,1,0
2606,closed,svendhhh,volunter,technoweenie,volunter,3,4,3,0,0
2605,closed,karlthepagan,volunter,technoweenie,volunter,5,6,4,0,0
2604,closed,sramssh,volunter,technoweenie,volunter,7,6,5,1,0
2603,closed,lfarkas,volunter,lfarkas,volunter,0,3,0,0,0
2602,open,apeyroux,volunter,null,volunter,null,3,0,0,null
2601,closed,kvz,volunter,technoweenie,volunter,7,8,105,0,98
2599,closed,joshaber,employee,technoweenie,volunter,7,1,0,3,4
2597,closed,cmruffin,volunter,technoweenie,volunter,3,14,3,0,0
2595,closed,real-mielofon,volunter,real-mielofon,volunter,2,4,2,0,0
2594,closed,TTimo,volunter,TTimo,volunter,0,10,0,0,0
2593,closed,cmruffin,volunter,technoweenie,volunter,8,2,0,0,8
2592,closed,shiftkey,employee,technoweenie,volunter,2,2,0,0,1
2587,open,larsxschneider,volunter,null,volunter,null,5,80,0,null
2582,open,gurugray,volunter,null,volunter,null,3,3,0,null
2581,closed,gurugray,volunter,technoweenie,volunter,13,3,0,12,0
2576,open,capearlman,volunter,null,volunter,null,2,138,0,null
2575,closed,emericv,volunter,ttaylorr,employee,113,4,0,0,113
2569,open,binal24,volunter,null,volunter,null,1,0,0,null
2568,closed,JSBmanD,volunter,ttaylorr,employee,0,4,0,0,0
2565,closed,laoshaw,volunter,ttaylorr,employee,0,1,0,0,0
2564,closed,echoma,volunter,ttaylorr,employee,0,2,0,0,0
2563,closed,rgbkrk,volunter,ttaylorr,employee,0,1,0,0,0
2561,open,silky,volunter,null,volunter,null,4,0,0,null
2560,closed,silky,volunter,ttaylorr,employee,0,2,0,0,0
2557,closed,hymerman,volunter,ttaylorr,employee,0,9,0,0,0
2555,closed,silky,volunter,ttaylorr,employee,0,3,0,0,0
2549,closed,gitfoxi,volunter,ttaylorr,employee,0,2,6,0,6
2545,closed,StanislawAntol,volunter,StanislawAntol,volunter,3,4,8,3,8
2543,closed,SebastianoF,volunter,SebastianoF,volunter,3,7,17,0,14
2542,closed,ubershmekel,volunter,ubershmekel,volunter,126,4,126,0,0
2534,closed,ryran,volunter,ttaylorr,employee,9,9,154,1,146
2533,closed,cehoffman,volunter,cehoffman,volunter,38,5,36,2,0
2532,closed,JonasT,volunter,technoweenie,volunter,4,16,12,3,11
2523,closed,jgrosso,volunter,ttaylorr,employee,0,6,0,0,0
2522,open,Rmpanga,volunter,null,volunter,null,4,4,0,null
2521,closed,ppKrauss,volunter,technoweenie,volunter,0,1,0,0,0
2520,closed,ygoe,volunter,ttaylorr,employee,3,2,72,0,68
2519,closed,technoweenie,volunter,ttaylorr,employee,8,3,0,4,3
2518,closed,ShacharWeis,volunter,technoweenie,volunter,54,7,54,0,0
2517,closed,dPeS,volunter,technoweenie,volunter,10,8,10,0,0
2513,closed,JCaraballo113,volunter,ttaylorr,employee,0,1,0,0,0
2512,open,jeaye,volunter,null,volunter,null,4,0,2,null
2504,closed,ninloot,volunter,ttaylorr,employee,0,1,0,0,0
2503,closed,Bdoom,volunter,ttaylorr,employee,0,10,0,0,0
2498,closed,canyou2014,volunter,ttaylorr,employee,0,8,279,0,279
2497,closed,mrbobbybobberson,volunter,ttaylorr,employee,20,6,154,0,134
2496,closed,mrbobbybobberson,volunter,ttaylorr,employee,15,9,13,8,5
2494,closed,mrbobbybobberson,volunter,mrbobbybobberson,volunter,13,2,4,8,0
2492,closed,jonico,employee,ttaylorr,employee,2,1,0,2,0
2491,closed,aleb,volunter,ttaylorr,employee,0,1,0,0,0
2490,closed,aleb,volunter,aleb,volunter,1,2,1,0,0
2489,closed,canyou2014,volunter,ttaylorr,employee,0,1,0,0,0
2487,closed,mohseenrm,volunter,ttaylorr,employee,0,2,0,0,0
2486,closed,rajaditya-m,volunter,ttaylorr,employee,0,5,0,0,0
2484,closed,Vidhu115,volunter,ttaylorr,employee,0,1,0,0,0
2482,closed,jlbaxter,volunter,ttaylorr,employee,0,8,14,0,14
2481,closed,levenlol,volunter,ttaylorr,employee,1,1,0,1,0
2480,open,vhelke,volunter,ttaylorr,employee,null,7,30,4,null
2479,closed,deonblaauw,volunter,deonblaauw,volunter,0,1,0,0,0
2478,closed,chrisvanderpennen,volunter,chrisvanderpennen,volunter,12,6,13,4,5
2477,closed,trentchilders,volunter,ttaylorr,employee,0,1,0,0,0
2474,closed,deonblaauw,volunter,ttaylorr,employee,0,3,1,0,1
2473,closed,strich,volunter,ttaylorr,employee,0,4,0,0,0
2472,closed,ncanning,volunter,technoweenie,volunter,77,1,0,0,76
2466,closed,ttaylorr,employee,ttaylorr,employee,22,9,104,0,82
2464,open,zafields,volunter,ttaylorr,employee,null,6,230,0,null
2456,closed,ssgelm,volunter,ttaylorr,employee,0,2,0,0,0
2454,closed,larsxschneider,volunter,ttaylorr,employee,0,3,0,0,0
2452,closed,canyou2014,volunter,ttaylorr,employee,2,1,0,2,0
2450,closed,jjgod,volunter,ttaylorr,employee,2,6,1,2,0
2448,closed,mathstuf,volunter,technoweenie,volunter,111,6,3,0,107
2447,closed,mathstuf,volunter,ttaylorr,employee,3,13,0,0,2
2446,closed,fursu69,volunter,technoweenie,volunter,61,1,0,0,61
2445,open,masics,volunter,null,volunter,null,9,30,0,null
2444,closed,VertXLabs,volunter,ttaylorr,employee,4,6,4,0,0
2442,open,jokram,volunter,null,volunter,null,2,20,1,null
2439,closed,larsxschneider,volunter,larsxschneider,volunter,32,21,31,0,0
2435,closed,daxgames,volunter,ttaylorr,employee,0,6,205,0,205
2434,closed,obe1line,volunter,ttaylorr,employee,7,13,273,0,266
2433,open,mathstuf,volunter,null,volunter,null,9,112,3,null
2432,closed,soma11soma11,volunter,technoweenie,volunter,58,4,55,2,0
2431,closed,Baccanno,volunter,ttaylorr,employee,10,5,6,3,0
2428,open,canyou2014,volunter,null,volunter,null,7,5,0,null
2980,closed,abrownIS,volunter,abrownIS,volunter,0,1,0,0,0
2979,open,javatasse,volunter,null,volunter,null,4,0,1,null
2978,open,Zeblote,volunter,null,volunter,null,3,15,1,null
2977,closed,xaphod,volunter,ttaylorr,employee,0,5,0,0,0
2975,closed,hraban,volunter,ttaylorr,employee,1,0,null,null,null
2974,open,dalemyers,volunter,null,volunter,null,8,27,0,null
2973,closed,Y4shin,volunter,ttaylorr,employee,0,2,0,0,0
2972,closed,Canxes,volunter,ttaylorr,employee,0,1,0,0,0
2971,closed,mwiegant,volunter,ttaylorr,employee,4,2,4,0,0
2970,closed,CQCumbers,volunter,ttaylorr,employee,3,1,0,3,0
2966,closed,mpanning,volunter,ttaylorr,employee,0,1,0,0,0
2965,closed,boskiv,volunter,ttaylorr,employee,0,2,0,0,0
2964,closed,Duobix,volunter,ttaylorr,employee,1,1,0,1,0
2962,open,Garonenur,volunter,null,volunter,null,3,2,0,null
2959,closed,necromuralist,volunter,ttaylorr,employee,0,1,0,0,0
2958,open,R-U-N,volunter,ttaylorr,employee,null,5,30,0,null
2957,closed,ColinHebert,volunter,ttaylorr,employee,2,1,0,2,0
2956,open,novalagung,volunter,null,volunter,null,1,0,0,null
2954,closed,BFriedman117,volunter,BFriedman117,volunter,0,2,0,0,0
2953,closed,jpVm5jYYRE1VIKL,volunter,ttaylorr,employee,0,3,0,0,0
2952,open,thepete5,volunter,null,volunter,null,3,0,0,null
2951,closed,andybak,volunter,ttaylorr,employee,0,1,0,0,0
2427,open,canyou2014,volunter,null,volunter,null,4,0,0,null
2424,closed,GMaggi89,volunter,technoweenie,volunter,1,2,0,0,0
2419,closed,jcocozzi,volunter,technoweenie,volunter,2,3,2,0,0
2417,closed,DyspC,volunter,technoweenie,volunter,0,2,0,0,0
2416,open,mrkita,volunter,null,volunter,null,2,0,0,null
2415,closed,ttaylorr,employee,ttaylorr,employee,61,4,55,0,5
2414,closed,jcocozzi,volunter,jcocozzi,volunter,0,1,0,0,0
2413,open,jokram,volunter,null,volunter,null,8,36,0,null
2412,closed,canyou2014,volunter,ttaylorr,employee,0,2,0,0,0
2411,open,olivierIllogika,volunter,null,volunter,null,1,0,0,null
2409,closed,termit9888,volunter,ttaylorr,employee,0,2,0,0,0
2408,closed,dscho,volunter,dscho,volunter,0,3,0,0,0
2407,closed,kangshan0910,volunter,technoweenie,volunter,77,2,77,0,0
2406,closed,sauhaardac,volunter,sauhaardac,volunter,0,3,0,0,0
2405,closed,sauhaardac,volunter,ttaylorr,employee,0,2,0,0,0
2391,closed,ttaylorr,employee,technoweenie,volunter,83,2,79,3,0
2390,closed,ssgelm,volunter,ssgelm,volunter,19,7,18,0,0
2381,closed,ashumkin,volunter,ttaylorr,employee,65,5,64,0,0
2380,closed,sentience,volunter,ttaylorr,employee,1,10,1,0,0
2379,closed,Davidnet,volunter,ttaylorr,employee,1,2,1,0,0
2378,open,JonasT,volunter,null,volunter,null,1,0,1,null
2373,closed,GabeZacarias,volunter,GabeZacarias,volunter,0,0,null,null,null
2372,open,ELLIOTTCABLE,volunter,null,volunter,null,3,0,6,null
2368,closed,ELLIOTTCABLE,volunter,ttaylorr,employee,12,1,0,6,5
2367,closed,shuhrat,volunter,shuhrat,volunter,1,8,7,0,5
2366,closed,inkychris,volunter,technoweenie,volunter,0,4,6,0,6
2365,closed,mburaksayici,volunter,ttaylorr,employee,7,2,0,7,0
2364,closed,olgabot,volunter,ttaylorr,employee,7,7,144,0,136
2363,closed,schwaerz,volunter,schwaerz,volunter,1,9,0,1,0
2361,open,tst-awankhede,volunter,null,volunter,null,6,0,0,null
2360,closed,technoweenie,volunter,ttaylorr,employee,44,3,9,0,34
2359,closed,ttaylorr,employee,ttaylorr,employee,73,1,0,1,72
2357,open,ttaylorr,employee,null,volunter,null,0,null,null,null
2354,closed,KOLANICH,volunter,ttaylorr,employee,45,16,44,1,0
2352,closed,cwardgar,volunter,cwardgar,volunter,1,3,1,0,0
2351,closed,jmoser11,volunter,jmoser11,volunter,35,2,34,0,0
2350,open,pvvl,volunter,pvvl,volunter,null,6,73,0,null
2349,open,larsxschneider,volunter,null,volunter,null,4,273,0,null
2342,open,ksze,volunter,null,volunter,null,7,236,1,null
2336,open,vivekacs,volunter,null,volunter,null,2,2,0,null
2330,closed,akester,volunter,akester,volunter,27,2,16,11,0
2328,open,CopyRunStart,volunter,null,volunter,null,29,138,0,null
2326,closed,paul-tcell,volunter,paul-tcell,volunter,0,2,0,0,0
2325,open,guillaume-chevalier,volunter,null,volunter,null,7,232,0,null
2323,open,WebDev64,volunter,null,volunter,null,3,2,0,null
2314,closed,larsxschneider,volunter,ttaylorr,employee,95,16,49,1,43
2309,closed,zhiqiangZHAO,volunter,ttaylorr,employee,0,12,5,0,5
2307,closed,jwvanderbeck,volunter,ttaylorr,employee,39,9,39,0,0
2306,open,euphxenos,volunter,null,volunter,null,8,342,0,null
2304,closed,pvchaumier,volunter,technoweenie,volunter,20,5,18,1,0
2298,open,larsxschneider,volunter,null,volunter,null,2,0,0,null
2291,closed,arun-kambhammettu,volunter,arun-kambhammettu,volunter,0,16,349,0,349
2290,closed,tishion,volunter,tishion,volunter,0,0,null,null,null
2289,closed,asottile,volunter,asottile,volunter,210,11,210,0,0
2285,closed,technoweenie,volunter,ttaylorr,employee,71,0,null,null,null
2284,open,jipexu,volunter,null,volunter,null,29,3,0,null
2282,closed,erikor,volunter,technoweenie,volunter,0,1,0,0,0
2281,closed,jasjuang,volunter,ttaylorr,employee,0,2,0,0,0
2280,closed,sergiik,volunter,technoweenie,volunter,112,6,98,14,0
2279,closed,Caspert,volunter,ttaylorr,employee,0,5,126,0,126
2276,closed,benelot,volunter,ttaylorr,employee,1,6,15,1,15
2274,closed,lasryaric,volunter,ttaylorr,employee,3,1,0,3,0
2273,closed,bencates,volunter,ttaylorr,employee,3,2,0,3,0
2271,closed,frilla,volunter,ttaylorr,employee,3,3,9,3,9
2270,open,smorin-primero,volunter,null,volunter,null,2,0,3,null
2269,closed,ProggerPete,volunter,ttaylorr,employee,4,7,4,0,0
2264,open,yareg,volunter,null,volunter,null,1,0,5,null
2260,closed,BrodyB,volunter,BrodyB,volunter,11,4,150,5,144
2259,closed,devedse,volunter,technoweenie,volunter,132,6,127,0,4
2258,open,larsxschneider,volunter,null,volunter,null,5,337,0,null
2257,open,tomjakubowski,volunter,null,volunter,null,2,0,0,null
2256,closed,devedse,volunter,ttaylorr,employee,0,9,0,0,0
2255,open,krukai,volunter,null,volunter,null,3,108,0,null
2254,closed,mitar,volunter,technoweenie,volunter,0,1,0,0,0
2253,closed,linquize,volunter,ttaylorr,employee,325,1,0,0,325
2250,closed,linquize,volunter,ttaylorr,employee,0,1,0,0,0
2249,closed,linquize,volunter,ttaylorr,employee,0,1,0,0,0
2236,closed,seth2810,volunter,ttaylorr,employee,0,2,0,0,0
2234,closed,pascalberger,volunter,ttaylorr,employee,285,13,273,0,11
2223,closed,xming07,volunter,ttaylorr,employee,330,4,339,0,9
2222,closed,wenyang,volunter,ttaylorr,employee,1,2,0,0,0
2221,closed,whitty,volunter,technoweenie,volunter,3,3,6,0,3
2219,closed,mrobbeloth,volunter,mrobbeloth,volunter,0,4,1,0,0
2218,closed,kikakuka,volunter,ttaylorr,employee,332,12,332,0,0
2215,open,samskiter,volunter,null,volunter,null,14,180,0,null
2214,closed,PortManHead,volunter,technoweenie,volunter,139,10,9,0,130
2213,closed,BstlWstl,volunter,ttaylorr,employee,336,3,335,0,0
2209,closed,YungQuant,volunter,ttaylorr,employee,338,5,338,0,0
2208,open,hsattler,volunter,null,volunter,null,28,36,0,null
2207,closed,lyosha,volunter,ttaylorr,employee,0,2,0,0,0
2204,closed,FredyC,volunter,technoweenie,volunter,0,12,3,0,3
2202,closed,JonasT,volunter,technoweenie,volunter,60,22,58,1,0
2201,closed,JonasT,volunter,technoweenie,volunter,60,4,58,1,0
2200,closed,robwiss,volunter,ttaylorr,employee,341,8,133,2,206
2195,closed,ycollet,volunter,technoweenie,volunter,0,3,0,0,0
2194,closed,mharradon,volunter,technoweenie,volunter,0,2,0,0,0
2193,closed,allaryin,volunter,ttaylorr,employee,0,5,1,0,1
2191,closed,Pranav02,volunter,technoweenie,volunter,0,1,0,0,0
2190,closed,jonasmalacofilho,volunter,ttaylorr,employee,1,15,2,0,2
2189,closed,lukka,volunter,ttaylorr,employee,1,1,0,1,0
2186,closed,lukka,volunter,lukka,volunter,0,2,381,0,381
2185,closed,larsxschneider,volunter,ttaylorr,employee,21,2,20,0,0
2182,closed,afropenguinn,volunter,afropenguinn,volunter,0,1,0,0,0
2176,open,dankegel,volunter,null,volunter,null,1,0,0,null
2174,closed,dwlemmer,volunter,ttaylorr,employee,0,1,0,0,0
2173,closed,tonygod,volunter,ttaylorr,employee,0,2,0,0,0
2172,closed,tonygod,volunter,tonygod,volunter,0,3,0,0,0
2169,closed,srjek,volunter,technoweenie,volunter,191,4,186,2,2
2166,closed,derrickstolee,volunter,ttaylorr,employee,6,1,0,0,6
2165,closed,mserfli,volunter,mserfli,volunter,18,3,18,0,0
2164,open,githubkusi,volunter,null,volunter,null,3,358,0,null
2163,closed,QuLogic,volunter,technoweenie,volunter,0,3,4,0,4
2157,closed,vvasuki,volunter,ttaylorr,employee,4,1,0,4,0
2155,closed,Carracer66,volunter,technoweenie,volunter,0,2,0,0,0
2153,closed,shoelzer,volunter,ttaylorr,employee,364,4,363,1,0
2151,closed,larsxschneider,volunter,ttaylorr,employee,0,11,35,0,35
2150,closed,AstralProgrammer,volunter,technoweenie,volunter,0,2,0,0,0
2149,closed,amousa1968,volunter,amousa1968,volunter,0,2,0,0,0
2147,open,sageinblue,volunter,null,volunter,null,4,366,0,null
2146,closed,ttaylorr,employee,technoweenie,volunter,77,22,35,0,41
2144,closed,Netzeband,volunter,technoweenie,volunter,0,6,0,0,0
2143,open,fir3wall,volunter,null,volunter,null,3,367,0,null
2142,closed,rivaros,volunter,technoweenie,volunter,0,2,0,0,0
2141,closed,ttaylorr,employee,ttaylorr,employee,3,5,2,0,0
2138,closed,SRombauts,volunter,ttaylorr,employee,2,2,0,0,2
2137,closed,neslekkim,volunter,ttaylorr,employee,8,7,8,0,0
2136,closed,nucfisher,volunter,ttaylorr,employee,0,1,0,0,0
2135,open,imaginate,volunter,null,volunter,null,16,319,0,null
2134,closed,martyngigg,volunter,technoweenie,volunter,25,7,46,0,22
2133,closed,IoriBranford,volunter,ttaylorr,employee,371,3,1,1,368
2132,closed,tbehera,volunter,ttaylorr,employee,0,7,0,0,0
2131,closed,hluoml,volunter,hluoml,volunter,0,1,0,0,0
2129,closed,emalyi,volunter,emalyi,volunter,6,3,5,0,0
2126,closed,PavanJakhu,volunter,ttaylorr,employee,373,9,75,0,297
2125,closed,technoweenie,volunter,ttaylorr,employee,2,3,0,0,2
2124,open,alexbbrown,volunter,null,volunter,null,4,0,0,null
2123,closed,Gergosz2,volunter,ttaylorr,employee,0,2,0,0,0
2121,closed,pedroAlba,volunter,ttaylorr,employee,0,5,0,0,0
2120,open,emrys90,volunter,ttaylorr,employee,null,19,354,0,null
2119,closed,jdsterritt,volunter,ttaylorr,employee,0,1,0,0,0
2118,closed,alexbbrown,volunter,ttaylorr,employee,378,1,0,0,377
2117,open,alexbbrown,volunter,null,volunter,null,1,0,0,null
2116,closed,fursu69,volunter,ttaylorr,employee,0,1,0,0,0
2115,closed,twinj,volunter,ttaylorr,employee,378,5,378,0,0
2950,open,viric,volunter,null,volunter,null,7,8,0,null
2947,closed,kamlekar,volunter,kamlekar,volunter,2,7,3,0,0
2946,closed,wenjinghy,volunter,ttaylorr,employee,1,2,0,1,0
2945,open,GeorgeR,volunter,null,volunter,null,1,0,3,null
2944,closed,jflefebvre06,volunter,ttaylorr,employee,1,3,1,1,1
2943,closed,ankit-shah2,volunter,ttaylorr,employee,1,1,0,1,0
2940,closed,hacki11,volunter,ttaylorr,employee,5,1,0,5,0
2938,open,jerick1976,volunter,null,volunter,null,2,1,18,null
2937,open,akraines,volunter,null,volunter,null,1,0,6,null
2936,closed,hosnas,volunter,ttaylorr,employee,0,1,0,0,0
2935,closed,ntc2,volunter,ttaylorr,employee,6,4,0,6,0
2931,closed,dakotahawkins,volunter,ttaylorr,employee,0,1,0,0,0
2930,closed,xerus,volunter,ttaylorr,employee,1,2,0,0,0
2922,closed,adrianefresh,volunter,adrianefresh,volunter,0,1,0,0,0
2921,closed,adrianefresh,volunter,adrianefresh,volunter,0,2,0,0,0
2920,closed,Surmeh,volunter,Surmeh,volunter,0,3,3,0,3
2919,closed,bootstraponline,volunter,ttaylorr,employee,0,8,5,0,4
2916,closed,chandaku,volunter,ttaylorr,employee,4,5,11,0,7
2915,open,vermaport,volunter,null,volunter,null,5,13,0,null
2914,open,stanhu,volunter,null,volunter,null,4,5,1,null
2913,closed,ArtyMcLabin,volunter,ttaylorr,employee,3,6,5,2,5
2114,closed,ccx1024cc,volunter,ttaylorr,employee,0,12,9,0,8
2113,closed,dscho,volunter,ttaylorr,employee,0,1,0,0,0
2108,open,barakwei,volunter,null,volunter,null,2,0,0,null
2106,closed,derrickstolee,volunter,ttaylorr,employee,0,1,0,0,0
2105,closed,derrickstolee,volunter,ttaylorr,employee,6,10,6,0,0
2104,closed,derrickstolee,volunter,ttaylorr,employee,0,1,0,0,0
2103,closed,fursu69,volunter,ttaylorr,employee,0,1,0,0,0
2093,closed,rjbell4,volunter,ttaylorr,employee,20,6,20,0,0
2091,closed,JonasT,volunter,ttaylorr,employee,0,3,0,0,0
2076,closed,JarrettR,volunter,ttaylorr,employee,33,2,21,11,0
2071,closed,James-Dengel,volunter,ttaylorr,employee,0,1,0,0,0
2069,closed,lbergelson,volunter,ttaylorr,employee,0,9,147,0,147
2068,closed,jvanbruegge,volunter,technoweenie,volunter,0,3,0,0,0
2066,closed,JonasT,volunter,JonasT,volunter,0,2,0,0,0
2065,closed,technoweenie,volunter,ttaylorr,employee,35,8,2,0,32
2064,closed,technoweenie,volunter,ttaylorr,employee,2,0,null,null,null
2063,closed,technoweenie,volunter,ttaylorr,employee,44,4,39,2,2
2062,closed,ikriz,volunter,ttaylorr,employee,2,1,0,2,0
2061,closed,barakwei,volunter,barakwei,volunter,0,3,0,0,0
2060,closed,mz0,volunter,technoweenie,volunter,4,1,0,2,1
2058,closed,haibin,volunter,haibin,volunter,1,2,1,0,0
2046,closed,andronocean,volunter,ttaylorr,employee,0,3,0,0,0
2044,closed,Benjamin-Dobell,volunter,Benjamin-Dobell,volunter,0,3,377,0,377
2041,closed,gerritgoetzen,volunter,ttaylorr,employee,7,14,42,0,35
2040,closed,jasjuang,volunter,ttaylorr,employee,12,23,361,3,353
2039,closed,jasjuang,volunter,technoweenie,volunter,3,1,0,3,0
2038,closed,damphyr,volunter,damphyr,volunter,12,7,12,0,0
2037,closed,MichalDulemba,volunter,ttaylorr,employee,0,3,0,0,0
2036,closed,AETTELA,volunter,technoweenie,volunter,0,1,0,0,0
2034,open,AETTELA,volunter,ttaylorr,employee,null,7,46,0,null
2032,open,tfiner,volunter,null,volunter,null,3,0,0,null
2031,closed,erebel55,volunter,technoweenie,volunter,0,7,111,0,111
2030,closed,nickbender,volunter,nickbender,volunter,408,4,407,0,0
2029,closed,midworld,volunter,ttaylorr,employee,15,10,13,0,1
2027,closed,hluoml,volunter,hluoml,volunter,1,12,27,0,25
2026,closed,JonasT,volunter,ttaylorr,employee,1,1,0,1,0
2025,closed,samskiter,volunter,ttaylorr,employee,1,4,0,1,0
2018,closed,bozaro,volunter,ttaylorr,employee,1,7,7,0,6
2017,closed,stickywes,volunter,stickywes,volunter,0,3,0,0,0
2016,closed,sgoo,volunter,ttaylorr,employee,15,5,25,0,9
2015,open,monitorjbl,volunter,null,volunter,null,3,420,2,null
2014,closed,guillaume-chevalier,volunter,guillaume-chevalier,volunter,97,8,391,0,294
2013,open,pronobis,volunter,null,volunter,null,8,411,2,null
2012,closed,internetimagery,volunter,ttaylorr,employee,0,4,0,0,0
2011,closed,chucklu,volunter,chucklu,volunter,0,19,431,0,431
2010,closed,mitchelh,volunter,ttaylorr,employee,0,0,null,null,null
2009,closed,LadyR0uge,volunter,ttaylorr,employee,0,1,0,0,0
2003,closed,derrickstolee,volunter,derrickstolee,volunter,1,4,1,0,0
2002,closed,DoDoENT,volunter,technoweenie,volunter,1,20,283,0,282
2001,closed,geoffrey4444,volunter,technoweenie,volunter,0,1,0,0,0
2000,closed,jfkw,volunter,ttaylorr,employee,402,9,402,0,0
1998,closed,JanGorman,volunter,JanGorman,volunter,1,12,35,0,33
1997,open,nbenty,volunter,null,volunter,null,3,0,0,null
1996,closed,nbenty,volunter,ttaylorr,employee,0,3,0,0,0
1995,closed,nbenty,volunter,ttaylorr,employee,403,12,403,0,0
1994,closed,zezba9000,volunter,zezba9000,volunter,22,2,21,0,0
1993,closed,gamefiend,employee,gamefiend,employee,0,2,0,0,0
1992,closed,SavageTechnologies,volunter,SavageTechnologies,volunter,1,10,159,0,158
1991,open,voidnullptr,volunter,null,volunter,null,6,429,0,null
1988,closed,julioceballos4,volunter,julioceballos4,volunter,0,0,null,null,null
1985,closed,markknol,volunter,ttaylorr,employee,0,1,0,0,0
1984,closed,BarryAllenJr,volunter,ttaylorr,employee,1,1,0,1,0
1977,open,lacombar,volunter,null,volunter,null,3,340,0,null
1976,closed,lacombar,volunter,ttaylorr,employee,410,2,410,0,0
1975,closed,lacombar,volunter,ttaylorr,employee,410,1,0,0,410
1974,closed,lacombar,volunter,ttaylorr,employee,410,1,0,0,410
1973,closed,monoburn,volunter,ttaylorr,employee,4,3,4,0,0
1970,closed,moritz-wundke,volunter,ttaylorr,employee,44,9,43,0,0
1969,open,masics,volunter,null,volunter,null,5,1,0,null
1967,closed,karanhcl,volunter,ttaylorr,employee,0,2,0,0,0
1964,closed,bbodenmiller,volunter,sschuberth,volunter,2,4,0,0,2
1963,closed,larsxschneider,volunter,ttaylorr,employee,0,2,0,0,0
1960,closed,JonasT,volunter,ttaylorr,employee,415,4,415,0,0
1956,closed,jean-christophe-manciot,volunter,jean-christophe-manciot,volunter,272,7,271,0,0
1949,closed,grantstephens,volunter,grantstephens,volunter,0,4,0,0,0
1948,closed,anshulgarg11,volunter,ttaylorr,employee,417,2,416,1,0
1943,closed,lloyd,volunter,ttaylorr,employee,0,2,0,0,0
1942,closed,ttaylorr,employee,technoweenie,volunter,2,2,1,1,0
1941,closed,technoweenie,volunter,ttaylorr,employee,37,2,35,1,0
1939,closed,cburanicz,volunter,cburanicz,volunter,0,20,463,0,463
1935,closed,maklaus,volunter,ttaylorr,employee,0,9,339,0,339
1934,closed,zezba9000,volunter,ttaylorr,employee,0,3,0,0,0
1933,closed,hexxd,volunter,ttaylorr,employee,2,6,324,1,324
1929,closed,sschuberth,volunter,ttaylorr,employee,0,0,null,null,null
1928,closed,rderimay,volunter,ttaylorr,employee,423,8,3,0,419
1926,closed,technoweenie,volunter,ttaylorr,employee,7,5,3,1,3
1925,closed,technoweenie,volunter,ttaylorr,employee,1,2,0,1,0
1923,closed,gebi,volunter,ttaylorr,employee,424,13,454,0,29
1920,closed,tbhartman,volunter,technoweenie,volunter,2,3,2,0,0
1919,open,cscrimge,volunter,null,volunter,null,2,0,0,null
1918,closed,mbrennan,volunter,ttaylorr,employee,427,5,427,0,0
1917,closed,Flipster77,volunter,Flipster77,volunter,2,3,1,0,0
1916,closed,Daerst,volunter,ttaylorr,employee,428,7,427,0,0
1915,closed,falcongreatly,volunter,ttaylorr,employee,428,5,427,1,0
1908,closed,technoweenie,volunter,technoweenie,volunter,13,6,12,1,0
1907,closed,delcypher,volunter,delcypher,volunter,0,4,0,0,0
1906,closed,trustfarm-dev,volunter,ttaylorr,employee,0,6,470,0,470
1902,closed,zezba9000,volunter,technoweenie,volunter,0,8,0,0,0
1901,closed,lxypeter,volunter,ttaylorr,employee,12,5,12,0,0
1900,closed,alastair-harrison,volunter,ttaylorr,employee,156,10,155,0,0
1899,closed,samsonpaul87,volunter,ttaylorr,employee,0,2,0,0,0
1898,closed,azlinrahim,volunter,ttaylorr,employee,0,1,0,0,0
1897,closed,halirutan,volunter,ttaylorr,employee,0,13,0,0,0
1895,closed,mapio,volunter,ttaylorr,employee,23,2,0,0,22
1894,open,hajokirchhoff,volunter,null,volunter,null,7,7,0,null
1892,closed,dfroger,volunter,ttaylorr,employee,0,3,0,0,0
1891,closed,technoweenie,volunter,technoweenie,volunter,11,6,11,0,0
1889,closed,findchris,volunter,findchris,volunter,0,4,0,0,0
1888,closed,hf2186,volunter,technoweenie,volunter,0,1,0,0,0
1884,closed,technoweenie,volunter,ttaylorr,employee,24,6,24,0,0
1883,closed,technoweenie,volunter,technoweenie,volunter,9,5,7,1,0
1882,open,bobot,volunter,null,volunter,null,1,0,0,null
1881,closed,milianw,volunter,technoweenie,volunter,0,6,0,0,0
1880,closed,andrewrech,volunter,andrewrech,volunter,26,9,87,0,61
1879,closed,MaxiMax07,volunter,ttaylorr,employee,442,3,441,0,0
1878,closed,delcypher,volunter,technoweenie,volunter,1,6,1,0,0
1876,open,derrickstolee,volunter,null,volunter,null,1,0,0,null
1875,closed,eminence,volunter,ttaylorr,employee,0,3,0,0,0
1874,closed,technoweenie,volunter,technoweenie,volunter,6,5,6,0,0
1873,closed,teolaz,volunter,ttaylorr,employee,447,2,447,0,0
1872,closed,neslekkim,volunter,ttaylorr,employee,447,7,447,0,0
1871,closed,neslekkim,volunter,ttaylorr,employee,447,5,447,0,0
1867,closed,peteryule,volunter,peteryule,volunter,0,0,null,null,null
1866,closed,kylezhaoxc,volunter,kylezhaoxc,volunter,2,5,2,1,1
1865,closed,amaredeus,volunter,ttaylorr,employee,450,5,64,4,382
1864,closed,bhaprayan,volunter,bhaprayan,volunter,4,2,0,3,0
1862,closed,joericks,volunter,joericks,volunter,0,2,0,0,0
1860,closed,monitorjbl,volunter,technoweenie,volunter,4,4,3,0,0
1859,closed,soutaga,volunter,ttaylorr,employee,39,4,39,0,0
1858,closed,junebug12851,volunter,ttaylorr,employee,39,9,38,0,0
1855,open,ttaylorr,employee,null,volunter,null,1,0,40,null
1853,closed,jjgod,volunter,jjgod,volunter,0,6,0,0,0
1851,closed,johnepinterest,volunter,ttaylorr,employee,0,3,0,0,0
1848,closed,Sanster,volunter,technoweenie,volunter,70,4,70,0,0
1844,open,sinbad,volunter,null,volunter,null,15,1,0,null
1843,open,richpeck,volunter,null,volunter,null,7,310,0,null
1842,closed,gregbillock,volunter,technoweenie,volunter,1,1,0,1,0
1834,open,gregbillock,volunter,null,volunter,null,11,77,0,null
1833,open,ttaylorr,employee,null,volunter,null,0,null,null,null
1831,closed,ttaylorr,employee,technoweenie,volunter,28,1,0,28,0
1828,closed,provegard,volunter,provegard,volunter,1,22,461,0,460
1823,open,levequej,volunter,null,volunter,null,1,0,0,null
1821,closed,apetresc,volunter,ttaylorr,employee,382,16,381,1,0
1819,closed,ttaylorr,employee,ttaylorr,employee,18,0,null,null,null
2911,open,bket,volunter,null,volunter,null,1,0,6,null
2910,open,larsxschneider,volunter,null,volunter,null,8,4,1,null
2909,closed,mrackwitz,volunter,ttaylorr,employee,7,1,0,7,0
2908,closed,mrackwitz,volunter,ttaylorr,employee,19,2,0,11,8
2907,closed,tylerauerbeck,volunter,ttaylorr,employee,12,1,0,12,0
2905,closed,JJonesSoundArtist,volunter,JJonesSoundArtist,volunter,3,1,0,8,4
2904,closed,moriamoria,volunter,ttaylorr,employee,39,2,28,11,0
2903,closed,BanzaiMan,volunter,BanzaiMan,volunter,0,2,0,0,0
2900,closed,goodtune,volunter,ttaylorr,employee,0,5,0,0,0
2899,closed,QuLogic,volunter,ttaylorr,employee,0,5,0,0,0
2898,closed,Shoopalapa,volunter,ttaylorr,employee,0,6,53,0,52
2896,closed,johnny94,volunter,ttaylorr,employee,2,1,0,2,0
2895,closed,jeffreydwalter,volunter,ttaylorr,employee,0,3,2,0,2
2894,open,ar613,volunter,null,volunter,null,3,0,0,null
2893,closed,cancan101,volunter,ttaylorr,employee,1,1,0,1,0
2892,closed,JJonesSoundArtist,volunter,ttaylorr,employee,2,2,1,1,0
2891,closed,nathasm,volunter,ttaylorr,employee,1,2,1,0,0
2887,open,hoverbird,volunter,null,volunter,null,7,4,0,null
2886,closed,palmin,volunter,ttaylorr,employee,1,2,0,1,0
2885,closed,Peter006,volunter,ttaylorr,employee,6,6,15,1,9
1803,closed,JonasT,volunter,ttaylorr,employee,1,6,9,0,8
1802,closed,JonasT,volunter,JonasT,volunter,0,3,0,0,0
1800,closed,JonasT,volunter,JonasT,volunter,14,7,12,2,0
1795,closed,rothgar,volunter,ttaylorr,employee,0,1,0,0,0
1792,closed,jjgod,volunter,technoweenie,volunter,0,2,0,0,0
1786,open,larsxschneider,volunter,null,volunter,null,4,0,0,null
1785,closed,39Thracian,volunter,ttaylorr,employee,6,3,6,0,0
1783,closed,ttaylorr,employee,technoweenie,volunter,21,12,21,0,0
1781,closed,ttaylorr,employee,ttaylorr,employee,68,3,13,4,50
1778,closed,Tzrlk,volunter,ttaylorr,employee,0,9,90,0,90
1773,closed,knime,volunter,ttaylorr,employee,11,4,7,5,1
1765,closed,clembou,volunter,clembou,volunter,0,3,0,0,0
1764,closed,ttaylorr,employee,ttaylorr,employee,3,8,2,0,0
1763,open,BrodyB,volunter,null,volunter,null,4,24,1,null
1762,closed,woopla,volunter,woopla,volunter,0,4,3,0,3
1761,closed,mramato,volunter,mramato,volunter,0,0,null,null,null
1759,closed,ayumisato,volunter,technoweenie,volunter,4,1,0,0,4
1757,open,JaySoyer,volunter,null,volunter,null,4,50,0,null
1755,open,christian-korneck,volunter,null,volunter,null,1,0,10,null
1753,closed,kavehv,volunter,technoweenie,volunter,46,2,0,0,46
1751,closed,alejandrorbradford,volunter,technoweenie,volunter,3,10,3,0,0
1750,closed,smithkl42,volunter,ttaylorr,employee,18,41,19,0,0
1748,closed,tmoers,volunter,tmoers,volunter,0,2,0,0,0
1740,closed,jpschwinghamer,volunter,ttaylorr,employee,45,2,0,1,43
1735,open,pointcache,volunter,null,volunter,null,4,2,0,null
1730,closed,smorin-primero,volunter,ttaylorr,employee,1,12,0,0,0
1729,closed,larsxschneider,volunter,ttaylorr,employee,25,20,19,0,6
1726,closed,AndrewJDR,volunter,ttaylorr,employee,223,79,286,0,63
1724,closed,AndrewJDR,volunter,ttaylorr,employee,247,3,247,0,0
1720,closed,pointcache,volunter,pointcache,volunter,2,4,0,1,0
1719,open,danielbayley,volunter,null,volunter,null,1,0,2,null
1718,open,gregerc,volunter,null,volunter,null,9,87,3,null
1717,closed,James-Dengel,volunter,ttaylorr,employee,8,4,13,6,11
1716,closed,GaneshShetty951,volunter,technoweenie,volunter,7,1,0,4,3
1715,open,yhl3692319,volunter,null,volunter,null,2,455,4,null
1714,closed,loretoparisi,volunter,loretoparisi,volunter,4,7,402,4,402
1704,closed,JasonAUnrein,volunter,JasonAUnrein,volunter,6,2,0,5,0
1702,open,chriscool,volunter,null,volunter,null,7,8,0,null
1701,closed,bgiaccio,volunter,technoweenie,volunter,65,2,0,65,0
1700,closed,larsxschneider,volunter,ttaylorr,employee,0,1,0,0,0
1697,closed,eminence,volunter,ttaylorr,employee,0,6,0,0,0
1693,closed,larsxschneider,volunter,ttaylorr,employee,0,1,0,0,0
1691,closed,ninloot,volunter,ninloot,volunter,2,2,0,1,0
1690,closed,DoDoENT,volunter,ttaylorr,employee,4,10,102,0,97
1678,open,larsxschneider,volunter,null,volunter,null,5,4,0,null
1677,open,masics,volunter,null,volunter,null,10,94,0,null
1669,closed,BalamChaac,volunter,ttaylorr,employee,0,4,12,0,12
1667,closed,larsxschneider,volunter,ttaylorr,employee,0,5,0,0,0
1665,open,JohnCallaghan01,volunter,null,volunter,null,5,0,0,null
1664,open,filcuc,volunter,null,volunter,null,3,0,0,null
1663,closed,filcuc,volunter,filcuc,volunter,0,0,null,null,null
1662,closed,SongHuaixu,volunter,ttaylorr,employee,6,2,5,0,0
1660,closed,prashn64,volunter,ttaylorr,employee,2,5,2,0,0
1655,closed,Eothred,volunter,technoweenie,volunter,13,5,13,0,0
1654,closed,livia-b,volunter,livia-b,volunter,0,3,511,0,511
1653,closed,JonasT,volunter,technoweenie,volunter,3,13,3,0,0
1652,closed,JonasT,volunter,technoweenie,volunter,13,3,13,0,0
1651,closed,ttaylorr,employee,ttaylorr,employee,31,11,31,0,0
1649,open,technoweenie,volunter,null,volunter,null,7,36,0,null
1648,closed,mandosrex,volunter,ttaylorr,employee,0,4,0,0,0
1647,closed,istvanszoke,volunter,istvanszoke,volunter,2,4,1,0,0
1645,closed,4fthawaiian,volunter,4fthawaiian,volunter,0,2,14,0,14
1644,open,snap9,volunter,null,volunter,null,2,2,1,null
1640,closed,ttaylorr,employee,ttaylorr,employee,6,10,2,3,0
1639,closed,ttaylorr,employee,ttaylorr,employee,5,1,0,3,1
1637,closed,Infotaku,volunter,technoweenie,volunter,0,3,542,0,542
1635,closed,elmarschulz,volunter,elmarschulz,volunter,7,7,8,0,0
1632,closed,technoweenie,volunter,ttaylorr,employee,144,4,4,0,139
1628,closed,ksurent,volunter,ksurent,volunter,535,3,1,0,533
1624,closed,bitinn,volunter,bitinn,volunter,0,3,0,0,0
1623,open,sayaoailun,volunter,null,volunter,null,4,3,0,null
1615,open,theNewFlesh,volunter,null,volunter,null,3,0,0,null
1614,closed,GMCadiom,volunter,technoweenie,volunter,0,1,0,0,0
1613,closed,vaceknt,volunter,vaceknt,volunter,20,6,570,0,549
1612,open,filcuc,volunter,null,volunter,null,1,0,0,null
1611,closed,MatthiasEgli,volunter,technoweenie,volunter,12,14,5,0,7
1608,open,Sakamoto-Shigeru,volunter,null,volunter,null,3,0,0,null
1606,closed,joericks,volunter,joericks,volunter,20,9,20,0,0
1601,closed,ArianRudd,volunter,ttaylorr,employee,5,7,164,0,160
1598,closed,theNewFlesh,volunter,theNewFlesh,volunter,6,7,2,4,0
1592,open,ttaylorr,employee,null,volunter,null,6,71,6,null
1589,closed,sschuberth,volunter,sschuberth,volunter,21,2,20,0,0
1587,closed,edwinksl,volunter,ttaylorr,employee,205,20,205,0,0
1581,closed,hazzaldo,volunter,technoweenie,volunter,45,16,246,0,200
1580,closed,sschuberth,volunter,ttaylorr,employee,1,3,0,0,1
1578,closed,nrser,volunter,nrser,volunter,5,6,34,3,32
1573,open,skymoo,volunter,null,volunter,null,2,91,0,null
1562,closed,andyshinn,volunter,technoweenie,volunter,108,17,108,0,0
1561,open,mfrank-gogo,volunter,null,volunter,null,5,0,0,null
1560,closed,mrsolo5k,volunter,mrsolo5k,volunter,0,0,null,null,null
1559,closed,Toldy,volunter,Toldy,volunter,3,13,3,0,1
1558,closed,TrollHorn,volunter,TrollHorn,volunter,1,4,308,0,308
1556,closed,smorin-primero,volunter,ttaylorr,employee,6,3,6,0,0
1555,closed,equidevium,volunter,ttaylorr,employee,0,22,0,0,0
1554,closed,erbanach,volunter,ttaylorr,employee,573,5,573,0,0
1553,closed,elodd,volunter,sschuberth,volunter,16,13,16,0,0
1552,closed,elodd,volunter,elodd,volunter,0,0,null,null,null
1549,closed,stanfordquan,volunter,stanfordquan,volunter,0,0,null,null,null
1547,closed,rothgar,volunter,ttaylorr,employee,10,3,10,0,0
1546,closed,larsxschneider,volunter,ttaylorr,employee,11,2,11,0,0
1544,open,larsxschneider,volunter,null,volunter,null,8,19,0,null
1543,closed,larsxschneider,volunter,technoweenie,volunter,139,9,129,0,9
1542,closed,technoweenie,volunter,ttaylorr,employee,145,10,160,0,15
1539,closed,JonasT,volunter,technoweenie,volunter,0,6,0,0,0
1538,closed,mztv,volunter,technoweenie,volunter,0,0,null,null,null
1537,open,larsxschneider,volunter,null,volunter,null,4,141,0,null
1536,closed,larsxschneider,volunter,ttaylorr,employee,1,2,0,0,1
1534,closed,rjbell4,volunter,ttaylorr,employee,20,2,20,0,0
1533,closed,skondratov,volunter,skondratov,volunter,0,3,0,0,0
1531,closed,larsxschneider,volunter,ttaylorr,employee,16,7,13,0,3
1530,closed,larsxschneider,volunter,ttaylorr,employee,12,4,12,0,0
1529,closed,bagratkirakosian,volunter,ttaylorr,employee,22,8,22,0,0
1526,closed,jeffreydwalter,volunter,jeffreydwalter,volunter,1,2,0,0,0
1525,closed,deseanab,volunter,ttaylorr,employee,27,1,0,1,26
1524,closed,radarsat1,volunter,radarsat1,volunter,0,5,5,0,5
1520,open,sarxos,volunter,null,volunter,null,4,22,0,null
1519,open,petermarko,volunter,null,volunter,null,2,1,0,null
1516,closed,Stellarspace,volunter,ttaylorr,employee,31,4,31,0,0
1515,closed,SommerEngineering,volunter,ttaylorr,employee,32,5,182,2,152
1514,closed,drussel,volunter,drussel,volunter,0,2,0,0,0
1511,closed,theNewFlesh,volunter,ttaylorr,employee,34,19,328,0,294
1510,closed,sschuberth,volunter,sschuberth,volunter,35,4,34,0,0
1508,closed,dipenpatel235,volunter,ttaylorr,employee,0,1,0,0,0
1502,closed,novaoki,volunter,ttaylorr,employee,0,3,0,0,0
1501,closed,kingces95,volunter,technoweenie,volunter,2,2,0,0,1
1500,closed,Tasteful,volunter,ttaylorr,employee,227,7,227,0,0
1498,closed,pfalcone-itrs,volunter,ttaylorr,employee,41,4,40,1,0
1496,closed,larsxschneider,volunter,technoweenie,volunter,1,7,0,0,0
2882,closed,tarioch,volunter,tarioch,volunter,0,3,0,0,0
2881,closed,jeffreydwalter,volunter,jeffreydwalter,volunter,3,2,0,2,0
2879,closed,jeffreydwalter,volunter,ttaylorr,employee,2,6,2,0,0
2878,closed,ghost,volunter,null,volunter,0,1,0,3,2
2877,closed,mlucool,volunter,ttaylorr,employee,4,1,0,4,0
2874,closed,DigitalMachinist,volunter,ttaylorr,employee,1,6,28,0,26
2873,closed,john3voltas,volunter,ttaylorr,employee,1,3,5,1,5
2872,closed,Navpreet2289,volunter,Navpreet2289,volunter,0,0,null,null,null
2869,closed,MattSowards,volunter,ttaylorr,employee,5,4,0,0,4
2868,closed,TheLandOfKings,volunter,ttaylorr,employee,0,1,0,0,0
2865,closed,abhishekph,volunter,larsxschneider,volunter,1,9,18,0,17
2864,closed,ceejatec,volunter,ttaylorr,employee,0,1,0,0,0
2863,open,shive,volunter,ttaylorr,employee,null,6,7,0,null
2862,closed,Kevinvdbij,volunter,ttaylorr,employee,1,1,0,1,0
2861,closed,dpursehouse,volunter,dpursehouse,volunter,3,2,0,3,0
2860,open,Groostav,volunter,null,volunter,null,3,5,1,null
2859,closed,joerenzullo,volunter,ttaylorr,employee,1,1,0,1,0
2858,closed,scval,volunter,ttaylorr,employee,69,20,67,1,0
2857,closed,lawgimenez,volunter,lawgimenez,volunter,0,1,0,0,0
2856,closed,alexanderkjeldaas,volunter,ttaylorr,employee,1,3,1,0,0
2855,closed,johnny94,volunter,ttaylorr,employee,9,2,7,1,0
2854,closed,Lenka72,volunter,ttaylorr,employee,3,4,2,0,0
2853,closed,otri,volunter,ttaylorr,employee,4,1,0,4,0
1494,open,rsporny,volunter,null,volunter,null,11,89,0,null
1493,closed,bfdonny,volunter,technoweenie,volunter,0,1,0,0,0
1492,closed,Kristinita,volunter,Kristinita,volunter,2,2,2,0,0
1491,closed,grkkarthick90,volunter,ttaylorr,employee,44,6,44,0,0
1490,closed,victorv,volunter,ttaylorr,employee,44,2,44,0,0
1488,closed,davideilering,volunter,technoweenie,volunter,0,2,0,0,0
1486,closed,dpursehouse,volunter,ttaylorr,employee,10,6,10,0,0
1485,closed,JonasT,volunter,technoweenie,volunter,166,15,622,0,455
1484,closed,woopla,volunter,woopla,volunter,0,4,0,0,0
1483,closed,woopla,volunter,ttaylorr,employee,0,2,0,0,0
1481,open,Tasteful,volunter,null,volunter,null,4,0,0,null
1480,open,andypl78,volunter,null,volunter,null,7,49,0,null
1477,open,larsxschneider,volunter,null,volunter,null,6,55,0,null
1476,closed,davetcoleman,volunter,technoweenie,volunter,0,3,0,0,0
1475,open,KOLANICH,volunter,null,volunter,null,1,0,1,null
1474,open,jean-christophe-manciot,volunter,null,volunter,null,1,0,0,null
1468,closed,nikolai-b,volunter,technoweenie,volunter,0,3,0,0,0
1465,closed,mlohstroh,volunter,mlohstroh,volunter,0,8,0,0,0
1464,open,jamesblackburn,volunter,null,volunter,null,3,0,0,null
1457,closed,alishah151,volunter,alishah151,volunter,0,2,0,0,0
1449,closed,panpan0000,volunter,technoweenie,volunter,1,2,1,0,0
1446,closed,dpursehouse,volunter,dpursehouse,volunter,2,2,0,2,0
1444,closed,Ceylo,volunter,technoweenie,volunter,0,9,236,0,236
1440,closed,daveanderson,volunter,technoweenie,volunter,4,15,258,0,254
1439,closed,ericfrederich,volunter,technoweenie,volunter,4,2,4,0,0
1437,closed,dezinsektor,volunter,dezinsektor,volunter,13,10,13,0,0
1433,closed,larsxschneider,volunter,larsxschneider,volunter,22,4,0,0,21
1432,closed,waqas-syed,volunter,waqas-syed,volunter,0,2,0,0,0
1431,closed,tarka,volunter,ttaylorr,employee,13,3,1,11,0
1425,closed,ttaylorr,employee,technoweenie,volunter,7,3,1,6,0
1424,open,bcersows,volunter,null,volunter,null,1,0,0,null
1422,closed,pine64-android,volunter,technoweenie,volunter,8,14,457,1,450
1418,closed,bmd-benita,volunter,ttaylorr,employee,0,1,0,0,0
1417,closed,HiRepo,volunter,ttaylorr,employee,0,1,0,0,0
1414,closed,sandyleo26,volunter,ttaylorr,employee,0,6,310,0,310
1413,closed,LukeDurrant,volunter,technoweenie,volunter,14,2,0,0,14
1410,closed,mgax,volunter,ttaylorr,employee,0,3,0,0,0
1408,closed,larsxschneider,volunter,technoweenie,volunter,11,5,11,0,0
1407,closed,danielbayley,volunter,technoweenie,volunter,2,4,1,1,0
1406,closed,jean-christophe-manciot,volunter,jean-christophe-manciot,volunter,3,1,0,2,0
1403,closed,dakotahawkins,volunter,ttaylorr,employee,3,0,null,null,null
1402,closed,glennawatson,volunter,glennawatson,volunter,11,5,11,0,0
1401,closed,dakotahawkins,volunter,larsxschneider,volunter,552,16,551,0,0
1396,closed,technoweenie,volunter,technoweenie,volunter,0,2,0,0,0
1395,closed,technoweenie,volunter,technoweenie,volunter,0,2,0,0,0
1393,closed,larsxschneider,volunter,ttaylorr,employee,80,2,80,0,0
1391,closed,arikon,volunter,technoweenie,volunter,27,12,24,3,0
1387,closed,dankegel,volunter,dankegel,volunter,4,2,0,4,0
1385,closed,TheClassic,volunter,technoweenie,volunter,28,3,28,0,0
1383,closed,karlmdavis,volunter,technoweenie,volunter,29,10,430,0,401
1381,open,pascalrobert,volunter,null,volunter,null,4,1,0,null
1380,closed,HimaJyun,volunter,HimaJyun,volunter,3,4,2,0,0
1377,closed,VladimirKhvostov,volunter,ttaylorr,employee,2,6,2,0,0
1368,closed,technoweenie,volunter,ttaylorr,employee,1,1,0,1,0
1366,closed,NiklasRosenstein,volunter,technoweenie,volunter,36,8,36,0,0
1365,closed,panjandrum,volunter,ttaylorr,employee,2,3,1,0,0
1364,closed,panjandrum,volunter,technoweenie,volunter,1,11,247,0,246
1363,closed,larsxschneider,volunter,technoweenie,volunter,1,0,null,null,null
1357,closed,fedorov,volunter,fedorov,volunter,0,6,0,0,0
1356,closed,bbain,volunter,ttaylorr,employee,40,1,0,0,40
1355,closed,zxm5010,volunter,technoweenie,volunter,25,5,25,0,0
1354,closed,technoweenie,volunter,ttaylorr,employee,26,6,18,0,7
1353,closed,panpan0000,volunter,ttaylorr,employee,0,2,263,0,263
1351,closed,mmahalwy,volunter,ttaylorr,employee,0,9,666,0,666
1348,closed,sivakhno,volunter,technoweenie,volunter,45,2,1,0,44
1347,closed,MaciejKucia,volunter,ttaylorr,employee,1,2,1,0,0
1345,closed,technoweenie,volunter,ttaylorr,employee,4,3,4,0,0
1343,closed,shane-kearns,volunter,ttaylorr,employee,0,3,0,0,0
1342,open,jspillers,volunter,null,volunter,null,12,492,0,null
1339,closed,fedorov,volunter,technoweenie,volunter,221,14,242,0,20
1338,closed,Danand,volunter,technoweenie,volunter,49,6,523,0,474
1337,closed,hbons,volunter,ttaylorr,employee,55,6,55,0,0
1336,closed,blasto333,volunter,technoweenie,volunter,49,1,0,0,49
1334,closed,ttaylorr,employee,sinbad,volunter,6,7,5,0,0
1333,closed,DavidGunderman-WGCells,volunter,DavidGunderman-WGCells,volunter,13,9,204,1,193
1330,open,ReDetection,volunter,technoweenie,volunter,null,11,52,0,null
1329,closed,larsxschneider,volunter,larsxschneider,volunter,151,19,163,0,12
1328,closed,aaBaO,volunter,technoweenie,volunter,52,6,296,0,244
1327,closed,green-coder,volunter,technoweenie,volunter,52,2,52,0,0
1326,closed,TomyLobo,volunter,technoweenie,volunter,54,14,221,4,171
1325,closed,heicks,volunter,technoweenie,volunter,7,2,0,6,0
1322,open,IoriBranford,volunter,technoweenie,volunter,null,23,634,8,null
1320,closed,gogodave,volunter,technoweenie,volunter,8,2,8,0,0
1319,closed,mahammedasif,volunter,technoweenie,volunter,57,1,0,5,51
1318,closed,alex-davidson,volunter,technoweenie,volunter,22,17,537,0,515
1315,closed,lbergelson,volunter,technoweenie,volunter,10,13,0,10,0
1314,closed,woopla,volunter,technoweenie,volunter,58,3,6,0,51
1313,closed,rjbell4,volunter,technoweenie,volunter,6,1,0,6,0
1311,closed,rgom,volunter,ttaylorr,employee,11,1,0,11,0
1309,open,dxm5118118,volunter,null,volunter,null,3,126,0,null
1308,closed,lcsthom,volunter,technoweenie,volunter,64,3,48,15,0
1307,closed,xen2,volunter,ttaylorr,employee,1,2,0,1,0
1306,open,creste,volunter,null,volunter,null,2,14,2,null
1304,closed,frvge,volunter,ttaylorr,employee,22,4,5,17,0
1302,closed,dotnetCarpenter,volunter,dotnetCarpenter,volunter,51,8,635,0,584
1301,open,lcsthom,volunter,null,volunter,null,3,3,0,null
1300,closed,robhafey,volunter,technoweenie,volunter,20,9,19,1,0
1295,closed,javabrett,volunter,ttaylorr,employee,20,4,0,0,20
1294,closed,javabrett,volunter,ttaylorr,employee,29,1,0,29,0
1293,closed,javabrett,volunter,ttaylorr,employee,19,2,19,0,0
1290,closed,javabrett,volunter,javabrett,volunter,1,3,1,0,0
1289,open,PinoEire,volunter,null,volunter,null,3,10,2,null
1288,closed,technoweenie,volunter,technoweenie,volunter,3,5,3,0,0
1287,closed,greggman,volunter,greggman,volunter,0,8,0,0,0
1284,closed,Danand,volunter,technoweenie,volunter,4,5,4,0,0
1283,open,frasercobb,volunter,null,volunter,null,4,30,3,null
1275,closed,BenjaminSchumann,volunter,BenjaminSchumann,volunter,0,1,0,0,0
1272,closed,ttaylorr,employee,ttaylorr,employee,35,1,0,35,0
1270,open,Gustra,volunter,null,volunter,null,4,15,0,null
1268,closed,zayednetad,volunter,technoweenie,volunter,0,1,0,0,0
1264,closed,MikeNwin,employee,technoweenie,volunter,1,4,0,0,0
1263,closed,jhuynh-safe,volunter,sinbad,volunter,1,5,34,0,33
1261,open,Felina-Lain,volunter,null,volunter,null,4,0,1,null
1254,open,technoweenie,volunter,null,volunter,null,0,null,null,null
1251,closed,dipnlik,volunter,technoweenie,volunter,7,1,0,2,5
1249,closed,dipnlik,volunter,technoweenie,volunter,69,6,3,65,0
1246,closed,mjwitte32,volunter,mjwitte32,volunter,0,5,1,0,0
1245,open,tconkling,volunter,null,volunter,null,6,173,0,null
1244,open,rjbell4,volunter,null,volunter,null,4,309,0,null
1242,closed,Buzz2000,volunter,technoweenie,volunter,0,1,0,0,0
1241,closed,brucemetallians,volunter,technoweenie,volunter,0,0,null,null,null
1240,closed,brucemetallians,volunter,technoweenie,volunter,0,0,null,null,null
1239,closed,VincentSit,volunter,VincentSit,volunter,1,2,0,0,0
1238,closed,JoabMendes,volunter,technoweenie,volunter,429,8,417,0,11
1237,closed,ryan-williams,volunter,ryan-williams,volunter,0,2,0,0,0
1235,closed,ryan-williams,volunter,ryan-williams,volunter,0,3,0,0,0
1233,open,braoru,volunter,null,volunter,null,5,251,0,null
1232,closed,vlsd,volunter,vlsd,volunter,0,10,0,0,0
1231,closed,javabrett,volunter,ttaylorr,employee,690,2,684,5,0
1230,closed,mabead,volunter,mabead,volunter,718,13,717,0,0
1227,closed,hhedeshiangogo,volunter,hhedeshiangogo,volunter,54,4,55,0,0
1224,open,technoweenie,volunter,null,volunter,null,2,0,0,null
1221,closed,jean-christophe-manciot,volunter,jean-christophe-manciot,volunter,0,7,0,0,0
1220,closed,JonasT,volunter,technoweenie,volunter,1,7,235,0,234
1219,closed,ignatenkobrain,volunter,technoweenie,volunter,5,3,5,0,0
1218,closed,zzcoder,volunter,technoweenie,volunter,1,3,1,0,0
1216,open,sophana,volunter,null,volunter,null,1,0,0,null
1214,open,scott-plutovr,volunter,null,volunter,null,5,0,0,null
1211,open,ljbade,volunter,null,volunter,null,5,2,0,null
1210,open,javabrett,volunter,null,volunter,null,1,0,0,null
1207,open,devharsh,volunter,null,volunter,null,9,490,0,null
1205,closed,kpkrishnamoorthy,volunter,kpkrishnamoorthy,volunter,1,3,1,0,0
1204,closed,domoritz,volunter,domoritz,volunter,5,8,5,0,0
1202,closed,javabrett,volunter,technoweenie,volunter,14,3,6,0,7
1201,open,javabrett,volunter,null,volunter,null,2,0,6,null
1199,closed,asfarley,volunter,technoweenie,volunter,0,1,0,0,0
1197,closed,larsxschneider,volunter,larsxschneider,volunter,0,0,null,null,null
1195,closed,jeffeb3,volunter,sinbad,volunter,6,7,2,0,4
1192,open,javabrett,volunter,null,volunter,null,1,0,0,null
1190,open,SeanHayes,volunter,null,volunter,null,3,0,0,null
1189,open,shoelzer,volunter,null,volunter,null,18,671,0,null
1188,closed,show0k,volunter,technoweenie,volunter,0,3,0,0,0
1187,closed,rmpaul,volunter,technoweenie,volunter,4,3,4,0,0
1184,closed,Zitrax,volunter,Zitrax,volunter,0,2,0,0,0
1183,closed,javabrett,volunter,technoweenie,volunter,113,4,2,0,110
2852,closed,ArtyMcLabin,volunter,ttaylorr,employee,6,8,37,4,35
2848,closed,xoob,volunter,larsxschneider,volunter,78,14,78,0,0
2845,closed,pauljohn32,volunter,ttaylorr,employee,2,3,1,0,0
2844,closed,macfisher,volunter,macfisher,volunter,2,3,0,2,0
2842,open,jmenashe,volunter,ttaylorr,employee,null,6,13,12,null
2841,closed,steveh84,volunter,ttaylorr,employee,6,4,6,0,0
2840,closed,MrDoowie,volunter,ttaylorr,employee,99,8,92,6,0
2839,closed,packoman,volunter,ttaylorr,employee,6,5,102,0,95
2838,closed,creste,volunter,creste,volunter,1,4,66,1,66
2837,closed,torfl,volunter,ttaylorr,employee,7,1,0,7,0
2836,closed,kervin521,volunter,ttaylorr,employee,7,1,0,7,0
2835,closed,canyou2014,volunter,ttaylorr,employee,7,1,0,7,0
2834,open,gst,volunter,null,volunter,null,1,0,8,null
2833,closed,gst,volunter,gst,volunter,55,18,47,8,0
2832,closed,samskiter,volunter,ttaylorr,employee,9,3,0,9,0
2827,closed,yfronto,volunter,ttaylorr,employee,1,2,0,0,1
2826,open,timor-raiman,volunter,null,volunter,null,1,0,0,null
2825,open,yodovicz,volunter,null,volunter,null,4,12,1,null
2824,closed,herman-chen,volunter,ttaylorr,employee,1,1,0,1,0
2822,closed,Bengt,volunter,ttaylorr,employee,0,1,0,0,0
1181,closed,bettinardi,volunter,technoweenie,volunter,4,20,415,0,411
1175,closed,donnib,volunter,donnib,volunter,0,1,0,0,0
1174,closed,sinbad,volunter,sinbad,volunter,0,2,0,0,0
1172,closed,larsxschneider,volunter,sinbad,volunter,83,13,731,2,650
1171,open,RagtagShawn,volunter,null,volunter,null,2,0,0,null
1169,closed,graingert,volunter,technoweenie,volunter,0,1,0,0,0
1167,open,sgoo,volunter,null,volunter,null,3,0,0,null
1166,closed,grwhumphries,volunter,technoweenie,volunter,0,2,0,0,0
1165,open,rrost,volunter,null,volunter,null,8,2,0,null
1164,open,technoweenie,volunter,null,volunter,null,0,null,null,null
1163,closed,PickySalamander,volunter,PickySalamander,volunter,0,2,0,0,0
1161,closed,sophana,volunter,technoweenie,volunter,0,9,0,0,0
1159,closed,woopla,volunter,sinbad,volunter,9,5,6,0,1
1157,closed,micahwalter,volunter,technoweenie,volunter,0,3,0,0,0
1156,open,tpdownes,volunter,null,volunter,null,22,1,0,null
1155,closed,larsxschneider,volunter,sinbad,volunter,6,1,0,0,6
1153,closed,larsxschneider,volunter,technoweenie,volunter,0,1,0,0,0
1152,closed,svermeulen,volunter,technoweenie,volunter,0,2,0,0,0
1151,closed,StefanLundmark,volunter,StefanLundmark,volunter,22,12,21,0,0
1150,closed,pascalberger,volunter,pascalberger,volunter,0,3,0,0,0
1148,open,ivotron,volunter,null,volunter,null,5,0,0,null
1142,closed,hbons,volunter,technoweenie,volunter,0,3,0,0,0
1140,closed,technoweenie,volunter,technoweenie,volunter,112,1,0,112,0
1139,open,DuLerWeil,volunter,null,volunter,null,4,23,0,null
1138,closed,javabrett,volunter,javabrett,volunter,5,2,0,5,0
1137,closed,Felk,volunter,sinbad,volunter,2,1,0,2,0
1132,closed,mstrap,volunter,technoweenie,volunter,3,1,0,0,3
1131,open,FeodorFitsner,volunter,null,volunter,null,8,43,0,null
1129,open,jdschw,volunter,null,volunter,null,3,0,0,null
1126,closed,technoweenie,volunter,technoweenie,volunter,0,1,0,0,0
1125,closed,csmager,volunter,technoweenie,volunter,127,2,127,0,0
1124,closed,AdamCanady,volunter,AdamCanady,volunter,0,4,0,0,0
1123,closed,PickySalamander,volunter,PickySalamander,volunter,0,2,0,0,0
1121,closed,rjbell4,volunter,sinbad,volunter,63,17,1,0,62
1120,closed,technoweenie,volunter,sschuberth,volunter,263,13,263,0,0
1116,closed,TruJosh,volunter,technoweenie,volunter,48,2,48,0,0
1114,closed,prashantakerkar,volunter,ttaylorr,employee,661,34,660,1,0
1113,open,andyvn22,volunter,null,volunter,null,10,692,1,null
1112,closed,jean-christophe-manciot,volunter,technoweenie,volunter,4,13,1,3,0
1111,open,jean-christophe-manciot,volunter,null,volunter,null,7,3,1,null
1110,closed,disturbio,volunter,disturbio,volunter,8,14,4,4,0
1108,closed,sschuberth,volunter,sschuberth,volunter,5,10,6,0,1
1101,open,limor-gs,volunter,null,volunter,null,23,596,0,null
1100,closed,epriestley,volunter,sinbad,volunter,10,10,14,7,11
1099,open,epriestley,volunter,null,volunter,null,6,559,0,null
1098,open,sinbad,volunter,null,volunter,null,0,null,null,null
1097,closed,prashantakerkar,volunter,sinbad,volunter,1,4,1,0,0
1095,open,epriestley,volunter,null,volunter,null,2,1,0,null
1092,closed,anatolyborodin,volunter,technoweenie,volunter,0,2,0,0,0
1090,closed,lbergelson,volunter,sinbad,volunter,4,11,8,3,6
1089,closed,ygoe,volunter,technoweenie,volunter,0,7,127,0,127
1088,open,epriestley,volunter,null,volunter,null,3,9,1,null
1086,open,technoweenie,volunter,null,volunter,null,0,null,null,null
1077,open,larsxschneider,volunter,null,volunter,null,4,81,0,null
1075,closed,javabrett,volunter,javabrett,volunter,20,6,18,2,0
1074,closed,javabrett,volunter,javabrett,volunter,31,12,14,16,0
1073,closed,chriskinsman,volunter,technoweenie,volunter,0,7,708,0,708
1072,closed,sh2ka,volunter,technoweenie,volunter,3,1,0,0,3
1069,closed,technoweenie,volunter,technoweenie,volunter,679,0,null,null,null
1068,closed,mponce1,volunter,mponce1,volunter,0,17,0,0,0
1066,open,blasto333,volunter,null,volunter,null,5,70,0,null
1065,closed,mnonnenm,volunter,technoweenie,volunter,0,1,0,0,0
1064,closed,bunkymunky92,volunter,rubyist,employee,0,0,null,null,null
1063,closed,relet,volunter,technoweenie,volunter,5,7,755,0,750
1062,closed,englercj,volunter,englercj,volunter,0,2,0,0,0
1061,open,tvandijck,volunter,null,volunter,null,1,0,0,null
1059,closed,sinbad,volunter,ttaylorr,employee,774,4,774,0,0
1057,closed,dnewmarch,volunter,sinbad,volunter,19,16,19,0,0
1056,closed,cmaumet,volunter,ttaylorr,employee,127,7,126,0,0
1055,open,rjbell4,volunter,ttaylorr,employee,null,13,805,0,null
1053,open,rubyist,employee,null,volunter,null,1,0,1,null
1052,closed,technoweenie,volunter,technoweenie,volunter,0,1,0,0,0
1050,closed,tpdownes,volunter,technoweenie,volunter,37,7,37,0,0
1049,closed,panamafrancis,volunter,technoweenie,volunter,0,1,0,0,0
1047,closed,scooterman,volunter,scooterman,volunter,5,18,38,0,33
1046,closed,szigetics,volunter,ttaylorr,employee,781,2,781,0,0
1044,open,gully,volunter,technoweenie,volunter,null,17,816,0,null
1043,closed,TheYokai,volunter,technoweenie,volunter,39,3,34,0,4
1041,closed,panjandrum,volunter,technoweenie,volunter,39,3,0,0,39
1035,closed,akhyansh13,volunter,akhyansh13,volunter,0,1,0,0,0
1034,closed,miumok98,volunter,technoweenie,volunter,0,0,null,null,null
1033,closed,miumok98,volunter,technoweenie,volunter,0,1,0,0,0
1032,closed,unixnewbie,volunter,ttaylorr,employee,134,3,125,8,0
1031,closed,perrette,volunter,perrette,volunter,0,3,0,0,0
1029,closed,technoweenie,volunter,technoweenie,volunter,8,1,0,8,0
1022,closed,Mais316,volunter,technoweenie,volunter,9,4,0,0,8
1021,closed,jacobmischka,volunter,technoweenie,volunter,1,6,1,0,0
1020,closed,kilianc,volunter,technoweenie,volunter,0,4,0,0,0
1018,closed,rjbell4,volunter,technoweenie,volunter,3,3,2,0,0
1015,closed,jroelofs,volunter,jroelofs,volunter,0,3,0,0,0
1014,closed,sinbad,volunter,ttaylorr,employee,788,5,787,1,0
1013,closed,vtchalakov,volunter,technoweenie,volunter,241,4,577,0,336
1011,closed,Theologie,volunter,ttaylorr,employee,789,20,789,0,0
1010,closed,igormq,volunter,technoweenie,volunter,15,9,15,0,0
1009,open,TimMensch,volunter,null,volunter,null,6,113,0,null
1005,closed,rlaakkol,volunter,rlaakkol,volunter,2,6,0,0,0
1004,closed,jarshwah,volunter,jarshwah,volunter,668,4,668,0,0
1003,closed,ericlaw1979,volunter,technoweenie,volunter,49,4,49,0,0
1002,closed,kilianc,volunter,ttaylorr,employee,782,19,781,0,0
1001,closed,Mais316,volunter,ttaylorr,employee,794,4,794,0,0
1000,closed,ygorlazaro,volunter,ttaylorr,employee,794,3,794,0,0
998,closed,cloud-rocket,volunter,technoweenie,volunter,209,7,208,0,0
997,closed,cjbottaro,volunter,cjbottaro,volunter,22,11,0,22,0
996,closed,rlaakkol,volunter,technoweenie,volunter,7,5,7,0,0
995,closed,whitty,volunter,andyneff,volunter,136,6,128,8,0
994,closed,glebkuznetsov,volunter,glebkuznetsov,volunter,0,8,181,0,181
993,open,WillHipschman,volunter,null,volunter,null,3,2,0,null
992,closed,PCRTM,volunter,technoweenie,volunter,0,1,0,0,0
991,closed,PCRTM,volunter,technoweenie,volunter,91,5,91,0,0
987,closed,Scratch-net,volunter,ttaylorr,employee,318,9,308,10,0
986,closed,ashenkin,volunter,technoweenie,volunter,23,11,619,0,595
985,closed,terion-name,volunter,ttaylorr,employee,140,10,140,0,0
984,closed,daniel-dressler,volunter,technoweenie,volunter,1,3,1,0,0
983,closed,bcdonadio,volunter,bcdonadio,volunter,2,14,91,1,89
982,open,ramv-dailymotion,volunter,null,volunter,null,1,0,94,null
979,closed,raffomania,volunter,raffomania,volunter,0,3,0,0,0
978,closed,dkoudela,volunter,dkoudela,volunter,34,11,34,0,0
973,closed,sgoo,volunter,technoweenie,volunter,0,1,0,0,0
970,closed,adcloeshelle,volunter,technoweenie,volunter,2,4,2,0,0
968,closed,jlewin,volunter,technoweenie,volunter,2,2,1,1,0
967,closed,technoweenie,volunter,technoweenie,volunter,3,1,0,3,0
961,closed,adeptofvoltron,volunter,technoweenie,volunter,7,2,0,0,7
960,closed,DarkShear,volunter,technoweenie,volunter,7,3,7,0,0
959,closed,stoneStyle,volunter,technoweenie,volunter,5,2,2,0,2
958,closed,ygorlazaro,volunter,technoweenie,volunter,8,3,7,0,0
957,closed,Klipi,volunter,ttaylorr,employee,777,9,804,27,54
956,closed,prdx,volunter,technoweenie,volunter,8,6,11,0,3
955,closed,dkoudela,volunter,dkoudela,volunter,5,5,5,0,0
954,closed,bertalanimre,volunter,technoweenie,volunter,9,2,9,0,0
953,open,wmwv,volunter,null,volunter,null,5,342,8,null
951,closed,dbiner,volunter,technoweenie,volunter,10,9,119,1,110
950,closed,nkoterba,volunter,nkoterba,volunter,0,2,0,0,0
948,closed,Cthutu,volunter,technoweenie,volunter,11,1,0,10,1
947,open,i59,volunter,null,volunter,null,3,96,1,null
946,closed,gunawishky,volunter,technoweenie,volunter,0,0,null,null,null
945,closed,sinbad,volunter,technoweenie,volunter,7,0,null,null,null
944,closed,dennisroche,volunter,technoweenie,volunter,14,9,89,0,75
943,open,parejkoj,volunter,null,volunter,null,17,595,0,null
942,closed,KOLANICH,volunter,technoweenie,volunter,15,6,15,0,0
941,closed,sinkingpoint,volunter,technoweenie,volunter,15,5,15,0,0
940,closed,dkoudela,volunter,dkoudela,volunter,4,4,4,0,0
938,closed,cjs,employee,technoweenie,volunter,21,2,16,0,4
937,open,pmacey,volunter,null,volunter,null,11,114,0,null
936,closed,SkizzlePig,volunter,SkizzlePig,volunter,1,2,1,1,1
935,closed,JTLR,volunter,ttaylorr,employee,822,6,822,0,0
934,closed,EvilOfGlass,volunter,technoweenie,volunter,21,2,21,0,0
932,closed,Rudy-Tmc,volunter,technoweenie,volunter,0,4,0,0,0
931,closed,larsxschneider,volunter,ttaylorr,employee,324,27,423,0,99
930,closed,cmaumet,volunter,technoweenie,volunter,216,20,553,0,337
928,closed,technoweenie,volunter,technoweenie,volunter,30,1,0,30,0
926,closed,antero10,volunter,technoweenie,volunter,26,2,25,1,0
925,open,burlen,volunter,null,volunter,null,7,234,1,null
924,closed,vielmetti,volunter,technoweenie,volunter,28,5,10,0,17
923,closed,Gfurst,volunter,technoweenie,volunter,0,3,0,0,0
922,closed,panjandrum,volunter,technoweenie,volunter,29,2,29,0,0
921,closed,jpicau,volunter,jpicau,volunter,12,3,12,0,0
920,closed,xkentr,volunter,ttaylorr,employee,833,5,833,0,0
919,closed,SlowhandFastfeet,volunter,SlowhandFastfeet,volunter,0,6,0,0,0
917,closed,msc-,volunter,technoweenie,volunter,133,1,0,133,0
916,closed,ADormant,volunter,technoweenie,volunter,7,1,0,7,0
915,closed,asottile,volunter,asottile,volunter,561,3,561,0,0
914,closed,asottile,volunter,asottile,volunter,561,2,560,1,0
913,closed,asottile,volunter,ttaylorr,employee,492,3,490,1,0
912,open,AndrewJDR,volunter,null,volunter,null,5,179,0,null
911,closed,jplu,volunter,technoweenie,volunter,45,49,689,1,645
910,closed,hh123okbb,volunter,hh123okbb,volunter,446,16,854,0,407
908,closed,KingScooty,volunter,technoweenie,volunter,46,31,160,3,117
906,closed,pascalberger,volunter,andyneff,volunter,142,34,571,0,429
905,open,exalted,volunter,null,volunter,null,9,19,2,null
904,closed,lbergelson,volunter,technoweenie,volunter,49,14,49,2,2
903,closed,explodecomputer,volunter,technoweenie,volunter,2,10,795,0,793
902,open,RagtagShawn,volunter,null,volunter,null,6,871,2,null
901,closed,brabil,volunter,technoweenie,volunter,50,1,0,3,47
899,closed,brynn-mahsman,volunter,technoweenie,volunter,625,10,327,1,296
898,closed,carsten-AEI,volunter,ttaylorr,employee,853,6,848,5,0
897,closed,DarkShear,volunter,technoweenie,volunter,147,1,0,147,0
896,closed,cpaulik,volunter,technoweenie,volunter,147,3,138,9,0
895,closed,jamesford42,volunter,ttaylorr,employee,854,3,853,0,0
894,closed,larsxschneider,volunter,larsxschneider,volunter,1,2,0,1,0
893,closed,ARaqeeb,volunter,ttaylorr,employee,813,6,9,0,804
892,closed,jleppert,volunter,jleppert,volunter,0,7,620,0,620
890,closed,stemid,volunter,ttaylorr,employee,215,3,150,65,0
889,closed,nicolehu15,volunter,technoweenie,volunter,0,1,0,0,0
888,closed,pditommaso,volunter,technoweenie,volunter,0,1,0,0,0
887,closed,pditommaso,volunter,ttaylorr,employee,216,6,216,0,0
886,closed,crydalch,volunter,technoweenie,volunter,158,2,151,7,0
885,open,msp-abc,volunter,null,volunter,null,8,356,0,null
884,closed,shuhrat,volunter,ttaylorr,employee,865,8,865,0,0
881,closed,mnot,volunter,technoweenie,volunter,64,3,0,0,64
880,closed,pokehanai,volunter,technoweenie,volunter,17,10,58,0,40
2819,closed,sachnk,volunter,ttaylorr,employee,0,3,0,0,0
2818,closed,gitsnippet,volunter,ttaylorr,employee,89,3,13,0,74
2817,closed,emablekos,volunter,emablekos,volunter,74,1,0,1,73
2816,closed,sotbl,volunter,ttaylorr,employee,2,3,2,2,2
2814,closed,nickproud,volunter,ttaylorr,employee,0,2,0,0,0
2813,closed,xkrys,volunter,ttaylorr,employee,0,2,2,0,2
2812,closed,TiGRoNdev,volunter,ttaylorr,employee,2,1,0,2,0
2808,closed,djranch,volunter,ttaylorr,employee,0,2,0,4,4
2805,closed,larsxschneider,volunter,technoweenie,volunter,0,3,0,0,0
2804,closed,wnoguchi,volunter,sschuberth,volunter,55,7,50,4,0
2802,closed,bitinn,volunter,ttaylorr,employee,69,10,59,9,0
2801,closed,SamiSamoiel,volunter,ttaylorr,employee,13,5,2,11,0
2798,closed,larsxschneider,volunter,ttaylorr,employee,69,3,13,0,56
2792,closed,larsxschneider,volunter,ttaylorr,employee,0,2,0,0,0
2791,closed,matthiasroder,volunter,ttaylorr,employee,16,6,16,0,0
2787,closed,swaingyanranjan,volunter,ttaylorr,employee,0,4,3,0,3
878,open,tpdownes,volunter,null,volunter,null,21,79,0,null
874,closed,joshterrill,volunter,technoweenie,volunter,0,1,0,0,0
873,closed,jleppert,volunter,technoweenie,volunter,1,4,1,0,0
872,closed,jleppert,volunter,technoweenie,volunter,0,0,null,null,null
871,closed,ghost,volunter,technoweenie,volunter,53,3,53,0,0
870,closed,larsxschneider,volunter,technoweenie,volunter,69,5,0,0,69
867,closed,strich,volunter,ttaylorr,employee,872,6,879,0,7
866,closed,dentuzhik,volunter,ttaylorr,employee,872,4,872,0,0
865,open,whitneyit,volunter,ttaylorr,employee,null,21,455,0,null
864,open,dentuzhik,volunter,null,volunter,null,6,887,0,null
859,closed,pearswj,volunter,pearswj,volunter,83,4,3,0,79
858,open,AndreTInfante,volunter,null,volunter,null,23,752,0,null
854,open,prudhomm,volunter,null,volunter,null,9,233,1,null
853,closed,pajapro,volunter,ttaylorr,employee,366,15,805,1,440
852,closed,edwinb24,volunter,ttaylorr,employee,877,5,875,2,0
849,closed,edwinb24,volunter,technoweenie,volunter,0,3,0,0,0
848,closed,technoweenie,volunter,ttaylorr,employee,791,0,null,null,null
847,closed,technoweenie,volunter,technoweenie,volunter,433,1,0,413,20
846,open,Mailbot,volunter,null,volunter,null,19,250,0,null
845,closed,dluksza,volunter,ttaylorr,employee,879,5,879,0,0
844,closed,technoweenie,volunter,technoweenie,volunter,150,12,54,96,0
841,closed,autious,volunter,technoweenie,volunter,175,1,0,175,0
840,closed,technoweenie,volunter,ttaylorr,employee,881,5,881,0,0
839,closed,technoweenie,volunter,ttaylorr,employee,626,0,null,null,null
836,closed,tampe125,volunter,tampe125,volunter,3,6,3,0,0
835,closed,ve3,volunter,ttaylorr,employee,873,2,870,2,0
834,closed,gurugray,volunter,ttaylorr,employee,629,4,629,0,0
833,closed,sepastian,volunter,sepastian,volunter,14,10,290,0,276
832,closed,dangold1138,volunter,ttaylorr,employee,875,13,875,0,0
829,closed,stolpeo,volunter,ttaylorr,employee,631,13,631,0,0
827,closed,AndrewJDR,volunter,AndrewJDR,volunter,8,2,7,0,0
826,closed,rBatt,volunter,ttaylorr,employee,877,14,877,0,0
825,closed,zite,volunter,ttaylorr,employee,877,1,0,0,877
824,closed,WillHipschman,volunter,ttaylorr,employee,633,2,633,0,0
823,closed,simwodb1,volunter,simwodb1,volunter,0,0,null,null,null
819,closed,shana,employee,sschuberth,volunter,412,4,412,0,0
817,closed,datalogics-bhaugen,volunter,ttaylorr,employee,637,6,637,0,0
815,closed,rBatt,volunter,technoweenie,volunter,0,19,0,0,0
814,closed,rasky,volunter,rasky,volunter,0,1,0,0,0
813,closed,rasky,volunter,ttaylorr,employee,884,3,884,0,0
811,closed,difro,volunter,ttaylorr,employee,884,5,884,0,0
810,open,bitshifter,volunter,null,volunter,null,3,692,0,null
809,closed,seymour1,volunter,technoweenie,volunter,0,3,0,0,0
808,closed,Leviathan1753,volunter,technoweenie,volunter,192,3,191,0,0
805,closed,hayesmaker,volunter,technoweenie,volunter,3,5,573,0,570
804,closed,benelot,volunter,technoweenie,volunter,4,1,0,0,4
802,open,AndrewJDR,volunter,null,volunter,null,11,642,0,null
800,closed,gogodave,volunter,technoweenie,volunter,12,14,20,0,8
799,closed,strich,volunter,strich,volunter,152,22,156,0,3
798,closed,boblaublaw,volunter,ttaylorr,employee,890,2,890,0,0
797,closed,boblaublaw,volunter,technoweenie,volunter,295,7,19,0,275
796,closed,sshillo,volunter,sshillo,volunter,0,2,0,0,0
794,closed,N-Coder,volunter,technoweenie,volunter,219,5,219,0,0
791,closed,exalted,volunter,technoweenie,volunter,0,3,42,0,42
789,closed,FeodorFitsner,volunter,technoweenie,volunter,7,3,7,0,0
787,closed,cjs,employee,technoweenie,volunter,296,6,1,0,295
785,closed,hellkama,volunter,technoweenie,volunter,0,2,729,0,729
782,open,beauhoyt,volunter,null,volunter,null,7,894,0,null
781,closed,technoweenie,volunter,technoweenie,volunter,25,5,22,2,0
780,closed,technoweenie,volunter,technoweenie,volunter,25,1,0,2,22
779,closed,technoweenie,volunter,ttaylorr,employee,650,10,646,3,0
778,closed,technoweenie,volunter,ttaylorr,employee,650,0,null,null,null
777,closed,technoweenie,volunter,technoweenie,volunter,299,1,0,299,0
774,closed,mbcraft,volunter,mbcraft,volunter,0,9,0,0,0
773,closed,megastep,volunter,technoweenie,volunter,0,7,0,0,0
766,closed,jwittner,volunter,technoweenie,volunter,301,16,926,0,624
759,closed,gogodave,volunter,technoweenie,volunter,303,2,1,0,301
758,closed,goncalossilva,volunter,technoweenie,volunter,203,2,203,0,0
757,closed,ytrezq,volunter,technoweenie,volunter,303,1,0,1,302
755,closed,technoweenie,volunter,technoweenie,volunter,34,1,0,34,0
754,closed,0xbadfca11,volunter,technoweenie,volunter,305,1,0,305,0
753,closed,krichter722,volunter,technoweenie,volunter,306,4,305,1,0
751,closed,krichter722,volunter,technoweenie,volunter,3,2,0,2,0
748,closed,szigetics,volunter,szigetics,volunter,2,2,2,0,0
747,closed,bozaro,volunter,technoweenie,volunter,307,4,307,0,0
746,closed,jtsadlerjr,volunter,technoweenie,volunter,307,3,11,0,295
745,closed,csrvermaak,volunter,csrvermaak,volunter,0,12,0,0,0
744,closed,petek,volunter,technoweenie,volunter,0,6,0,0,0
743,closed,anurse,volunter,anurse,volunter,12,4,12,0,0
741,closed,eddybox,volunter,technoweenie,volunter,308,10,4,0,303
740,closed,bunnybones1,volunter,bunnybones1,volunter,0,3,16,0,16
739,closed,hf2186,volunter,technoweenie,volunter,0,1,0,0,0
738,closed,WillHipschman,volunter,technoweenie,volunter,309,1,0,210,99
737,closed,lbergelson,volunter,lbergelson,volunter,22,15,22,0,0
736,closed,andyneff,volunter,technoweenie,volunter,309,8,308,1,0
733,closed,NiklasRosenstein,volunter,ttaylorr,employee,660,2,449,211,0
731,closed,andyneff,volunter,technoweenie,volunter,310,12,8,0,302
730,open,brianmingus,volunter,technoweenie,volunter,null,14,858,0,null
729,closed,brianmingus,volunter,technoweenie,volunter,10,8,10,0,0
728,closed,hf2186,volunter,hf2186,volunter,1,8,1,0,0
726,closed,PierreMardon,volunter,technoweenie,volunter,11,7,567,1,557
725,closed,swolfish,volunter,technoweenie,volunter,314,3,310,4,0
724,closed,tvandijck,volunter,technoweenie,volunter,314,17,0,0,313
723,closed,tvandijck,volunter,technoweenie,volunter,314,2,99,214,0
722,closed,jamestalmage,volunter,technoweenie,volunter,314,3,215,0,99
721,closed,megies,volunter,megies,volunter,1,13,1,0,0
720,closed,swolfish,volunter,technoweenie,volunter,315,6,314,0,0
719,closed,megies,volunter,technoweenie,volunter,193,10,189,0,3
717,closed,wkoszek,volunter,technoweenie,volunter,12,5,0,0,11
716,closed,Bam4d,volunter,Bam4d,volunter,0,8,215,0,214
712,closed,tim-lo,volunter,nuclearsandwich,volunter,0,7,126,0,126
709,closed,oyvindh,volunter,technoweenie,volunter,317,1,0,0,317
708,closed,benhumphreys,volunter,technoweenie,volunter,15,1,0,0,15
707,closed,matheussampaio,volunter,ttaylorr,employee,668,4,5,0,662
706,closed,maxogden,volunter,maxogden,volunter,0,3,0,0,0
705,closed,technoweenie,volunter,technoweenie,volunter,22,3,21,0,0
703,closed,linojon,volunter,technoweenie,volunter,318,1,0,218,99
701,closed,rcorre,volunter,rcorre,volunter,1,2,0,0,0
700,closed,shammellee,volunter,technoweenie,volunter,318,15,952,0,634
699,closed,kennethlimcp,volunter,kennethlimcp,volunter,128,3,0,2,126
698,closed,OptimisticMonkey,volunter,technoweenie,volunter,64,7,64,0,0
697,closed,pointcache,volunter,technoweenie,volunter,3,16,78,0,75
696,closed,zeldin,volunter,technoweenie,volunter,220,2,71,220,71
695,closed,AndrewJDR,volunter,technoweenie,volunter,321,11,647,10,336
694,closed,ooxi,volunter,technoweenie,volunter,221,1,0,221,0
693,closed,williamboman,volunter,technoweenie,volunter,221,1,0,221,0
688,closed,allejo,volunter,nuclearsandwich,volunter,0,8,147,0,147
687,closed,WillHipschman,volunter,technoweenie,volunter,222,1,0,222,0
683,closed,lbergelson,volunter,lbergelson,volunter,40,6,40,0,0
678,closed,alconost,volunter,technoweenie,volunter,330,5,27,0,303
673,closed,davidbernard04,volunter,rubyist,employee,12,7,5,0,7
672,closed,Aorjoa,volunter,technoweenie,volunter,335,13,536,0,201
667,closed,zoeweidz,employee,technoweenie,volunter,0,2,0,0,0
664,closed,curzona,volunter,technoweenie,volunter,3,2,3,0,0
663,closed,strich,volunter,strich,volunter,206,15,562,0,355
662,closed,technoweenie,volunter,technoweenie,volunter,340,0,null,null,null
661,closed,strich,volunter,technoweenie,volunter,9,3,9,0,0
660,closed,strich,volunter,technoweenie,volunter,38,8,23,0,14
655,closed,shuhrat,volunter,technoweenie,volunter,3,2,3,0,0
653,closed,technoweenie,volunter,technoweenie,volunter,39,2,0,3,36
649,closed,technoweenie,volunter,ttaylorr,employee,694,1,0,0,694
645,closed,joelfgs,volunter,technoweenie,volunter,344,6,0,0,344
643,closed,larsxschneider,volunter,technoweenie,volunter,345,15,345,0,0
641,closed,Vdragon,volunter,Vdragon,volunter,0,2,0,0,0
640,closed,strich,volunter,technoweenie,volunter,347,28,922,0,574
639,closed,ghost,volunter,null,volunter,0,2,0,0,0
632,closed,sinbad,volunter,technoweenie,volunter,3,1,0,0,3
625,closed,sinbad,volunter,sinbad,volunter,1,6,1,0,0
623,closed,klcodanr,volunter,technoweenie,volunter,351,14,579,0,228
622,closed,psibre,volunter,technoweenie,volunter,0,2,0,0,0
621,closed,psibre,volunter,technoweenie,volunter,351,13,351,0,0
616,closed,technoweenie,volunter,ttaylorr,employee,350,42,179,0,171
614,closed,WillHipschman,volunter,technoweenie,volunter,6,10,6,0,0
612,closed,WillHipschman,volunter,technoweenie,volunter,6,3,6,0,0
609,closed,WillHipschman,volunter,rubyist,employee,13,1,0,13,0
606,closed,sinbad,volunter,technoweenie,volunter,1,5,0,0,0
604,closed,rygo6,volunter,technoweenie,volunter,359,9,24,0,334
602,closed,Godgifu,volunter,Godgifu,volunter,0,2,0,0,0
601,closed,MOZGIII,volunter,technoweenie,volunter,9,8,166,0,156
598,closed,lbergelson,volunter,lbergelson,volunter,36,6,36,0,0
597,closed,technoweenie,volunter,technoweenie,volunter,363,6,1,0,362
596,closed,mindmelting,volunter,technoweenie,volunter,0,2,1,0,1
593,closed,WillHipschman,volunter,rubyist,employee,6,10,6,0,0
591,closed,edzis,volunter,technoweenie,volunter,366,11,912,0,545
588,closed,jsh,volunter,technoweenie,volunter,93,3,93,0,0
584,closed,dosire,volunter,technoweenie,volunter,0,5,61,0,61
580,closed,Envenger,volunter,technoweenie,volunter,371,2,0,0,371
575,closed,technoweenie,volunter,technoweenie,volunter,0,5,0,0,0
574,closed,rubyist,employee,technoweenie,volunter,373,2,373,0,0
571,closed,mnapoli,volunter,mnapoli,volunter,0,2,0,0,0
2783,closed,aleb,volunter,ttaylorr,employee,1,1,0,1,0
2782,closed,OMICRON3069,volunter,ttaylorr,employee,1,2,0,0,0
2781,open,fubar-coder,volunter,null,volunter,null,3,3,2,null
2777,closed,ShacharWeis,volunter,ttaylorr,employee,1,1,0,1,0
2776,closed,sunjinlong123,volunter,ttaylorr,employee,3,1,0,3,0
2775,closed,dustinfreeman,volunter,dustinfreeman,volunter,6,4,6,0,0
2772,closed,hagami,volunter,ttaylorr,employee,8,0,null,null,null
2771,closed,kforner,volunter,ttaylorr,employee,0,3,16,0,16
2768,closed,canyou2014,volunter,ttaylorr,employee,0,3,9,0,9
2766,closed,hkrpavan,volunter,ttaylorr,employee,109,12,106,2,0
2763,closed,kforner,volunter,kforner,volunter,1,2,0,1,0
2761,closed,kforner,volunter,kforner,volunter,20,7,19,0,0
2760,closed,fhuberts,volunter,fhuberts,volunter,0,6,0,0,0
567,closed,cpTpalazzolo,volunter,cpTpalazzolo,volunter,0,4,0,0,0
564,closed,Leviathan1753,volunter,technoweenie,volunter,12,22,719,0,706
558,closed,rubyist,employee,rubyist,employee,20,0,null,null,null
557,closed,kenzierocks,volunter,technoweenie,volunter,381,4,378,3,0
556,closed,kenzierocks,volunter,technoweenie,volunter,381,3,1,0,379
548,closed,gurugray,volunter,rubyist,employee,0,5,0,0,0
545,closed,technoweenie,volunter,technoweenie,volunter,3,2,3,0,0
535,closed,technoweenie,volunter,technoweenie,volunter,1,9,1,0,0
533,closed,jatoben,employee,technoweenie,volunter,0,3,0,0,0
531,closed,technoweenie,volunter,technoweenie,volunter,386,3,377,8,0
529,closed,psibre,volunter,technoweenie,volunter,1,3,0,0,1
525,closed,technoweenie,volunter,technoweenie,volunter,389,0,null,null,null
524,closed,technoweenie,volunter,technoweenie,volunter,389,1,0,390,0
523,closed,technoweenie,volunter,technoweenie,volunter,390,1,0,390,0
516,closed,jsh,volunter,sinbad,volunter,355,6,355,0,0
515,closed,jsh,volunter,technoweenie,volunter,391,1,0,0,391
514,closed,sinbad,volunter,technoweenie,volunter,6,4,3,0,2
513,closed,mgriffin,employee,technoweenie,volunter,392,2,392,0,0
512,closed,kamoljan,volunter,technoweenie,volunter,389,3,6,0,383
490,closed,sinbad,volunter,technoweenie,volunter,258,14,615,0,356
487,closed,joelfgs,volunter,technoweenie,volunter,390,13,5,0,384
482,closed,technoweenie,volunter,technoweenie,volunter,397,0,null,null,null
481,closed,linojon,volunter,technoweenie,volunter,1,1,0,0,1
479,closed,jiandingzhe,volunter,technoweenie,volunter,400,5,52,0,347
478,closed,shana,employee,technoweenie,volunter,402,2,0,0,401
477,closed,topherredden,volunter,technoweenie,volunter,402,15,462,0,59
474,closed,tomspilman,volunter,technoweenie,volunter,88,21,88,0,0
473,closed,shana,employee,technoweenie,volunter,403,8,0,0,402
470,closed,demonyangyue,volunter,technoweenie,volunter,404,8,218,0,186
466,closed,Chris-Auer,volunter,technoweenie,volunter,20,13,20,0,0
462,closed,technoweenie,volunter,rubyist,employee,3,2,0,0,3
460,closed,jonathansick,volunter,jonathansick,volunter,1,8,248,0,247
459,closed,tlbtlbtlb,volunter,technoweenie,volunter,278,2,113,0,164
457,closed,kamoljan,volunter,kamoljan,volunter,0,1,0,0,0
456,closed,rubyist,employee,technoweenie,volunter,409,1,0,2,406
455,closed,peddinenis,volunter,technoweenie,volunter,5,21,150,0,145
453,closed,AlistairClark7,volunter,technoweenie,volunter,315,1,0,315,0
448,closed,joerg,volunter,joerg,volunter,2,2,0,1,0
445,closed,Leviathan1753,volunter,technoweenie,volunter,415,5,0,0,414
443,closed,rossfeller,volunter,technoweenie,volunter,1,1,0,1,0
440,closed,eric-brechemier,volunter,technoweenie,volunter,419,7,628,0,208
439,closed,ivotron,volunter,technoweenie,volunter,416,2,4,2,410
438,closed,eric-brechemier,volunter,technoweenie,volunter,419,2,99,320,0
436,closed,technoweenie,volunter,technoweenie,volunter,418,7,246,0,171
435,closed,danimasa,volunter,ttaylorr,employee,416,2,6,0,410
434,closed,rvi,volunter,ttaylorr,employee,416,9,9,0,406
433,closed,boustanihani,volunter,ttaylorr,employee,416,10,272,0,144
432,closed,hszhsh,volunter,ttaylorr,employee,416,2,416,0,0
431,closed,demonyangyue,volunter,technoweenie,volunter,416,9,416,0,0
430,closed,ryansimmen,volunter,ttaylorr,employee,417,2,35,0,382
427,closed,technoweenie,volunter,technoweenie,volunter,17,1,0,17,0
426,closed,technoweenie,volunter,technoweenie,volunter,83,9,68,26,11
425,closed,technoweenie,volunter,technoweenie,volunter,34,9,14,19,0
419,closed,technoweenie,volunter,technoweenie,volunter,39,6,38,0,0
417,closed,technoweenie,volunter,technoweenie,volunter,38,6,2,0,36
414,closed,technoweenie,volunter,ttaylorr,employee,421,0,null,null,null
410,closed,technoweenie,volunter,ttaylorr,employee,1022,6,532,0,490
409,closed,technoweenie,volunter,technoweenie,volunter,327,1,0,327,0
395,closed,iwootten,volunter,technoweenie,volunter,2,20,392,0,390
394,closed,dotnetCarpenter,volunter,technoweenie,volunter,429,4,425,4,0
388,closed,joerg,volunter,technoweenie,volunter,23,7,254,0,231
385,closed,ryansimmen,volunter,rubyist,employee,19,0,null,null,null
379,closed,perrette,volunter,ttaylorr,employee,428,17,790,0,361
376,closed,bozaro,volunter,technoweenie,volunter,432,27,265,0,167
375,closed,ChristophM2000,volunter,ChristophM2000,volunter,5,5,297,0,291
371,closed,SuriyaaKudoIsc,volunter,technoweenie,volunter,28,8,28,0,0
369,closed,rBatt,volunter,rBatt,volunter,150,8,15,1,133
368,closed,aleaverfay,volunter,aleaverfay,volunter,0,3,0,0,0
367,closed,feldan,volunter,rubyist,employee,0,1,0,0,0
363,closed,michael-k,volunter,rubyist,employee,0,2,0,0,0
359,closed,aln787,volunter,aln787,volunter,0,3,0,0,0
357,closed,michael-k,volunter,technoweenie,volunter,16,1,0,0,15
355,closed,glycerine,volunter,technoweenie,volunter,442,3,136,1,303
353,closed,michael-k,volunter,rubyist,employee,2,0,null,null,null
347,closed,larsxschneider,volunter,ttaylorr,employee,441,5,326,4,110
344,closed,technoweenie,volunter,technoweenie,volunter,441,11,20,0,420
343,closed,catphish,volunter,ttaylorr,employee,442,2,442,0,0
341,closed,catphish,volunter,technoweenie,volunter,445,7,1,0,444
337,closed,michael-k,volunter,rubyist,employee,1,1,0,1,0
334,closed,rubyist,employee,technoweenie,volunter,350,1,0,350,0
333,closed,Sobrr,volunter,rubyist,employee,2,9,343,0,341
328,closed,andyneff,volunter,technoweenie,volunter,25,2,24,1,0
326,closed,strich,volunter,technoweenie,volunter,450,33,849,0,399
325,closed,mnapoli,volunter,mnapoli,volunter,0,12,529,0,529
322,closed,HashBang173,volunter,HashBang173,volunter,2,17,2,0,0
320,closed,ChaseFlorell,volunter,ttaylorr,employee,449,12,7,0,441
318,open,technoweenie,volunter,ttaylorr,employee,null,3,532,28,null
317,closed,tlbtlbtlb,volunter,technoweenie,volunter,63,2,1,0,62
316,closed,ghost,volunter,null,volunter,0,7,279,0,278
314,closed,rubyist,employee,rubyist,employee,0,2,0,0,0
310,closed,kouk,volunter,technoweenie,volunter,6,3,1,0,4
308,closed,andyneff,volunter,sinbad,volunter,307,8,307,0,0
307,closed,andyneff,volunter,ttaylorr,employee,455,2,455,0,0
301,closed,brabil,volunter,brabil,volunter,0,6,0,0,0
298,closed,kernelsmith,volunter,technoweenie,volunter,11,2,22,0,11
297,closed,ediebold,volunter,technoweenie,volunter,365,5,364,0,0
296,closed,ssgelm,volunter,technoweenie,volunter,11,4,11,0,0
295,closed,catphish,volunter,technoweenie,volunter,458,4,458,0,0
293,closed,Aorjoa,volunter,technoweenie,volunter,12,7,1,11,0
292,closed,ssgelm,volunter,technoweenie,volunter,2,7,0,1,0
289,closed,underscorediscovery,volunter,technoweenie,volunter,463,8,315,0,147
288,closed,bkeepers,employee,technoweenie,volunter,464,4,370,0,93
287,closed,lbergelson,volunter,lbergelson,volunter,183,7,183,0,0
286,closed,catphish,volunter,ttaylorr,employee,465,2,0,0,465
284,closed,catphish,volunter,technoweenie,volunter,464,6,464,0,0
282,closed,lbergelson,volunter,technoweenie,volunter,465,26,954,0,489
281,closed,technoweenie,volunter,technoweenie,volunter,46,16,23,22,0
279,closed,quinox,volunter,ttaylorr,employee,467,4,169,1,296
278,open,quinox,volunter,technoweenie,volunter,null,6,874,1,null
276,closed,dtiesling,volunter,technoweenie,volunter,2,1,0,2,0
275,closed,raquel-ucl,volunter,raquel-ucl,volunter,0,2,0,0,0
273,closed,jeffhostetler,volunter,technoweenie,volunter,469,2,469,0,0
272,closed,bssthu,volunter,bssthu,volunter,17,1,0,0,17
269,closed,technoweenie,volunter,technoweenie,volunter,0,1,0,0,0
268,closed,technoweenie,volunter,technoweenie,volunter,5,0,null,null,null
266,closed,technoweenie,volunter,ttaylorr,employee,472,9,574,6,107
2766,closed,hkrpavan,volunter,ttaylorr,employee,109,12,106,2,0
2763,closed,kforner,volunter,kforner,volunter,1,2,0,1,0
2761,closed,kforner,volunter,kforner,volunter,20,7,19,0,0
2760,closed,fhuberts,volunter,fhuberts,volunter,0,6,0,0,0
2754,closed,rxmarcus,volunter,ttaylorr,employee,0,2,0,0,0
2753,closed,rderimay,volunter,ttaylorr,employee,18,12,158,0,140
2752,closed,thefuntastic,volunter,ttaylorr,employee,25,2,22,2,0
2748,closed,kforner,volunter,ttaylorr,employee,7,3,6,0,0
2745,closed,yrazin,volunter,ttaylorr,employee,28,3,28,0,0
2744,closed,130s,volunter,130s,volunter,0,4,74,0,74
2743,closed,technoweenie,volunter,ttaylorr,employee,24,3,27,0,3
2742,closed,fortytwoish,volunter,ttaylorr,employee,2,6,121,0,119
2741,closed,aido93,volunter,ttaylorr,employee,0,3,0,0,0
262,closed,zeroshirts,volunter,technoweenie,volunter,55,4,7,0,47
260,closed,tvandijck,volunter,technoweenie,volunter,476,21,489,0,13
259,closed,dikonov,volunter,technoweenie,volunter,1,2,1,0,0
256,closed,geoff-codes,volunter,technoweenie,volunter,0,1,0,0,0
251,closed,tvandijck,volunter,technoweenie,volunter,479,9,477,2,0
250,closed,BenjaminDSmithy,volunter,nuclearsandwich,volunter,3,2,3,0,0
249,closed,BenjaminDSmithy,volunter,nuclearsandwich,volunter,3,1,0,3,0
243,closed,ddanier,volunter,technoweenie,volunter,70,8,751,0,682
242,closed,ddanier,volunter,technoweenie,volunter,481,8,185,0,296
239,closed,jmarshall,volunter,rubyist,employee,0,1,0,0,0
236,closed,borromeotlhs,volunter,technoweenie,volunter,5,1,0,0,5
234,closed,technoweenie,volunter,technoweenie,volunter,0,0,null,null,null
233,closed,swisspol,volunter,technoweenie,volunter,9,30,9,0,0
231,closed,technoweenie,volunter,rubyist,employee,2,2,0,2,0
230,closed,MSch,volunter,rubyist,employee,48,3,47,0,0
229,closed,MarkusTeufelberger,volunter,technoweenie,volunter,6,5,6,0,0
227,closed,PeterDaveHello,volunter,technoweenie,volunter,283,13,674,0,391
224,closed,topherredden,volunter,topherredden,volunter,2,5,1,1,0
217,closed,thekafkaf,volunter,thekafkaf,volunter,0,2,0,0,0
216,closed,sgraham,volunter,rubyist,employee,0,3,0,0,0
214,closed,PeterDaveHello,volunter,PeterDaveHello,volunter,1,9,1,0,0
211,closed,skade,volunter,technoweenie,volunter,4,3,4,0,0
210,closed,technoweenie,volunter,technoweenie,volunter,14,5,0,14,0
209,closed,kevinSuttle,volunter,kevinSuttle,volunter,6,18,13,0,6
208,closed,javoire,volunter,javoire,volunter,0,4,0,0,0
206,closed,technoweenie,volunter,technoweenie,volunter,6,0,null,null,null
204,closed,PeterDaveHello,volunter,technoweenie,volunter,490,4,0,0,490
203,closed,PeterDaveHello,volunter,technoweenie,volunter,90,19,1068,0,977
202,closed,PeterDaveHello,volunter,technoweenie,volunter,490,9,490,0,0
200,closed,PeterDaveHello,volunter,technoweenie,volunter,43,8,43,0,0
197,open,novalis,volunter,ttaylorr,employee,null,11,1028,0,null
196,closed,abraithwaite,volunter,technoweenie,volunter,397,4,397,0,0
195,closed,abraithwaite,volunter,technoweenie,volunter,490,9,490,0,0
193,closed,abraithwaite,volunter,technoweenie,volunter,372,14,371,0,0
190,closed,jezell,volunter,technoweenie,volunter,491,3,491,0,0
49,closed,rubyist,employee,technoweenie,volunter,315,2,565,0,250
1,closed,technoweenie,volunter,technoweenie,volunter,553,24,12,0,541
179,closed,MSch,volunter,technoweenie,volunter,28,5,26,1,0
178,closed,MSch,volunter,gjtorikian,employee,2,7,1,0,0
172,closed,nuclearsandwich,volunter,technoweenie,volunter,7,4,7,0,0
171,closed,nuclearsandwich,volunter,technoweenie,volunter,532,3,527,5,0
169,closed,gjtorikian,employee,technoweenie,volunter,538,1,0,0,538
167,closed,gjtorikian,employee,gjtorikian,employee,2,2,1,0,0
156,closed,bkeepers,employee,technoweenie,volunter,555,3,0,0,555
148,closed,technoweenie,volunter,technoweenie,volunter,104,4,104,0,0
144,closed,technoweenie,volunter,technoweenie,volunter,579,2,2,0,577
135,closed,SimonKrughoff,volunter,SimonKrughoff,volunter,4,4,4,0,0
133,closed,ammeep,volunter,ammeep,volunter,0,5,0,0,0
131,closed,ben-marsh,volunter,rubyist,employee,0,6,0,0,0
128,closed,jglovier,employee,technoweenie,volunter,0,2,0,0,0
127,closed,rubyist,employee,rubyist,employee,14,2,0,14,0
126,closed,rubyist,employee,ttaylorr,employee,646,0,null,null,null
125,closed,Haacked,employee,technoweenie,volunter,684,9,1089,0,404
124,closed,rubyist,employee,technoweenie,volunter,685,4,675,10,0
123,closed,rubyist,employee,technoweenie,volunter,519,1,0,519,0
121,closed,technoweenie,volunter,technoweenie,volunter,357,1,0,357,0
117,closed,rubyist,employee,rubyist,employee,4,7,3,0,0
116,closed,rubyist,employee,rubyist,employee,4,0,null,null,null
110,closed,shiftkey,employee,technoweenie,volunter,540,7,540,0,0
109,closed,technoweenie,volunter,technoweenie,volunter,713,3,713,0,0
108,closed,shiftkey,employee,technoweenie,volunter,6,3,0,0,6
107,closed,arfon,volunter,bkeepers,employee,229,2,0,0,229
104,closed,technoweenie,volunter,rubyist,employee,44,12,31,0,13
103,closed,technoweenie,volunter,ttaylorr,employee,725,0,null,null,null
102,closed,mhagger,employee,technoweenie,volunter,237,7,237,0,0
99,closed,technoweenie,volunter,rubyist,employee,54,1,0,54,0
95,closed,joshaber,employee,technoweenie,volunter,9,8,7,0,1
90,closed,joshaber,employee,technoweenie,volunter,13,2,0,0,13
89,closed,rubyist,employee,technoweenie,volunter,579,3,566,12,0
86,closed,joshaber,employee,joshaber,employee,12,3,12,0,0
85,closed,TwP,employee,technoweenie,volunter,41,18,41,0,0
83,closed,skalnik,employee,technoweenie,volunter,49,2,49,0,0
82,closed,skalnik,employee,rubyist,employee,98,7,98,0,0
75,closed,rubyist,employee,rubyist,employee,7,1,0,7,0
74,closed,rubyist,employee,rubyist,employee,7,3,6,0,0
73,closed,rubyist,employee,rubyist,employee,7,2,7,0,0
56,closed,technoweenie,volunter,technoweenie,volunter,5,0,null,null,null
53,closed,rubyist,employee,rubyist,employee,6,2,5,1,0
48,closed,rubyist,employee,technoweenie,volunter,2,3,2,0,0
46,closed,rubyist,employee,rubyist,employee,5,0,null,null,null
45,closed,technoweenie,volunter,technoweenie,volunter,5,1,0,5,0
44,closed,rubyist,employee,technoweenie,volunter,11,2,11,0,0
43,closed,rubyist,employee,rubyist,employee,5,0,null,null,null
41,closed,technoweenie,volunter,technoweenie,volunter,83,6,83,0,0
40,closed,technoweenie,volunter,technoweenie,volunter,5,1,0,0,5
33,closed,rubyist,employee,rubyist,employee,60,29,59,1,0
29,closed,rubyist,employee,rubyist,employee,12,3,12,0,0
25,closed,half-ogre,volunter,technoweenie,volunter,197,10,196,0,0
24,closed,technoweenie,volunter,technoweenie,volunter,134,2,13,120,0
22,closed,jspahrsummers,volunter,technoweenie,volunter,139,10,149,0,10
21,closed,jspahrsummers,volunter,rubyist,employee,80,4,10,18,52
20,closed,technoweenie,volunter,technoweenie,volunter,51,2,13,38,0
19,closed,technoweenie,volunter,technoweenie,volunter,801,0,null,null,null
18,closed,tlberglund,volunter,rubyist,employee,160,4,160,0,0
17,closed,technoweenie,volunter,technoweenie,volunter,803,0,null,null,null
16,closed,technoweenie,volunter,bkeepers,employee,484,0,null,null,null
13,closed,technoweenie,volunter,technoweenie,volunter,0,3,0,0,0
12,closed,technoweenie,volunter,technoweenie,volunter,29,1,0,29,0
11,closed,rsanheim,volunter,technoweenie,volunter,0,3,0,0,0
7,closed,technoweenie,volunter,technoweenie,volunter,33,1,0,33,0
4,closed,technoweenie,volunter,technoweenie,volunter,853,5,278,575,0
2,closed,technoweenie,volunter,technoweenie,volunter,12,0,null,null,null
