id, state, user, employee_open, user_closed, employee_merged, days_opened, number_of_comments, days_between_first_and_last_comment, days_first_comment_after_creation, days_last_comment_before_closed
100,closed,technoweenie,volunter,technoweenie,volunter,4,0,null,null,null
1006,closed,technoweenie,volunter,technoweenie,volunter,6,0,null,null,null
1007,closed,jlehtnie,volunter,technoweenie,volunter,52,9,42,7,2
1008,closed,rlaakkol,volunter,null,volunter,1,0,null,null,null
101,closed,technoweenie,volunter,technoweenie,volunter,3,0,null,null,null
1012,closed,technoweenie,volunter,technoweenie,volunter,0,0,null,null,null
1016,closed,technoweenie,volunter,technoweenie,volunter,2,0,null,null,null
1017,closed,technoweenie,volunter,technoweenie,volunter,2,0,null,null,null
1019,closed,bradh,volunter,null,volunter,1,0,null,null,null
1023,closed,technoweenie,volunter,technoweenie,volunter,0,2,0,0,0
1024,closed,sinbad,volunter,null,volunter,0,0,null,null,null
1025,closed,technoweenie,volunter,technoweenie,volunter,0,0,null,null,null
1026,closed,technoweenie,volunter,technoweenie,volunter,37,0,null,null,null
1027,closed,technoweenie,volunter,null,volunter,0,0,null,null,null
1028,closed,technoweenie,volunter,technoweenie,volunter,0,0,null,null,null
1030,closed,technoweenie,volunter,technoweenie,volunter,0,0,null,null,null
1036,closed,technoweenie,volunter,null,volunter,43,0,null,null,null
1037,closed,technoweenie,volunter,null,volunter,0,0,null,null,null
1038,closed,technoweenie,volunter,null,volunter,15,3,0,0,14
1039,closed,technoweenie,volunter,technoweenie,volunter,0,0,null,null,null
1040,closed,technoweenie,volunter,null,volunter,41,8,14,0,26
1042,closed,technoweenie,volunter,technoweenie,volunter,0,0,null,null,null
1045,closed,andyneff,volunter,technoweenie,volunter,0,0,null,null,null
1048,closed,technoweenie,volunter,technoweenie,volunter,0,0,null,null,null
105,closed,technoweenie,volunter,rubyist,employee,0,0,null,null,null
1051,closed,sinbad,volunter,sinbad,volunter,1,3,0,0,0
1054,closed,technoweenie,volunter,technoweenie,volunter,2,0,null,null,null
1058,closed,steffix0168,volunter,null,volunter,0,0,null,null,null
106,closed,rubyist,employee,technoweenie,volunter,0,0,null,null,null
1060,closed,miumok98,volunter,null,volunter,0,0,null,null,null
1067,closed,sinbad,volunter,sinbad,volunter,6,10,0,0,6
1070,closed,sinbad,volunter,sinbad,volunter,4,0,null,null,null
1071,closed,technoweenie,volunter,technoweenie,volunter,25,8,2,0,22
1076,closed,javabrett,volunter,technoweenie,volunter,30,0,null,null,null
1078,closed,epriestley,volunter,technoweenie,volunter,0,0,null,null,null
1079,closed,technoweenie,volunter,null,volunter,15,0,null,null,null
1080,closed,sinbad,volunter,sinbad,volunter,0,0,null,null,null
1081,closed,sinbad,volunter,sinbad,volunter,0,0,null,null,null
1082,closed,epriestley,volunter,technoweenie,volunter,0,0,null,null,null
1083,closed,epriestley,volunter,technoweenie,volunter,0,0,null,null,null
1084,closed,epriestley,volunter,technoweenie,volunter,0,0,null,null,null
1085,closed,epriestley,volunter,null,volunter,150,3,35,0,115
1087,closed,epriestley,volunter,sinbad,volunter,0,0,null,null,null
1091,closed,sinbad,volunter,sinbad,volunter,4,1,0,0,4
1093,closed,anatolyborodin,volunter,sinbad,volunter,2,0,null,null,null
1094,closed,anatolyborodin,volunter,sinbad,volunter,2,0,null,null,null
1096,closed,epriestley,volunter,sinbad,volunter,2,0,null,null,null
1102,closed,javabrett,volunter,technoweenie,volunter,8,0,null,null,null
1103,closed,javabrett,volunter,null,volunter,8,0,null,null,null
1104,closed,sinbad,volunter,sinbad,volunter,13,1,0,13,0
1105,closed,sschuberth,volunter,technoweenie,volunter,16,0,null,null,null
1106,closed,chittunoo,volunter,null,volunter,0,0,null,null,null
1107,closed,sinbad,volunter,sinbad,volunter,0,0,null,null,null
111,closed,shiftkey,employee,technoweenie,volunter,0,3,0,0,0
1115,closed,javabrett,volunter,technoweenie,volunter,0,0,null,null,null
1117,closed,artagnon,volunter,null,volunter,134,7,0,11,122
1118,closed,sinbad,volunter,sinbad,volunter,4,3,4,0,0
112,closed,rubyist,employee,rubyist,employee,0,1,0,0,0
1122,closed,rjbell4,volunter,technoweenie,volunter,1,0,null,null,null
1127,closed,technoweenie,volunter,technoweenie,volunter,6,0,null,null,null
1128,closed,technoweenie,volunter,technoweenie,volunter,1,11,1,0,0
113,closed,technoweenie,volunter,technoweenie,volunter,2,0,null,null,null
1130,closed,javabrett,volunter,technoweenie,volunter,7,0,null,null,null
1133,closed,sinbad,volunter,null,volunter,132,7,3,0,128
1134,closed,sinbad,volunter,technoweenie,volunter,3,0,null,null,null
1135,closed,jonmagic,employee,technoweenie,volunter,0,0,null,null,null
1136,closed,technoweenie,volunter,technoweenie,volunter,3,0,null,null,null
114,closed,technoweenie,volunter,technoweenie,volunter,0,0,null,null,null
1141,closed,nirgeier,volunter,null,volunter,5,0,null,null,null
1143,closed,strich,volunter,technoweenie,volunter,1,0,null,null,null
1144,closed,technoweenie,volunter,technoweenie,volunter,0,0,null,null,null
1145,closed,technoweenie,volunter,technoweenie,volunter,1,0,null,null,null
1146,closed,pascalberger,volunter,technoweenie,volunter,85,0,null,null,null
1147,closed,pabloguerrero,volunter,null,volunter,0,0,null,null,null
1149,closed,javabrett,volunter,technoweenie,volunter,3,0,null,null,null
115,closed,technoweenie,volunter,technoweenie,volunter,0,0,null,null,null
1154,closed,larsxschneider,volunter,technoweenie,volunter,0,0,null,null,null
1158,closed,technoweenie,volunter,sinbad,volunter,3,0,null,null,null
1160,closed,sinbad,volunter,sinbad,volunter,5,2,0,0,5
1162,closed,larsxschneider,volunter,technoweenie,volunter,0,0,null,null,null
1168,closed,sinbad,volunter,sinbad,volunter,0,0,null,null,null
1170,closed,graingert,volunter,technoweenie,volunter,0,0,null,null,null
1173,closed,jonmagic,employee,null,volunter,81,4,0,44,36
1176,closed,javabrett,volunter,technoweenie,volunter,87,0,null,null,null
1177,closed,javabrett,volunter,technoweenie,volunter,114,0,null,null,null
1178,closed,sinbad,volunter,sinbad,volunter,0,0,null,null,null
1179,closed,technoweenie,volunter,technoweenie,volunter,8,0,null,null,null
118,closed,rubyist,employee,rubyist,employee,3,0,null,null,null
1180,closed,technoweenie,volunter,null,volunter,38,0,null,null,null
1182,closed,sinbad,volunter,sinbad,volunter,8,0,null,null,null
1185,closed,sinbad,volunter,sinbad,volunter,0,0,null,null,null
1186,closed,skymoo,volunter,technoweenie,volunter,0,0,null,null,null
119,closed,rubyist,employee,rubyist,employee,0,0,null,null,null
1193,closed,javabrett,volunter,technoweenie,volunter,1,0,null,null,null
1194,closed,javabrett,volunter,null,volunter,492,0,null,null,null
1198,closed,teo-tsirpanis,volunter,sinbad,volunter,0,0,null,null,null
120,closed,rubyist,employee,rubyist,employee,0,0,null,null,null
1200,closed,teo-tsirpanis,volunter,technoweenie,volunter,78,0,null,null,null
1206,closed,technoweenie,volunter,technoweenie,volunter,0,0,null,null,null
1208,closed,hbons,volunter,null,volunter,0,0,null,null,null
1212,closed,javabrett,volunter,null,volunter,99,0,null,null,null
1213,closed,sinbad,volunter,sinbad,volunter,0,0,null,null,null
1215,closed,javabrett,volunter,technoweenie,volunter,0,0,null,null,null
1217,closed,sinbad,volunter,sinbad,volunter,0,0,null,null,null
122,closed,rubyist,employee,rubyist,employee,12,0,null,null,null
1222,closed,zeldin,volunter,ttaylorr,employee,51,7,10,37,3
1223,closed,ttaylorr,employee,technoweenie,volunter,0,24,0,0,0
1225,closed,technoweenie,volunter,null,volunter,1,2,0,0,1
1226,closed,sinbad,volunter,sinbad,volunter,1,0,null,null,null
1228,closed,technoweenie,volunter,technoweenie,volunter,0,0,null,null,null
1229,closed,technoweenie,volunter,technoweenie,volunter,0,0,null,null,null
1234,closed,technoweenie,volunter,technoweenie,volunter,0,0,null,null,null
1236,closed,ttaylorr,employee,technoweenie,volunter,3,9,1,2,0
1243,closed,ttaylorr,employee,technoweenie,volunter,0,0,null,null,null
1247,closed,ttaylorr,employee,null,volunter,0,0,null,null,null
1248,closed,technoweenie,volunter,technoweenie,volunter,0,1,0,0,0
1250,closed,ttaylorr,employee,technoweenie,volunter,0,0,null,null,null
1252,closed,ttaylorr,employee,technoweenie,volunter,0,0,null,null,null
1253,closed,ttaylorr,employee,technoweenie,volunter,0,0,null,null,null
1255,closed,technoweenie,volunter,technoweenie,volunter,43,0,null,null,null
1256,closed,ttaylorr,employee,ttaylorr,employee,25,5,4,4,16
1257,closed,ttaylorr,employee,technoweenie,volunter,5,4,1,3,0
1258,closed,ttaylorr,employee,technoweenie,volunter,0,0,null,null,null
1259,closed,ttaylorr,employee,technoweenie,volunter,0,0,null,null,null
1260,closed,pdf,volunter,sinbad,volunter,5,0,null,null,null
1262,closed,orivej,volunter,ttaylorr,employee,29,0,null,null,null
1265,closed,sinbad,volunter,sinbad,volunter,6,7,3,2,0
1267,closed,ttaylorr,employee,technoweenie,volunter,0,0,null,null,null
1271,closed,ttaylorr,employee,ttaylorr,employee,0,0,null,null,null
1273,closed,technoweenie,volunter,technoweenie,volunter,0,0,null,null,null
1274,closed,sinbad,volunter,sinbad,volunter,0,0,null,null,null
1276,closed,sinbad,volunter,sinbad,volunter,0,0,null,null,null
1277,closed,ttaylorr,employee,ttaylorr,employee,0,0,null,null,null
1278,closed,ttaylorr,employee,ttaylorr,employee,0,0,null,null,null
1279,closed,sinbad,volunter,sinbad,volunter,4,0,null,null,null
1280,closed,ttaylorr,employee,ttaylorr,employee,0,0,null,null,null
1281,closed,ttaylorr,employee,ttaylorr,employee,0,0,null,null,null
1282,closed,ttaylorr,employee,ttaylorr,employee,0,0,null,null,null
129,closed,rubyist,employee,rubyist,employee,0,0,null,null,null
1291,closed,javabrett,volunter,ttaylorr,employee,0,0,null,null,null
1292,closed,javabrett,volunter,ttaylorr,employee,21,3,3,16,1
1296,closed,sinbad,volunter,sinbad,volunter,1,0,null,null,null
1297,closed,sinbad,volunter,sinbad,volunter,1,4,1,0,0
1298,closed,javabrett,volunter,ttaylorr,employee,20,0,null,null,null
1299,closed,sinbad,volunter,sinbad,volunter,0,3,0,0,0
130,closed,rubyist,employee,rubyist,employee,10,9,7,0,3
1303,closed,sinbad,volunter,sinbad,volunter,21,12,19,1,1
1305,closed,GabLeRoux,volunter,ttaylorr,employee,14,0,null,null,null
1310,closed,ttaylorr,employee,ttaylorr,employee,0,0,null,null,null
1312,closed,ttaylorr,employee,ttaylorr,employee,2,0,null,null,null
132,closed,rubyist,employee,rubyist,employee,0,0,null,null,null
1321,closed,ttaylorr,employee,ttaylorr,employee,0,0,null,null,null
1323,closed,omonnier,volunter,ttaylorr,employee,5,2,0,0,4
1324,closed,omonnier,volunter,ttaylorr,employee,0,0,null,null,null
1331,closed,ttaylorr,employee,ttaylorr,employee,0,1,0,0,0
1332,closed,ttaylorr,employee,technoweenie,volunter,0,0,null,null,null
1335,closed,ttaylorr,employee,ttaylorr,employee,0,0,null,null,null
134,closed,rubyist,employee,rubyist,employee,0,0,null,null,null
1340,closed,ReDetection,volunter,null,volunter,0,0,null,null,null
1344,closed,ttaylorr,employee,ttaylorr,employee,4,6,4,0,0
1346,closed,ttaylorr,employee,ttaylorr,employee,4,4,0,3,0
1349,closed,ttaylorr,employee,ttaylorr,employee,0,0,null,null,null
1350,closed,ttaylorr,employee,ttaylorr,employee,1,1,0,0,0
1352,closed,sinbad,volunter,sinbad,volunter,0,0,null,null,null
1358,closed,technoweenie,volunter,technoweenie,volunter,12,2,0,5,7
1359,closed,technoweenie,volunter,technoweenie,volunter,5,3,4,0,0
136,closed,rubyist,employee,rubyist,employee,0,5,0,13,13
1360,closed,jasperla,volunter,ttaylorr,employee,0,0,null,null,null
1361,closed,larsxschneider,volunter,ttaylorr,employee,0,0,null,null,null
1362,closed,larsxschneider,volunter,null,volunter,0,0,null,null,null
1367,closed,sinbad,volunter,sinbad,volunter,7,25,1,0,5
1369,closed,ttaylorr,employee,technoweenie,volunter,0,3,0,0,0
137,closed,rubyist,employee,rubyist,employee,7,1,0,0,7
1370,closed,sinbad,volunter,null,volunter,0,0,null,null,null
1371,closed,ttaylorr,employee,technoweenie,volunter,1,0,null,null,null
1372,closed,larsxschneider,volunter,technoweenie,volunter,0,0,null,null,null
1373,closed,sinbad,volunter,sinbad,volunter,0,5,0,0,0
1374,closed,sinbad,volunter,ttaylorr,employee,2,10,0,0,2
1375,closed,technoweenie,volunter,ttaylorr,employee,2,0,null,null,null
1376,closed,technoweenie,volunter,null,volunter,0,0,null,null,null
1378,closed,VladimirKhvostov,volunter,null,volunter,0,5,0,0,0
1379,closed,VladimirKhvostov,volunter,ttaylorr,employee,0,8,0,0,0
138,closed,technoweenie,volunter,null,volunter,54,7,3,0,51
1382,closed,larsxschneider,volunter,null,volunter,112,49,99,0,13
1384,closed,andyneff,volunter,ttaylorr,employee,0,0,null,null,null
1386,closed,ttaylorr,employee,ttaylorr,employee,0,2,0,0,0
1388,closed,ttaylorr,employee,technoweenie,volunter,4,8,0,0,4
1389,closed,technoweenie,volunter,technoweenie,volunter,4,2,0,3,0
139,closed,rubyist,employee,rubyist,employee,88,0,null,null,null
1390,closed,technoweenie,volunter,ttaylorr,employee,10,0,null,null,null
1394,closed,dakotahawkins,volunter,ttaylorr,employee,0,0,null,null,null
1397,closed,sinbad,volunter,sinbad,volunter,0,0,null,null,null
1398,closed,technoweenie,volunter,technoweenie,volunter,0,1,0,0,0
1399,closed,sinbad,volunter,ttaylorr,employee,0,0,null,null,null
140,closed,technoweenie,volunter,rubyist,employee,43,15,0,26,16
1400,closed,technoweenie,volunter,technoweenie,volunter,0,0,null,null,null
1404,closed,dakotahawkins,volunter,ttaylorr,employee,3,0,null,null,null
1405,closed,dakotahawkins,volunter,ttaylorr,employee,0,4,0,0,0
1409,closed,ttaylorr,employee,technoweenie,volunter,0,3,0,0,0
141,closed,technoweenie,volunter,null,volunter,94,0,null,null,null
1411,closed,technoweenie,volunter,technoweenie,volunter,0,2,0,0,0
1412,closed,ttaylorr,employee,technoweenie,volunter,0,0,null,null,null
1415,closed,ttaylorr,employee,ttaylorr,employee,0,7,0,1,0
1416,closed,ttaylorr,employee,ttaylorr,employee,0,0,null,null,null
1419,closed,ttaylorr,employee,ttaylorr,employee,0,2,0,0,0
142,closed,leereilly,employee,null,volunter,12,0,null,null,null
1420,closed,technoweenie,volunter,ttaylorr,employee,3,0,null,null,null
1421,closed,sakerhead,volunter,null,volunter,0,0,null,null,null
1423,closed,ttaylorr,employee,ttaylorr,employee,0,0,null,null,null
1426,closed,ttaylorr,employee,ttaylorr,employee,0,0,null,null,null
1427,closed,ttaylorr,employee,ttaylorr,employee,0,0,null,null,null
1428,closed,ttaylorr,employee,ttaylorr,employee,0,0,null,null,null
1429,closed,ttaylorr,employee,ttaylorr,employee,0,0,null,null,null
143,closed,technoweenie,volunter,null,volunter,33,3,8,3,21
1430,closed,technoweenie,volunter,ttaylorr,employee,0,6,0,0,0
1434,closed,technoweenie,volunter,technoweenie,volunter,1,0,null,null,null
1435,closed,ttaylorr,employee,ttaylorr,employee,0,0,null,null,null
1436,closed,ttaylorr,employee,technoweenie,volunter,5,0,null,null,null
1438,closed,technoweenie,volunter,technoweenie,volunter,7,1,0,7,0
1441,closed,ttaylorr,employee,technoweenie,volunter,3,0,null,null,null
1442,closed,ttaylorr,employee,null,volunter,0,0,null,null,null
1443,closed,technoweenie,volunter,technoweenie,volunter,2,2,0,0,2
1445,closed,dpursehouse,volunter,ttaylorr,employee,4,3,0,3,0
145,closed,technoweenie,volunter,technoweenie,volunter,0,0,null,null,null
1450,closed,ttaylorr,employee,technoweenie,volunter,0,0,null,null,null
1451,closed,technoweenie,volunter,technoweenie,volunter,0,4,0,0,0
1452,closed,technoweenie,volunter,technoweenie,volunter,0,2,0,0,0
1453,closed,technoweenie,volunter,ttaylorr,employee,0,0,null,null,null
1454,closed,larsxschneider,volunter,ttaylorr,employee,7,7,2,5,0
1455,closed,ralfthewise,volunter,technoweenie,volunter,0,0,null,null,null
1456,closed,technoweenie,volunter,null,volunter,440,0,null,null,null
1458,closed,technoweenie,volunter,technoweenie,volunter,1,0,null,null,null
1459,closed,ttaylorr,employee,ttaylorr,employee,0,1,0,0,0
146,closed,mhagger,employee,technoweenie,volunter,0,0,null,null,null
1460,closed,technoweenie,volunter,technoweenie,volunter,0,0,null,null,null
1461,closed,technoweenie,volunter,technoweenie,volunter,0,3,0,0,0
1462,closed,technoweenie,volunter,ttaylorr,employee,0,2,0,0,0
1463,closed,ttaylorr,employee,technoweenie,volunter,0,0,null,null,null
1466,closed,technoweenie,volunter,technoweenie,volunter,0,2,0,0,0
1467,closed,dpursehouse,volunter,technoweenie,volunter,0,0,null,null,null
1469,closed,ttaylorr,employee,technoweenie,volunter,0,0,null,null,null
147,closed,leereilly,employee,technoweenie,volunter,0,0,null,null,null
1470,closed,technoweenie,volunter,technoweenie,volunter,0,0,null,null,null
1471,closed,ttaylorr,employee,ttaylorr,employee,0,0,null,null,null
1472,closed,technoweenie,volunter,null,volunter,261,0,null,null,null
1473,closed,dpursehouse,volunter,ttaylorr,employee,2,0,null,null,null
1478,closed,ttaylorr,employee,ttaylorr,employee,0,5,0,0,0
1479,closed,dpursehouse,volunter,null,volunter,0,0,null,null,null
1482,closed,ttaylorr,employee,ttaylorr,employee,2,6,0,0,2
1487,closed,ttaylorr,employee,ttaylorr,employee,0,0,null,null,null
1489,closed,technoweenie,volunter,technoweenie,volunter,0,0,null,null,null
149,closed,eanakashima,volunter,technoweenie,volunter,0,0,null,null,null
1495,closed,technoweenie,volunter,technoweenie,volunter,1,0,null,null,null
1497,closed,sinbad,volunter,technoweenie,volunter,0,0,null,null,null
1499,closed,technoweenie,volunter,technoweenie,volunter,0,0,null,null,null
150,closed,rubyist,employee,rubyist,employee,6,2,0,2,3
1503,closed,ttaylorr,employee,ttaylorr,employee,1,0,null,null,null
1504,closed,sschuberth,volunter,ttaylorr,employee,0,0,null,null,null
1505,closed,ttaylorr,employee,ttaylorr,employee,0,4,0,0,0
1506,closed,sschuberth,volunter,ttaylorr,employee,0,10,0,0,0
1507,closed,sschuberth,volunter,ttaylorr,employee,0,0,null,null,null
1509,closed,ttaylorr,employee,null,volunter,2,5,0,2,0
151,closed,rubyist,employee,rubyist,employee,1,2,0,0,1
1512,closed,sschuberth,volunter,null,volunter,2,0,null,null,null
1513,closed,sschuberth,volunter,null,volunter,2,0,null,null,null
1518,closed,sschuberth,volunter,ttaylorr,employee,1,0,null,null,null
152,closed,technoweenie,volunter,technoweenie,volunter,0,0,null,null,null
1521,closed,ttaylorr,employee,null,volunter,6,0,null,null,null
1522,closed,sschuberth,volunter,ttaylorr,employee,21,1,0,0,21
1523,closed,sschuberth,volunter,ttaylorr,employee,0,0,null,null,null
1528,closed,ttaylorr,employee,ttaylorr,employee,0,8,0,0,0
153,closed,technoweenie,volunter,technoweenie,volunter,0,0,null,null,null
1535,closed,ttaylorr,employee,ttaylorr,employee,0,1,0,0,0
154,closed,technoweenie,volunter,technoweenie,volunter,14,0,null,null,null
1540,closed,sinbad,volunter,ttaylorr,employee,1,3,0,0,0
1541,closed,technoweenie,volunter,null,volunter,85,0,null,null,null
1545,closed,ttaylorr,employee,ttaylorr,employee,0,6,0,0,0
1548,closed,benda1996,volunter,null,volunter,0,0,null,null,null
155,closed,bkeepers,employee,technoweenie,volunter,0,0,null,null,null
1550,closed,ttaylorr,employee,ttaylorr,employee,2,0,null,null,null
1551,closed,Som-iiitb,volunter,null,volunter,0,0,null,null,null
1557,closed,sschuberth,volunter,ttaylorr,employee,1,0,null,null,null
1563,closed,ttaylorr,employee,ttaylorr,employee,0,1,0,3,2
1564,closed,ttaylorr,employee,ttaylorr,employee,2,0,null,null,null
1565,closed,technoweenie,volunter,ttaylorr,employee,0,0,null,null,null
1566,closed,sschuberth,volunter,ttaylorr,employee,1,7,0,1,0
1567,closed,sschuberth,volunter,ttaylorr,employee,1,1,0,0,0
1568,closed,ttaylorr,employee,ttaylorr,employee,0,0,null,null,null
1569,closed,ttaylorr,employee,ttaylorr,employee,0,0,null,null,null
157,closed,nuclearsandwich,volunter,null,volunter,0,0,null,null,null
1570,closed,ttaylorr,employee,ttaylorr,employee,0,0,null,null,null
1571,closed,ttaylorr,employee,ttaylorr,employee,0,0,null,null,null
1572,closed,ttaylorr,employee,null,volunter,0,0,null,null,null
1574,closed,ttaylorr,employee,ttaylorr,employee,0,0,null,null,null
1575,closed,sschuberth,volunter,ttaylorr,employee,0,0,null,null,null
1576,closed,sschuberth,volunter,null,volunter,0,2,0,0,0
1577,closed,sschuberth,volunter,ttaylorr,employee,0,0,null,null,null
1579,closed,sschuberth,volunter,ttaylorr,employee,0,0,null,null,null
158,closed,joshvera,employee,shiftkey,employee,5,24,1,3,0
1582,closed,ttaylorr,employee,ttaylorr,employee,0,0,null,null,null
1583,closed,ttaylorr,employee,ttaylorr,employee,0,0,null,null,null
1584,closed,ttaylorr,employee,ttaylorr,employee,0,3,2,0,1
1585,closed,ttaylorr,employee,ttaylorr,employee,1,0,null,null,null
159,closed,technoweenie,volunter,null,volunter,75,0,null,null,null
1590,closed,sinbad,volunter,null,volunter,6,5,4,2,0
1591,closed,ttaylorr,employee,ttaylorr,employee,0,2,0,0,0
1593,closed,dpursehouse,volunter,sschuberth,volunter,0,3,0,0,0
1594,closed,sschuberth,volunter,ttaylorr,employee,0,0,null,null,null
1595,closed,ttaylorr,employee,null,volunter,5,7,0,0,3
1596,closed,ttaylorr,employee,null,volunter,5,0,null,null,null
1597,closed,ttaylorr,employee,null,volunter,5,0,null,null,null
1599,closed,sschuberth,volunter,sschuberth,volunter,0,0,null,null,null
160,closed,technoweenie,volunter,technoweenie,volunter,0,0,null,null,null
1600,closed,ttaylorr,employee,ttaylorr,employee,1,0,null,null,null
1602,closed,ttaylorr,employee,ttaylorr,employee,3,3,2,0,0
1603,closed,ttaylorr,employee,ttaylorr,employee,2,3,0,2,0
1604,closed,chalstrick,volunter,null,volunter,0,0,null,null,null
1605,closed,chalstrick,volunter,technoweenie,volunter,1,0,null,null,null
1607,closed,ttaylorr,employee,ttaylorr,employee,0,0,null,null,null
1609,closed,sinbad,volunter,technoweenie,volunter,0,0,null,null,null
161,closed,technoweenie,volunter,technoweenie,volunter,0,4,0,0,0
1610,closed,russplaysguitar,volunter,null,volunter,0,0,null,null,null
1616,closed,sinbad,volunter,technoweenie,volunter,6,21,5,0,0
1617,closed,ttaylorr,employee,ttaylorr,employee,9,68,8,5,4
1618,closed,ttaylorr,employee,larsxschneider,volunter,0,1,0,0,0
1619,closed,ttaylorr,employee,ttaylorr,employee,5,15,4,0,0
162,closed,technoweenie,volunter,technoweenie,volunter,0,0,null,null,null
1620,closed,ttaylorr,employee,ttaylorr,employee,5,6,4,0,0
1621,closed,ttaylorr,employee,ttaylorr,employee,5,11,0,0,4
1622,closed,ttaylorr,employee,ttaylorr,employee,4,13,0,3,0
1625,closed,sinbad,volunter,null,volunter,20,14,0,0,19
1626,closed,larsxschneider,volunter,ttaylorr,employee,0,0,null,null,null
1627,closed,larsxschneider,volunter,ttaylorr,employee,0,2,0,0,0
1629,closed,technoweenie,volunter,technoweenie,volunter,9,0,null,null,null
163,closed,technoweenie,volunter,technoweenie,volunter,3,0,null,null,null
1631,closed,technoweenie,volunter,ttaylorr,employee,0,0,null,null,null
1633,closed,technoweenie,volunter,null,volunter,0,0,null,null,null
1634,closed,technoweenie,volunter,technoweenie,volunter,5,7,0,0,4
1636,closed,larsxschneider,volunter,technoweenie,volunter,0,0,null,null,null
1638,closed,technoweenie,volunter,technoweenie,volunter,5,0,null,null,null
164,closed,technoweenie,volunter,null,volunter,0,0,null,null,null
1641,closed,technoweenie,volunter,technoweenie,volunter,5,0,null,null,null
1642,closed,technoweenie,volunter,technoweenie,volunter,4,0,null,null,null
1643,closed,jjgod,volunter,null,volunter,4,0,null,null,null
1646,closed,larsxschneider,volunter,null,volunter,283,1,0,0,283
165,closed,technoweenie,volunter,technoweenie,volunter,0,0,null,null,null
1650,closed,technoweenie,volunter,technoweenie,volunter,2,10,1,0,0
1656,closed,technoweenie,volunter,technoweenie,volunter,0,0,null,null,null
1657,closed,technoweenie,volunter,technoweenie,volunter,0,0,null,null,null
1658,closed,ttaylorr,employee,ttaylorr,employee,1,0,null,null,null
1659,closed,technoweenie,volunter,technoweenie,volunter,0,0,null,null,null
166,closed,technoweenie,volunter,technoweenie,volunter,0,0,null,null,null
1661,closed,technoweenie,volunter,null,volunter,0,0,null,null,null
1666,closed,technoweenie,volunter,technoweenie,volunter,0,1,0,0,0
1668,closed,ttaylorr,employee,null,volunter,0,0,null,null,null
1670,closed,technoweenie,volunter,technoweenie,volunter,1,2,0,1,0
1671,closed,technoweenie,volunter,technoweenie,volunter,0,0,null,null,null
1672,closed,technoweenie,volunter,null,volunter,0,0,null,null,null
1673,closed,technoweenie,volunter,null,volunter,0,0,null,null,null
1674,closed,ttaylorr,employee,ttaylorr,employee,0,0,null,null,null
1675,closed,ttaylorr,employee,ttaylorr,employee,0,0,null,null,null
1676,closed,ttaylorr,employee,ttaylorr,employee,0,0,null,null,null
1679,closed,technoweenie,volunter,technoweenie,volunter,0,0,null,null,null
168,closed,technoweenie,volunter,technoweenie,volunter,0,0,null,null,null
1680,closed,technoweenie,volunter,technoweenie,volunter,0,0,null,null,null
1681,closed,technoweenie,volunter,null,volunter,0,0,null,null,null
1682,closed,technoweenie,volunter,null,volunter,0,0,null,null,null
1683,closed,technoweenie,volunter,technoweenie,volunter,0,0,null,null,null
1684,closed,technoweenie,volunter,technoweenie,volunter,0,0,null,null,null
1685,closed,technoweenie,volunter,technoweenie,volunter,0,0,null,null,null
1686,closed,ttaylorr,employee,ttaylorr,employee,0,0,null,null,null
1687,closed,technoweenie,volunter,technoweenie,volunter,0,2,0,0,0
1688,closed,technoweenie,volunter,technoweenie,volunter,2,13,2,0,0
1689,closed,sschuberth,volunter,technoweenie,volunter,20,12,1,2,16
1692,closed,AlphaRomeo13,volunter,null,volunter,1,0,null,null,null
1694,closed,sinbad,volunter,sinbad,volunter,6,25,1,0,5
1695,closed,technoweenie,volunter,technoweenie,volunter,1,0,null,null,null
1696,closed,technoweenie,volunter,technoweenie,volunter,1,1,0,0,0
1698,closed,larsxschneider,volunter,ttaylorr,employee,0,0,null,null,null
1699,closed,larsxschneider,volunter,ttaylorr,employee,0,2,0,0,0
170,closed,technoweenie,volunter,null,volunter,87,0,null,null,null
1703,closed,technoweenie,volunter,technoweenie,volunter,0,0,null,null,null
1705,closed,technoweenie,volunter,technoweenie,volunter,0,0,null,null,null
1706,closed,technoweenie,volunter,technoweenie,volunter,0,0,null,null,null
1707,closed,ttaylorr,employee,ttaylorr,employee,0,0,null,null,null
1708,closed,ttaylorr,employee,ttaylorr,employee,0,0,null,null,null
1709,closed,ttaylorr,employee,ttaylorr,employee,0,3,0,0,0
1710,closed,technoweenie,volunter,technoweenie,volunter,12,1,0,0,12
1711,closed,larsxschneider,volunter,ttaylorr,employee,0,0,null,null,null
1712,closed,benbalter,employee,ttaylorr,employee,0,0,null,null,null
1713,closed,benbalter,employee,ttaylorr,employee,0,0,null,null,null
1721,closed,myint,volunter,technoweenie,volunter,1,0,null,null,null
1722,closed,joopmeijer1984,volunter,null,volunter,0,0,null,null,null
1723,closed,sinbad,volunter,sinbad,volunter,1,0,null,null,null
1725,closed,technoweenie,volunter,technoweenie,volunter,6,16,4,0,1
1727,closed,technoweenie,volunter,ttaylorr,employee,1,0,null,null,null
1728,closed,technoweenie,volunter,null,volunter,4,0,null,null,null
173,closed,technoweenie,volunter,technoweenie,volunter,7,0,null,null,null
1731,closed,larsxschneider,volunter,ttaylorr,employee,0,0,null,null,null
1732,closed,ttaylorr,employee,technoweenie,volunter,3,0,null,null,null
1733,closed,ttaylorr,employee,ttaylorr,employee,3,0,null,null,null
1734,closed,ttaylorr,employee,technoweenie,volunter,3,0,null,null,null
1736,closed,sinbad,volunter,sinbad,volunter,3,17,1,0,1
1737,closed,technoweenie,volunter,technoweenie,volunter,0,0,null,null,null
1738,closed,technoweenie,volunter,ttaylorr,employee,0,0,null,null,null
1739,closed,ttaylorr,employee,ttaylorr,employee,0,0,null,null,null
174,closed,technoweenie,volunter,technoweenie,volunter,20,8,21,0,0
1741,closed,ttaylorr,employee,ttaylorr,employee,0,0,null,null,null
1742,closed,ttaylorr,employee,ttaylorr,employee,0,2,0,0,0
1743,closed,technoweenie,volunter,technoweenie,volunter,0,0,null,null,null
1744,closed,ttaylorr,employee,null,volunter,5,4,0,0,4
1745,closed,technoweenie,volunter,technoweenie,volunter,0,2,0,0,0
1746,closed,technoweenie,volunter,technoweenie,volunter,0,3,0,0,0
1747,closed,technoweenie,volunter,technoweenie,volunter,2,14,0,0,1
1749,closed,ttaylorr,employee,null,volunter,273,1,0,2,270
175,closed,technoweenie,volunter,technoweenie,volunter,0,0,null,null,null
1752,closed,sschuberth,volunter,sschuberth,volunter,6,10,6,0,0
1754,closed,ttaylorr,employee,technoweenie,volunter,0,0,null,null,null
1758,closed,ttaylorr,employee,ttaylorr,employee,0,14,0,0,0
176,closed,technoweenie,volunter,technoweenie,volunter,13,0,null,null,null
1760,closed,sinbad,volunter,sinbad,volunter,1,23,1,0,0
1766,closed,technoweenie,volunter,null,volunter,0,0,null,null,null
1767,closed,technoweenie,volunter,technoweenie,volunter,0,0,null,null,null
1768,closed,sinbad,volunter,technoweenie,volunter,0,0,null,null,null
1769,closed,sinbad,volunter,technoweenie,volunter,2,0,null,null,null
177,closed,technoweenie,volunter,null,volunter,28,0,null,null,null
1770,closed,technoweenie,volunter,technoweenie,volunter,5,3,0,0,4
1771,closed,technoweenie,volunter,technoweenie,volunter,1,0,null,null,null
1772,closed,ttaylorr,employee,ttaylorr,employee,0,0,null,null,null
1774,closed,technoweenie,volunter,technoweenie,volunter,0,0,null,null,null
1775,closed,technoweenie,volunter,technoweenie,volunter,0,0,null,null,null
1776,closed,ttaylorr,employee,ttaylorr,employee,0,2,0,0,0
1777,closed,ttaylorr,employee,ttaylorr,employee,0,0,null,null,null
1779,closed,ttaylorr,employee,ttaylorr,employee,0,0,null,null,null
1780,closed,technoweenie,volunter,technoweenie,volunter,0,0,null,null,null
1782,closed,technoweenie,volunter,ttaylorr,employee,10,0,null,null,null
1784,closed,technoweenie,volunter,technoweenie,volunter,0,0,null,null,null
1787,closed,technoweenie,volunter,technoweenie,volunter,0,0,null,null,null
1788,closed,technoweenie,volunter,technoweenie,volunter,0,0,null,null,null
1791,closed,technoweenie,volunter,technoweenie,volunter,0,12,0,0,0
1793,closed,technoweenie,volunter,technoweenie,volunter,0,0,null,null,null
1794,closed,technoweenie,volunter,technoweenie,volunter,13,0,null,null,null
1796,closed,ttaylorr,employee,ttaylorr,employee,4,2,0,0,3
1797,closed,ttaylorr,employee,ttaylorr,employee,0,0,null,null,null
1798,closed,ttaylorr,employee,ttaylorr,employee,3,0,null,null,null
1799,closed,technoweenie,volunter,technoweenie,volunter,11,1,0,0,10
180,closed,technoweenie,volunter,technoweenie,volunter,1,0,null,null,null
1801,closed,ttaylorr,employee,ttaylorr,employee,9,0,null,null,null
1804,closed,ttaylorr,employee,null,volunter,0,0,null,null,null
1805,closed,ttaylorr,employee,ttaylorr,employee,0,0,null,null,null
1806,closed,ttaylorr,employee,ttaylorr,employee,0,0,null,null,null
1807,closed,ttaylorr,employee,ttaylorr,employee,0,0,null,null,null
1808,closed,ttaylorr,employee,null,volunter,0,0,null,null,null
1809,closed,ttaylorr,employee,ttaylorr,employee,0,0,null,null,null
181,closed,bkeepers,employee,bkeepers,employee,13,0,null,null,null
1810,closed,ttaylorr,employee,ttaylorr,employee,0,0,null,null,null
1811,closed,ttaylorr,employee,ttaylorr,employee,0,0,null,null,null
1812,closed,ttaylorr,employee,ttaylorr,employee,12,0,null,null,null
1814,closed,ttaylorr,employee,ttaylorr,employee,6,0,null,null,null
1815,closed,ttaylorr,employee,ttaylorr,employee,14,10,11,2,0
1816,closed,ttaylorr,employee,null,volunter,6,0,null,null,null
1817,closed,ttaylorr,employee,null,volunter,6,0,null,null,null
1818,closed,ttaylorr,employee,ttaylorr,employee,5,0,null,null,null
182,closed,technoweenie,volunter,null,volunter,7,0,null,null,null
1820,closed,creste,volunter,ttaylorr,employee,11,6,2,3,6
1822,closed,sinbad,volunter,sinbad,volunter,13,34,489,2,478
1824,closed,technoweenie,volunter,technoweenie,volunter,2,18,0,2,0
1825,closed,technoweenie,volunter,technoweenie,volunter,0,0,null,null,null
1826,closed,technoweenie,volunter,null,volunter,0,0,null,null,null
1827,closed,technoweenie,volunter,technoweenie,volunter,1,7,0,1,0
1829,closed,larsxschneider,volunter,null,volunter,237,0,null,null,null
183,closed,technoweenie,volunter,technoweenie,volunter,4,0,null,null,null
1830,closed,ttaylorr,employee,null,volunter,0,0,null,null,null
1832,closed,ttaylorr,employee,ttaylorr,employee,0,0,null,null,null
1835,closed,ttaylorr,employee,technoweenie,volunter,0,0,null,null,null
1836,closed,technoweenie,volunter,null,volunter,0,9,0,0,0
1837,closed,technoweenie,volunter,technoweenie,volunter,0,1,0,0,0
1838,closed,technoweenie,volunter,technoweenie,volunter,0,0,null,null,null
1839,closed,technoweenie,volunter,technoweenie,volunter,0,0,null,null,null
184,closed,leereilly,employee,technoweenie,volunter,0,0,null,null,null
1840,closed,technoweenie,volunter,technoweenie,volunter,0,0,null,null,null
1841,closed,technoweenie,volunter,technoweenie,volunter,3,3,0,2,0
1845,closed,cbartz,volunter,null,volunter,0,0,null,null,null
1846,closed,technoweenie,volunter,technoweenie,volunter,0,0,null,null,null
1847,closed,sinbad,volunter,sinbad,volunter,0,0,null,null,null
1849,closed,ttaylorr,employee,ttaylorr,employee,0,2,0,0,0
185,closed,technoweenie,volunter,technoweenie,volunter,6,0,null,null,null
1850,closed,technoweenie,volunter,technoweenie,volunter,0,0,null,null,null
1852,closed,ttaylorr,employee,ttaylorr,employee,0,0,null,null,null
1854,closed,ttaylorr,employee,null,volunter,0,0,null,null,null
1856,closed,ttaylorr,employee,ttaylorr,employee,0,0,null,null,null
1857,closed,ttaylorr,employee,ttaylorr,employee,0,0,null,null,null
186,closed,chrissiebrodigan,volunter,tclem,employee,0,0,null,null,null
1861,closed,monitorjbl,volunter,technoweenie,volunter,9,10,0,4,4
1863,closed,ttaylorr,employee,ttaylorr,employee,0,2,0,0,0
1868,closed,sinbad,volunter,sinbad,volunter,2,0,null,null,null
1869,closed,schuCriX,volunter,null,volunter,10,8,8,1,1
187,closed,leereilly,employee,leereilly,employee,0,0,null,null,null
1870,closed,sinbad,volunter,sinbad,volunter,2,0,null,null,null
1877,closed,ttaylorr,employee,ttaylorr,employee,3,0,null,null,null
188,closed,fj,volunter,rubyist,employee,0,0,null,null,null
1885,closed,ttaylorr,employee,ttaylorr,employee,0,2,0,0,0
1886,closed,technoweenie,volunter,technoweenie,volunter,1,4,0,0,0
1887,closed,technoweenie,volunter,technoweenie,volunter,0,2,0,0,0
189,closed,lucaswerkmeister,volunter,bkeepers,employee,0,0,null,null,null
1890,closed,technoweenie,volunter,technoweenie,volunter,1,1,0,0,1
1893,closed,technoweenie,volunter,technoweenie,volunter,1,4,0,0,0
1896,closed,sinbad,volunter,technoweenie,volunter,7,13,2,1,3
1903,closed,vrajanap,volunter,null,volunter,0,0,null,null,null
1904,closed,technoweenie,volunter,technoweenie,volunter,0,5,0,0,0
1905,closed,technoweenie,volunter,technoweenie,volunter,1,6,1,0,0
1909,closed,technoweenie,volunter,technoweenie,volunter,7,18,6,0,1
191,closed,bkeepers,employee,rubyist,employee,0,0,null,null,null
1910,closed,technoweenie,volunter,technoweenie,volunter,3,0,null,null,null
1911,closed,sakerhead,volunter,null,volunter,0,0,null,null,null
1912,closed,technoweenie,volunter,ttaylorr,employee,68,1,0,7,60
1913,closed,technoweenie,volunter,technoweenie,volunter,2,0,null,null,null
1914,closed,technoweenie,volunter,technoweenie,volunter,9,1,0,2,7
192,closed,pborreli,volunter,tclem,employee,0,1,0,0,0
1921,closed,technoweenie,volunter,technoweenie,volunter,0,0,null,null,null
1922,closed,larsxschneider,volunter,null,volunter,7,0,null,null,null
1924,closed,technoweenie,volunter,technoweenie,volunter,0,0,null,null,null
1927,closed,technoweenie,volunter,technoweenie,volunter,3,7,0,0,2
1930,closed,sschuberth,volunter,ttaylorr,employee,0,0,null,null,null
1931,closed,technoweenie,volunter,technoweenie,volunter,2,0,null,null,null
1932,closed,ttaylorr,employee,ttaylorr,employee,2,7,2,0,0
1936,closed,technoweenie,volunter,technoweenie,volunter,1,8,0,1,0
1937,closed,ttaylorr,employee,ttaylorr,employee,0,5,0,0,0
1938,closed,sschuberth,volunter,ttaylorr,employee,0,0,null,null,null
194,closed,mattn,volunter,rubyist,employee,0,0,null,null,null
1940,closed,technoweenie,volunter,ttaylorr,employee,0,0,null,null,null
1944,closed,technoweenie,volunter,null,volunter,0,0,null,null,null
1945,closed,technoweenie,volunter,null,volunter,0,0,null,null,null
1946,closed,technoweenie,volunter,technoweenie,volunter,0,0,null,null,null
1947,closed,ttaylorr,employee,technoweenie,volunter,0,0,null,null,null
1950,closed,technoweenie,volunter,technoweenie,volunter,0,0,null,null,null
1951,closed,ttaylorr,employee,ttaylorr,employee,0,6,0,0,0
1952,closed,ttaylorr,employee,ttaylorr,employee,0,0,null,null,null
1953,closed,technoweenie,volunter,technoweenie,volunter,0,0,null,null,null
1954,closed,ttaylorr,employee,ttaylorr,employee,0,0,null,null,null
1955,closed,ttaylorr,employee,ttaylorr,employee,0,0,null,null,null
1957,closed,technoweenie,volunter,technoweenie,volunter,0,0,null,null,null
1958,closed,ttaylorr,employee,ttaylorr,employee,0,8,0,0,0
1959,closed,sschuberth,volunter,sschuberth,volunter,0,0,null,null,null
1961,closed,ttaylorr,employee,ttaylorr,employee,2,0,null,null,null
1962,closed,ttaylorr,employee,ttaylorr,employee,2,0,null,null,null
1965,closed,ttaylorr,employee,technoweenie,volunter,8,0,null,null,null
1966,closed,sschuberth,volunter,sschuberth,volunter,2,2,0,2,0
1968,closed,sschuberth,volunter,sschuberth,volunter,0,0,null,null,null
1971,closed,ttaylorr,employee,ttaylorr,employee,0,2,0,0,0
1972,closed,mmbug,volunter,null,volunter,0,0,null,null,null
1978,closed,technoweenie,volunter,technoweenie,volunter,0,1,0,0,0
1979,closed,sschuberth,volunter,sschuberth,volunter,0,0,null,null,null
1980,closed,sschuberth,volunter,sschuberth,volunter,0,0,null,null,null
1982,closed,sschuberth,volunter,sschuberth,volunter,0,0,null,null,null
1983,closed,technoweenie,volunter,technoweenie,volunter,2,0,null,null,null
1986,closed,technoweenie,volunter,technoweenie,volunter,0,0,null,null,null
1987,closed,technoweenie,volunter,technoweenie,volunter,0,0,null,null,null
1989,closed,technoweenie,volunter,technoweenie,volunter,0,0,null,null,null
1990,closed,technoweenie,volunter,technoweenie,volunter,0,3,0,0,0
1999,closed,terrorobe,employee,ttaylorr,employee,0,3,1,1,3
2004,closed,ttaylorr,employee,ttaylorr,employee,0,12,0,0,0
2005,closed,ttaylorr,volunter,null,volunter,0,0,null,null,null
2006,closed,ttaylorr,employee,null,volunter,0,0,null,null,null
2007,closed,ttaylorr,employee,ttaylorr,employee,0,0,null,null,null
2008,closed,ttaylorr,employee,ttaylorr,employee,0,1,0,0,0
201,closed,RyanMcG,volunter,null,volunter,7,0,null,null,null
2019,closed,terrorobe,employee,technoweenie,volunter,1,0,null,null,null
2020,closed,terrorobe,employee,technoweenie,volunter,1,0,null,null,null
2021,closed,grimreaper,volunter,ttaylorr,employee,0,0,null,null,null
2022,closed,TheJare,volunter,null,volunter,8,13,5,0,2
2023,closed,bozaro,volunter,ttaylorr,employee,124,3,4,119,0
2024,closed,mzknwitall702,volunter,null,volunter,0,0,null,null,null
2028,closed,dpursehouse,volunter,technoweenie,volunter,0,0,null,null,null
2033,closed,dpursehouse,volunter,ttaylorr,employee,0,0,null,null,null
2035,closed,ttaylorr,employee,ttaylorr,employee,1,14,0,0,0
2042,closed,ttaylorr,employee,ttaylorr,employee,5,2,0,3,1
2043,closed,ttaylorr,employee,null,volunter,0,0,null,null,null
2045,closed,bozaro,volunter,null,volunter,17,0,null,null,null
2047,closed,ttaylorr,employee,ttaylorr,employee,0,0,null,null,null
2048,closed,ttaylorr,employee,ttaylorr,employee,6,0,null,null,null
2049,closed,TheJare,volunter,ttaylorr,employee,172,0,null,null,null
205,closed,PeterDaveHello,volunter,bkeepers,employee,0,0,null,null,null
2059,closed,Roman7477,volunter,null,volunter,0,0,null,null,null
2067,closed,ttaylorr,employee,ttaylorr,employee,0,0,null,null,null
207,closed,PeterDaveHello,volunter,null,volunter,0,0,null,null,null
2070,closed,ttaylorr,employee,ttaylorr,employee,0,6,0,0,0
2072,closed,technoweenie,volunter,technoweenie,volunter,0,0,null,null,null
2073,closed,ttaylorr,employee,ttaylorr,employee,0,1,0,0,0
2074,closed,ttaylorr,employee,technoweenie,volunter,0,0,null,null,null
2075,closed,ttaylorr,employee,ttaylorr,employee,0,0,null,null,null
2077,closed,ttaylorr,employee,ttaylorr,employee,0,1,0,0,0
2078,closed,ttaylorr,employee,null,volunter,0,0,null,null,null
2079,closed,ttaylorr,employee,ttaylorr,employee,0,0,null,null,null
2080,closed,technoweenie,volunter,ttaylorr,employee,4,3,0,0,4
2081,closed,technoweenie,volunter,technoweenie,volunter,0,1,0,0,0
2082,closed,ttaylorr,employee,ttaylorr,employee,0,2,0,0,0
2083,closed,ttaylorr,employee,ttaylorr,employee,0,0,null,null,null
2084,closed,ttaylorr,employee,ttaylorr,employee,0,0,null,null,null
2085,closed,ttaylorr,employee,ttaylorr,employee,0,0,null,null,null
2086,closed,ZaninAndrea,volunter,null,volunter,0,0,null,null,null
2087,closed,ZaninAndrea,volunter,ttaylorr,employee,1,0,null,null,null
2088,closed,p12tic,volunter,ttaylorr,employee,1,0,null,null,null
2089,closed,ttaylorr,employee,ttaylorr,employee,0,0,null,null,null
2090,closed,ttaylorr,employee,ttaylorr,employee,0,0,null,null,null
2092,closed,ttaylorr,employee,ttaylorr,employee,0,0,null,null,null
2094,closed,ttaylorr,employee,ttaylorr,employee,0,0,null,null,null
2095,closed,ttaylorr,employee,ttaylorr,employee,0,0,null,null,null
2096,closed,ttaylorr,employee,ttaylorr,employee,0,0,null,null,null
2097,closed,ttaylorr,employee,ttaylorr,employee,0,0,null,null,null
2098,closed,ttaylorr,employee,ttaylorr,employee,0,0,null,null,null
2099,closed,ttaylorr,employee,ttaylorr,employee,0,0,null,null,null
2100,closed,ttaylorr,employee,ttaylorr,employee,0,0,null,null,null
2101,closed,ttaylorr,employee,ttaylorr,employee,0,0,null,null,null
2102,closed,ttaylorr,employee,ttaylorr,employee,0,0,null,null,null
2107,closed,ttaylorr,employee,ttaylorr,employee,0,0,null,null,null
2109,closed,ttaylorr,employee,ttaylorr,employee,0,0,null,null,null
2110,closed,ttaylorr,employee,ttaylorr,employee,0,0,null,null,null
2111,closed,ttaylorr,employee,ttaylorr,employee,0,0,null,null,null
2112,closed,ttaylorr,employee,ttaylorr,employee,0,0,null,null,null
212,closed,rtyley,volunter,technoweenie,volunter,4,0,null,null,null
2122,closed,ttaylorr,employee,null,volunter,67,0,null,null,null
2127,closed,ttaylorr,employee,ttaylorr,employee,0,1,0,0,0
213,closed,rubyist,employee,technoweenie,volunter,4,0,null,null,null
2130,closed,ttaylorr,employee,ttaylorr,employee,1,8,0,0,0
2139,closed,ttaylorr,employee,ttaylorr,employee,2,0,null,null,null
2140,closed,ttaylorr,employee,ttaylorr,employee,2,0,null,null,null
2145,closed,ttaylorr,employee,ttaylorr,employee,0,0,null,null,null
215,closed,Mistobaan,volunter,technoweenie,volunter,18,0,null,null,null
2152,closed,ttaylorr,employee,ttaylorr,employee,1,9,0,1,0
2154,closed,ttaylorr,employee,ttaylorr,employee,1,1,0,1,0
2156,closed,ttaylorr,employee,ttaylorr,employee,2,1,0,2,0
2158,closed,ttaylorr,employee,ttaylorr,employee,1,2,0,1,0
2159,closed,ttaylorr,employee,ttaylorr,employee,2,7,0,1,0
2160,closed,ttaylorr,employee,ttaylorr,employee,0,0,null,null,null
2161,closed,ttaylorr,employee,ttaylorr,employee,0,0,null,null,null
2162,closed,ttaylorr,employee,ttaylorr,employee,0,8,0,0,0
2168,closed,technoweenie,volunter,ttaylorr,employee,6,8,5,0,0
2170,closed,sprohaska,volunter,ttaylorr,employee,1,0,null,null,null
2171,closed,sprohaska,volunter,ttaylorr,employee,0,0,null,null,null
2175,closed,ttaylorr,employee,ttaylorr,employee,1,0,null,null,null
2177,closed,dankegel,volunter,null,volunter,136,0,null,null,null
2178,closed,ttaylorr,employee,ttaylorr,employee,0,0,null,null,null
2179,closed,ttaylorr,employee,ttaylorr,employee,0,0,null,null,null
218,closed,thekafkaf,volunter,technoweenie,volunter,0,0,null,null,null
2180,closed,ttaylorr,employee,ttaylorr,employee,0,0,null,null,null
2181,closed,ttaylorr,employee,ttaylorr,employee,0,0,null,null,null
2183,closed,ttaylorr,employee,ttaylorr,employee,0,0,null,null,null
2184,closed,technoweenie,volunter,technoweenie,volunter,0,0,null,null,null
2187,closed,ttaylorr,employee,ttaylorr,employee,0,0,null,null,null
2188,closed,ttaylorr,employee,ttaylorr,employee,3,0,null,null,null
219,closed,thekafkaf,volunter,null,volunter,453,7,435,4,14
2192,closed,technoweenie,volunter,technoweenie,volunter,0,0,null,null,null
2198,closed,jiangxin,volunter,ttaylorr,employee,2,0,null,null,null
2199,closed,ttaylorr,employee,ttaylorr,employee,2,4,1,0,0
220,closed,PeterDaveHello,volunter,null,volunter,371,0,null,null,null
2203,closed,ssgelm,volunter,ttaylorr,employee,0,0,null,null,null
2205,closed,ttaylorr,employee,ttaylorr,employee,1,0,null,null,null
2206,closed,technoweenie,volunter,technoweenie,volunter,0,0,null,null,null
221,closed,rubyist,employee,rubyist,employee,0,0,null,null,null
2210,closed,ttaylorr,employee,ttaylorr,employee,0,0,null,null,null
2211,closed,ttaylorr,employee,technoweenie,volunter,1,0,null,null,null
2212,closed,andyneff,volunter,ttaylorr,employee,0,0,null,null,null
2216,closed,ttaylorr,employee,ttaylorr,employee,4,2,0,4,0
2217,closed,ttaylorr,employee,null,volunter,117,0,null,null,null
222,closed,PeterDaveHello,volunter,null,volunter,0,3,0,0,0
2220,closed,ttaylorr,employee,ttaylorr,employee,6,42,6,0,0
2224,closed,ttaylorr,employee,ttaylorr,employee,0,0,null,null,null
2227,closed,ttaylorr,employee,ttaylorr,employee,0,0,null,null,null
2228,closed,ttaylorr,employee,ttaylorr,employee,0,0,null,null,null
2229,closed,ttaylorr,employee,ttaylorr,employee,0,0,null,null,null
223,closed,PeterDaveHello,volunter,rubyist,employee,0,0,null,null,null
2230,closed,ttaylorr,employee,ttaylorr,employee,0,0,null,null,null
2231,closed,technoweenie,volunter,null,volunter,1,0,null,null,null
2232,closed,dpursehouse,volunter,technoweenie,volunter,1,0,null,null,null
2233,closed,technoweenie,volunter,technoweenie,volunter,1,0,null,null,null
2235,closed,ttaylorr,employee,ttaylorr,employee,0,5,0,0,0
2237,closed,seth2810,volunter,ttaylorr,employee,0,0,null,null,null
2238,closed,technoweenie,volunter,ttaylorr,employee,0,0,null,null,null
2239,closed,technoweenie,volunter,null,volunter,0,0,null,null,null
2240,closed,ttaylorr,employee,ttaylorr,employee,0,0,null,null,null
2241,closed,technoweenie,volunter,ttaylorr,employee,0,0,null,null,null
2242,closed,ttaylorr,employee,ttaylorr,employee,0,0,null,null,null
2243,closed,ttaylorr,employee,ttaylorr,employee,0,0,null,null,null
2244,closed,ttaylorr,employee,ttaylorr,employee,0,0,null,null,null
2245,closed,ttaylorr,employee,ttaylorr,employee,0,0,null,null,null
2246,closed,ttaylorr,employee,ttaylorr,employee,0,2,0,0,0
2248,closed,dpursehouse,volunter,ttaylorr,employee,0,0,null,null,null
225,closed,thekafkaf,volunter,technoweenie,volunter,4,0,null,null,null
2251,closed,ttaylorr,employee,ttaylorr,employee,0,0,null,null,null
2252,closed,ttaylorr,employee,ttaylorr,employee,0,0,null,null,null
2261,closed,ttaylorr,employee,ttaylorr,employee,0,4,0,0,0
2262,closed,ttaylorr,employee,ttaylorr,employee,0,0,null,null,null
2263,closed,ttaylorr,employee,ttaylorr,employee,0,0,null,null,null
2265,closed,ttaylorr,employee,ttaylorr,employee,0,0,null,null,null
2266,closed,ttaylorr,employee,ttaylorr,employee,0,0,null,null,null
2267,closed,ttaylorr,employee,ttaylorr,employee,0,4,0,0,0
2268,closed,ttaylorr,employee,ttaylorr,employee,0,0,null,null,null
2272,closed,ttaylorr,employee,ttaylorr,employee,0,0,null,null,null
2275,closed,didswit1,volunter,null,volunter,0,0,null,null,null
2277,closed,raleksandar,volunter,ttaylorr,employee,0,0,null,null,null
2278,closed,ttaylorr,employee,ttaylorr,employee,0,0,null,null,null
228,closed,mhagger,employee,technoweenie,volunter,7,0,null,null,null
2283,closed,ttaylorr,employee,ttaylorr,employee,0,2,0,0,0
2286,closed,ttaylorr,employee,ttaylorr,employee,0,0,null,null,null
2287,closed,ttaylorr,employee,ttaylorr,employee,0,0,null,null,null
2292,closed,ttaylorr,employee,ttaylorr,employee,2,4,0,2,0
2293,closed,love-jiw,volunter,null,volunter,0,0,null,null,null
2294,closed,ttaylorr,employee,ttaylorr,employee,0,0,null,null,null
2295,closed,ttaylorr,employee,ttaylorr,employee,0,0,null,null,null
2296,closed,ttaylorr,employee,ttaylorr,employee,0,0,null,null,null
2297,closed,ttaylorr,employee,ttaylorr,employee,0,0,null,null,null
2299,closed,technoweenie,volunter,technoweenie,volunter,10,0,null,null,null
2300,closed,ttaylorr,employee,ttaylorr,employee,0,2,0,0,0
2301,closed,ttaylorr,employee,ttaylorr,employee,0,0,null,null,null
2302,closed,ttaylorr,employee,ttaylorr,employee,0,0,null,null,null
2303,closed,ttaylorr,employee,ttaylorr,employee,0,0,null,null,null
2305,closed,ttaylorr,employee,null,volunter,2,0,null,null,null
2308,closed,ttaylorr,employee,ttaylorr,employee,0,0,null,null,null
2310,closed,ttaylorr,employee,ttaylorr,employee,0,0,null,null,null
2311,closed,asottile,volunter,ttaylorr,employee,0,10,0,0,0
2312,closed,jakub-m,volunter,ttaylorr,employee,5,8,4,0,0
2313,closed,ttaylorr,employee,ttaylorr,employee,6,14,1,2,2
2316,closed,wisielec,volunter,null,volunter,0,0,null,null,null
2317,closed,wisielec,volunter,null,volunter,0,0,null,null,null
2318,closed,wisielec,volunter,null,volunter,0,0,null,null,null
2319,closed,wisielec,volunter,null,volunter,0,0,null,null,null
232,closed,technoweenie,volunter,technoweenie,volunter,1,0,null,null,null
2320,closed,wisielec,volunter,null,volunter,0,0,null,null,null
2321,closed,wisielec,volunter,null,volunter,0,0,null,null,null
2322,closed,ttaylorr,employee,ttaylorr,employee,0,0,null,null,null
2324,closed,ttaylorr,employee,ttaylorr,employee,0,0,null,null,null
2327,closed,gurugray,volunter,ttaylorr,employee,0,0,null,null,null
2329,closed,ttaylorr,employee,ttaylorr,employee,4,4,0,0,3
2331,closed,ttaylorr,employee,ttaylorr,employee,0,0,null,null,null
2332,closed,ttaylorr,employee,ttaylorr,employee,0,0,null,null,null
2333,closed,ttaylorr,employee,ttaylorr,employee,0,0,null,null,null
2334,closed,ttaylorr,employee,ttaylorr,employee,2,0,null,null,null
2335,closed,ttaylorr,employee,ttaylorr,employee,3,1,0,2,0
2338,closed,ttaylorr,employee,ttaylorr,employee,0,1,0,0,0
2339,closed,ttaylorr,employee,ttaylorr,employee,0,0,null,null,null
2340,closed,ttaylorr,employee,ttaylorr,employee,1,0,null,null,null
2341,closed,ttaylorr,employee,ttaylorr,employee,0,0,null,null,null
2343,closed,ttaylorr,employee,ttaylorr,employee,0,0,null,null,null
2344,closed,ttaylorr,employee,ttaylorr,employee,0,2,0,0,0
2345,closed,ttaylorr,employee,ttaylorr,employee,0,2,0,0,0
2346,closed,ttaylorr,employee,ttaylorr,employee,0,3,0,0,0
2347,closed,ttaylorr,employee,ttaylorr,employee,0,0,null,null,null
2348,closed,ttaylorr,employee,ttaylorr,employee,0,0,null,null,null
235,closed,mhagger,employee,technoweenie,volunter,0,0,null,null,null
2353,closed,ttaylorr,employee,technoweenie,volunter,3,0,null,null,null
2355,closed,ttaylorr,employee,technoweenie,volunter,0,0,null,null,null
2356,closed,ttaylorr,employee,technoweenie,volunter,0,0,null,null,null
2358,closed,ttaylorr,employee,technoweenie,volunter,0,0,null,null,null
2362,closed,technoweenie,volunter,technoweenie,volunter,0,0,null,null,null
2369,closed,technoweenie,volunter,technoweenie,volunter,0,0,null,null,null
237,closed,technoweenie,volunter,technoweenie,volunter,0,0,null,null,null
2370,closed,technoweenie,volunter,null,volunter,0,0,null,null,null
2371,closed,technoweenie,volunter,technoweenie,volunter,0,0,null,null,null
2374,closed,asottile,volunter,ttaylorr,employee,3,2,0,3,0
2377,closed,ssgelm,volunter,ttaylorr,employee,1,0,null,null,null
2382,closed,ttaylorr,employee,ttaylorr,employee,0,0,null,null,null
2383,closed,ttaylorr,employee,ttaylorr,employee,0,0,null,null,null
2384,closed,ttaylorr,employee,ttaylorr,employee,0,0,null,null,null
2385,closed,ttaylorr,employee,ttaylorr,employee,0,0,null,null,null
2386,closed,ttaylorr,employee,ttaylorr,employee,0,0,null,null,null
2387,closed,mlajszczak,volunter,null,volunter,5,0,null,null,null
2388,closed,ttaylorr,employee,ttaylorr,employee,0,0,null,null,null
2389,closed,ttaylorr,employee,ttaylorr,employee,0,0,null,null,null
2392,closed,ttaylorr,employee,ttaylorr,employee,5,0,null,null,null
2393,closed,ttaylorr,employee,ttaylorr,employee,3,0,null,null,null
2394,closed,ttaylorr,employee,ttaylorr,employee,0,0,null,null,null
2395,closed,ttaylorr,employee,ttaylorr,employee,0,0,null,null,null
2396,closed,ttaylorr,employee,ttaylorr,employee,0,0,null,null,null
2397,closed,ttaylorr,employee,ttaylorr,employee,0,0,null,null,null
2398,closed,ttaylorr,employee,null,volunter,0,0,null,null,null
2399,closed,ttaylorr,employee,ttaylorr,employee,0,0,null,null,null
240,closed,rubyist,employee,rubyist,employee,0,0,null,null,null
2400,closed,ttaylorr,employee,ttaylorr,employee,0,0,null,null,null
2401,closed,ttaylorr,employee,ttaylorr,employee,0,0,null,null,null
2402,closed,ttaylorr,employee,ttaylorr,employee,0,0,null,null,null
2403,closed,ttaylorr,employee,ttaylorr,employee,0,0,null,null,null
2404,closed,ttaylorr,employee,ttaylorr,employee,0,0,null,null,null
241,closed,rubyist,employee,rubyist,employee,0,0,null,null,null
2410,closed,ttaylorr,employee,ttaylorr,employee,0,0,null,null,null
2418,closed,t-kin,volunter,null,volunter,0,0,null,null,null
2420,closed,ttaylorr,employee,ttaylorr,employee,8,0,null,null,null
2421,closed,ttaylorr,employee,ttaylorr,employee,8,0,null,null,null
2422,closed,ttaylorr,employee,ttaylorr,employee,8,0,null,null,null
2423,closed,ttaylorr,employee,ttaylorr,employee,8,1,0,9,0
2425,closed,ssgelm,volunter,ttaylorr,employee,0,0,null,null,null
2426,closed,ssgelm,volunter,ttaylorr,employee,6,0,null,null,null
2429,closed,aleb,volunter,ttaylorr,employee,11,7,4,0,7
2436,closed,ttaylorr,employee,ttaylorr,employee,0,0,null,null,null
2437,closed,ttaylorr,employee,ttaylorr,employee,0,0,null,null,null
2438,closed,ttaylorr,employee,ttaylorr,employee,16,0,null,null,null
244,closed,technoweenie,volunter,technoweenie,volunter,0,0,null,null,null
2440,closed,ttaylorr,employee,ttaylorr,employee,0,0,null,null,null
2441,closed,ttaylorr,employee,ttaylorr,employee,1,0,null,null,null
2443,closed,rudineirk,volunter,ttaylorr,employee,1,0,null,null,null
2449,closed,mathstuf,volunter,ttaylorr,employee,2,0,null,null,null
245,closed,technoweenie,volunter,technoweenie,volunter,0,0,null,null,null
2451,closed,sebokart,volunter,null,volunter,2,0,null,null,null
2453,closed,larsxschneider,volunter,ttaylorr,employee,25,15,22,0,2
2455,closed,ttaylorr,employee,ttaylorr,employee,0,0,null,null,null
2457,closed,ttaylorr,employee,ttaylorr,employee,0,0,null,null,null
2458,closed,ttaylorr,employee,ttaylorr,employee,0,0,null,null,null
2459,closed,ttaylorr,employee,ttaylorr,employee,0,0,null,null,null
246,closed,technoweenie,volunter,technoweenie,volunter,4,9,2,0,2
2460,closed,ttaylorr,employee,ttaylorr,employee,0,0,null,null,null
2461,closed,ttaylorr,employee,ttaylorr,employee,0,0,null,null,null
2462,closed,ttaylorr,employee,ttaylorr,employee,0,0,null,null,null
2463,closed,ttaylorr,employee,ttaylorr,employee,0,0,null,null,null
2465,closed,ttaylorr,employee,ttaylorr,employee,0,0,null,null,null
2467,closed,ttaylorr,employee,ttaylorr,employee,1,0,null,null,null
2468,closed,ttaylorr,employee,ttaylorr,employee,1,4,0,0,1
2469,closed,ttaylorr,employee,ttaylorr,employee,1,0,null,null,null
247,closed,technoweenie,volunter,technoweenie,volunter,4,0,null,null,null
2470,closed,ttaylorr,employee,ttaylorr,employee,0,6,0,0,0
2471,closed,ttaylorr,employee,ttaylorr,employee,1,0,null,null,null
2475,closed,ttaylorr,employee,ttaylorr,employee,0,0,null,null,null
2476,closed,ttaylorr,employee,ttaylorr,employee,0,0,null,null,null
248,closed,technoweenie,volunter,null,volunter,94,0,null,null,null
2483,closed,ttaylorr,employee,ttaylorr,employee,0,0,null,null,null
2485,closed,ttaylorr,employee,ttaylorr,employee,0,0,null,null,null
2488,closed,ttaylorr,employee,ttaylorr,employee,0,0,null,null,null
2493,closed,ttaylorr,employee,ttaylorr,employee,0,0,null,null,null
2495,closed,ttaylorr,employee,ttaylorr,employee,0,0,null,null,null
2499,closed,aleb,volunter,ttaylorr,employee,0,1,0,0,0
2500,closed,ttaylorr,employee,ttaylorr,employee,0,0,null,null,null
2501,closed,ttaylorr,employee,ttaylorr,employee,0,0,null,null,null
2502,closed,ttaylorr,employee,ttaylorr,employee,0,0,null,null,null
2505,closed,ttaylorr,employee,ttaylorr,employee,0,0,null,null,null
2506,closed,ttaylorr,employee,ttaylorr,employee,2,0,null,null,null
2507,closed,ttaylorr,employee,ttaylorr,employee,0,0,null,null,null
2508,closed,ttaylorr,employee,ttaylorr,employee,0,0,null,null,null
2509,closed,andyneff,volunter,ttaylorr,employee,0,0,null,null,null
2510,closed,ttaylorr,employee,ttaylorr,employee,1,5,0,0,1
2511,closed,ttaylorr,employee,ttaylorr,employee,8,27,8,0,0
2514,closed,ttaylorr,employee,ttaylorr,employee,20,0,null,null,null
2515,closed,ttaylorr,employee,ttaylorr,employee,0,0,null,null,null
2516,closed,ttaylorr,employee,ttaylorr,employee,26,10,12,13,0
252,closed,bkeepers,employee,technoweenie,volunter,2,0,null,null,null
2524,closed,ttaylorr,employee,ttaylorr,employee,0,0,null,null,null
2525,closed,ttaylorr,employee,ttaylorr,employee,0,0,null,null,null
2526,closed,ttaylorr,employee,ttaylorr,employee,5,5,3,0,1
2527,closed,ttaylorr,employee,null,volunter,186,0,null,null,null
2528,closed,ttaylorr,employee,ttaylorr,employee,5,0,null,null,null
2529,closed,ttaylorr,employee,ttaylorr,employee,5,0,null,null,null
253,closed,Aorjoa,volunter,null,volunter,0,0,null,null,null
2530,closed,ttaylorr,employee,ttaylorr,employee,3,0,null,null,null
2531,closed,larsxschneider,volunter,ttaylorr,employee,0,0,null,null,null
2535,closed,ttaylorr,employee,ttaylorr,employee,0,0,null,null,null
2536,closed,ttaylorr,employee,ttaylorr,employee,0,0,null,null,null
2537,closed,ttaylorr,employee,ttaylorr,employee,0,0,null,null,null
2538,closed,ttaylorr,employee,ttaylorr,employee,0,0,null,null,null
2539,closed,larsxschneider,volunter,ttaylorr,employee,0,0,null,null,null
254,closed,Aorjoa,volunter,null,volunter,0,0,null,null,null
2540,closed,larsxschneider,volunter,ttaylorr,employee,1,7,0,0,0
2541,closed,ttaylorr,employee,ttaylorr,employee,8,2,0,0,8
2544,closed,technoweenie,volunter,null,volunter,3,0,null,null,null
2546,closed,larsxschneider,volunter,ttaylorr,employee,2,0,null,null,null
255,closed,Aorjoa,volunter,null,volunter,0,0,null,null,null
2550,closed,ttaylorr,employee,ttaylorr,employee,5,0,null,null,null
2551,closed,ttaylorr,employee,ttaylorr,employee,5,0,null,null,null
2552,closed,ttaylorr,employee,ttaylorr,employee,5,0,null,null,null
2553,closed,ttaylorr,employee,ttaylorr,employee,5,0,null,null,null
2554,closed,ttaylorr,employee,ttaylorr,employee,5,0,null,null,null
2558,closed,ttaylorr,employee,ttaylorr,employee,0,0,null,null,null
2559,closed,ttaylorr,employee,ttaylorr,employee,0,0,null,null,null
2562,closed,ttaylorr,employee,ttaylorr,employee,0,0,null,null,null
2566,closed,ttaylorr,employee,ttaylorr,employee,0,0,null,null,null
2567,closed,ttaylorr,employee,ttaylorr,employee,0,0,null,null,null
257,closed,technoweenie,volunter,technoweenie,volunter,0,0,null,null,null
2570,closed,larsxschneider,volunter,ttaylorr,employee,0,6,0,0,0
2571,closed,larsxschneider,volunter,ttaylorr,employee,0,3,0,0,0
2572,closed,ttaylorr,employee,ttaylorr,employee,0,0,null,null,null
2574,closed,technoweenie,volunter,technoweenie,volunter,0,0,null,null,null
2577,closed,ttaylorr,employee,ttaylorr,employee,0,0,null,null,null
2578,closed,ttaylorr,employee,ttaylorr,employee,0,0,null,null,null
2579,closed,technoweenie,volunter,ttaylorr,employee,0,0,null,null,null
258,closed,rubyist,employee,rubyist,employee,7,6,6,0,1
2580,closed,technoweenie,volunter,ttaylorr,employee,0,6,0,0,0
2583,closed,ttaylorr,employee,ttaylorr,employee,0,2,0,0,0
2584,closed,ttaylorr,employee,ttaylorr,employee,0,0,null,null,null
2585,closed,shiftkey,employee,technoweenie,volunter,7,3,2,0,5
2586,closed,sschuberth,volunter,ttaylorr,employee,0,0,null,null,null
2588,closed,sschuberth,volunter,ttaylorr,employee,0,0,null,null,null
2589,closed,sschuberth,volunter,null,volunter,0,0,null,null,null
2590,closed,sprohaska,volunter,technoweenie,volunter,5,3,0,0,4
2596,closed,technoweenie,volunter,technoweenie,volunter,3,0,null,null,null
2598,closed,shiftkey,employee,technoweenie,volunter,1,2,0,0,0
2600,closed,technoweenie,volunter,technoweenie,volunter,0,0,null,null,null
2607,closed,technoweenie,volunter,technoweenie,volunter,0,0,null,null,null
2608,closed,technoweenie,volunter,technoweenie,volunter,3,0,null,null,null
2609,closed,technoweenie,volunter,technoweenie,volunter,3,0,null,null,null
261,closed,technoweenie,volunter,null,volunter,0,0,null,null,null
2610,closed,technoweenie,volunter,technoweenie,volunter,3,0,null,null,null
2614,closed,technoweenie,volunter,technoweenie,volunter,0,0,null,null,null
2615,closed,technoweenie,volunter,technoweenie,volunter,0,0,null,null,null
2617,closed,technoweenie,volunter,technoweenie,volunter,0,0,null,null,null
2620,closed,rubyist,employee,technoweenie,volunter,0,0,null,null,null
2621,closed,technoweenie,volunter,technoweenie,volunter,21,0,null,null,null
2622,closed,technoweenie,volunter,technoweenie,volunter,5,0,null,null,null
2625,closed,technoweenie,volunter,technoweenie,volunter,0,0,null,null,null
2626,closed,technoweenie,volunter,technoweenie,volunter,20,2,0,0,20
2628,closed,technoweenie,volunter,null,volunter,5,0,null,null,null
263,closed,technoweenie,volunter,technoweenie,volunter,4,0,null,null,null
2632,closed,technoweenie,volunter,technoweenie,volunter,3,0,null,null,null
2633,closed,technoweenie,volunter,technoweenie,volunter,3,0,null,null,null
2637,closed,technoweenie,volunter,technoweenie,volunter,0,0,null,null,null
264,closed,technoweenie,volunter,technoweenie,volunter,0,0,null,null,null
2641,closed,technoweenie,volunter,technoweenie,volunter,0,0,null,null,null
2642,closed,technoweenie,volunter,technoweenie,volunter,0,0,null,null,null
2643,closed,technoweenie,volunter,technoweenie,volunter,0,0,null,null,null
2647,closed,technoweenie,volunter,technoweenie,volunter,1,2,0,1,0
2648,closed,technoweenie,volunter,technoweenie,volunter,0,0,null,null,null
265,closed,technoweenie,volunter,technoweenie,volunter,3,0,null,null,null
2651,closed,technoweenie,volunter,technoweenie,volunter,13,0,null,null,null
2657,closed,technoweenie,volunter,technoweenie,volunter,0,0,null,null,null
2659,closed,shiftkey,employee,technoweenie,volunter,1,5,0,0,0
2666,closed,arguiot,volunter,null,volunter,43,5,0,1,42
267,closed,technoweenie,volunter,technoweenie,volunter,0,0,null,null,null
2672,closed,technoweenie,volunter,technoweenie,volunter,0,0,null,null,null
2673,closed,technoweenie,volunter,technoweenie,volunter,0,0,null,null,null
2674,closed,technoweenie,volunter,technoweenie,volunter,0,0,null,null,null
2676,closed,technoweenie,volunter,technoweenie,volunter,1,0,null,null,null
2678,closed,technoweenie,volunter,technoweenie,volunter,4,0,null,null,null
2687,closed,technoweenie,volunter,technoweenie,volunter,0,0,null,null,null
2689,closed,technoweenie,volunter,technoweenie,volunter,0,0,null,null,null
2692,closed,technoweenie,volunter,technoweenie,volunter,0,0,null,null,null
2695,closed,technoweenie,volunter,technoweenie,volunter,3,0,null,null,null
2698,closed,technoweenie,volunter,technoweenie,volunter,0,0,null,null,null
2699,closed,technoweenie,volunter,technoweenie,volunter,0,0,null,null,null
270,closed,keithws,volunter,null,volunter,50,0,null,null,null
2700,closed,technoweenie,volunter,technoweenie,volunter,2,0,null,null,null
2704,closed,technoweenie,volunter,technoweenie,volunter,21,0,null,null,null
2706,closed,technoweenie,volunter,technoweenie,volunter,2,0,null,null,null
2708,closed,mathstuf,volunter,ttaylorr,employee,16,2,0,0,15
2709,closed,mathstuf,volunter,technoweenie,volunter,15,0,null,null,null
271,closed,technoweenie,volunter,technoweenie,volunter,0,0,null,null,null
2715,closed,technoweenie,volunter,technoweenie,volunter,0,0,null,null,null
2716,closed,QuLogic,volunter,technoweenie,volunter,4,0,null,null,null
2719,closed,bilke,volunter,technoweenie,volunter,1,0,null,null,null
2721,closed,technoweenie,volunter,null,volunter,0,0,null,null,null
2722,closed,technoweenie,volunter,ttaylorr,employee,11,5,0,8,3
2730,closed,dpursehouse,volunter,ttaylorr,employee,0,0,null,null,null
2732,closed,ttaylorr,employee,ttaylorr,employee,4,7,5,0,0
2733,closed,ttaylorr,employee,ttaylorr,employee,0,7,0,0,0
2734,closed,ttaylorr,employee,ttaylorr,employee,3,1,0,0,3
2735,closed,technoweenie,volunter,ttaylorr,employee,3,0,null,null,null
2736,closed,ttaylorr,employee,ttaylorr,employee,3,0,null,null,null
2737,closed,technoweenie,volunter,technoweenie,volunter,3,0,null,null,null
2738,closed,ttaylorr,employee,ttaylorr,employee,3,0,null,null,null
2739,closed,ttaylorr,employee,ttaylorr,employee,2,0,null,null,null
274,closed,technoweenie,volunter,technoweenie,volunter,0,0,null,null,null
2740,closed,takpare,volunter,null,volunter,0,0,null,null,null
2746,closed,ttaylorr,employee,ttaylorr,employee,0,0,null,null,null
2747,closed,ttaylorr,employee,ttaylorr,employee,0,0,null,null,null
2749,closed,ttaylorr,employee,ttaylorr,employee,0,0,null,null,null
2750,closed,ttaylorr,employee,ttaylorr,employee,8,2,3,4,0
2751,closed,wsprent,volunter,ttaylorr,employee,4,0,null,null,null
2755,closed,ttaylorr,employee,ttaylorr,employee,3,0,null,null,null
2756,closed,ttaylorr,employee,ttaylorr,employee,3,0,null,null,null
2757,closed,ttaylorr,employee,ttaylorr,employee,6,10,0,6,0
2758,closed,ttaylorr,employee,ttaylorr,employee,6,4,3,2,0
2759,closed,ttaylorr,employee,ttaylorr,employee,6,0,null,null,null
2762,closed,ttaylorr,employee,ttaylorr,employee,8,2,0,6,2
2764,closed,ttaylorr,employee,ttaylorr,employee,2,6,0,0,2
2767,closed,ttaylorr,employee,ttaylorr,employee,1,0,null,null,null
2769,closed,ttaylorr,employee,ttaylorr,employee,0,6,0,0,0
277,closed,ddanier,volunter,technoweenie,volunter,20,0,null,null,null
2770,closed,sschuberth,volunter,ttaylorr,employee,0,0,null,null,null
2773,closed,technoweenie,volunter,ttaylorr,employee,7,0,null,null,null
2774,closed,technoweenie,volunter,null,volunter,28,0,null,null,null
2778,closed,ttaylorr,employee,ttaylorr,employee,2,0,null,null,null
2779,closed,ttaylorr,employee,ttaylorr,employee,2,0,null,null,null
2780,closed,ttaylorr,employee,ttaylorr,employee,2,0,null,null,null
2784,closed,ttaylorr,employee,ttaylorr,employee,0,0,null,null,null
2785,closed,ttaylorr,employee,ttaylorr,employee,0,0,null,null,null
2786,closed,ttaylorr,employee,ttaylorr,employee,0,0,null,null,null
2788,closed,ttaylorr,employee,ttaylorr,employee,3,0,null,null,null
2793,closed,ttaylorr,employee,ttaylorr,employee,0,0,null,null,null
2794,closed,ttaylorr,employee,ttaylorr,employee,0,0,null,null,null
2795,closed,ttaylorr,employee,ttaylorr,employee,0,0,null,null,null
2796,closed,ttaylorr,employee,ttaylorr,employee,14,0,null,null,null
2797,closed,b4mboo,employee,ttaylorr,employee,0,0,null,null,null
2799,closed,larsxschneider,volunter,null,volunter,69,2,0,0,69
280,closed,zeroshirts,volunter,null,volunter,14,3,0,1,12
2806,closed,technoweenie,volunter,technoweenie,volunter,0,4,0,0,0
2807,closed,technoweenie,volunter,null,volunter,103,7,2,1,100
2809,closed,technoweenie,volunter,technoweenie,volunter,2,5,2,0,0
2810,closed,ttaylorr,employee,ttaylorr,employee,11,0,null,null,null
2811,closed,ttaylorr,employee,ttaylorr,employee,11,2,0,11,0
2820,closed,technoweenie,volunter,ttaylorr,employee,0,0,null,null,null
2821,closed,technoweenie,volunter,ttaylorr,employee,0,0,null,null,null
2823,closed,ttaylorr,employee,null,volunter,88,0,null,null,null
2828,closed,yfronto,volunter,null,volunter,0,0,null,null,null
2829,closed,yfronto,volunter,ttaylorr,employee,1,0,null,null,null
283,closed,catphish,volunter,technoweenie,volunter,0,0,null,null,null
2830,closed,proinsias,volunter,ttaylorr,employee,0,0,null,null,null
2843,closed,larsxschneider,volunter,null,volunter,5,1,0,0,5
2846,closed,ttaylorr,employee,ttaylorr,employee,8,0,null,null,null
2847,closed,larsxschneider,volunter,ttaylorr,employee,13,4,10,0,3
2849,closed,larsxschneider,volunter,ttaylorr,employee,4,0,null,null,null
285,closed,rubyist,employee,technoweenie,volunter,23,7,0,22,0
2850,closed,larsxschneider,volunter,ttaylorr,employee,0,0,null,null,null
2851,closed,larsxschneider,volunter,ttaylorr,employee,12,5,7,4,0
2866,closed,larsxschneider,volunter,null,volunter,0,2,0,0,0
2867,open,NoEffex,volunter,null,volunter,null,4,5,0,null
2870,closed,MikeMcQuaid,employee,ttaylorr,employee,0,0,null,null,null
2871,closed,stffabi,volunter,ttaylorr,employee,11,5,5,4,0
2875,closed,ttaylorr,employee,ttaylorr,employee,7,17,2,3,0
2876,closed,de-code,volunter,null,volunter,5,7,4,0,0
2880,closed,jeffreydwalter,volunter,ttaylorr,employee,2,2,0,0,2
2883,closed,ttaylorr,employee,ttaylorr,employee,0,0,null,null,null
2884,closed,ttaylorr,employee,ttaylorr,employee,0,4,0,0,0
2888,closed,ttaylorr,employee,ttaylorr,employee,0,0,null,null,null
2889,closed,ttaylorr,employee,ttaylorr,employee,0,0,null,null,null
2890,closed,ttaylorr,employee,ttaylorr,employee,0,0,null,null,null
2897,closed,yurivict,volunter,null,volunter,0,0,null,null,null
290,closed,technoweenie,volunter,null,volunter,42,0,null,null,null
2901,closed,QuLogic,volunter,ttaylorr,employee,0,0,null,null,null
2902,closed,ttaylorr,employee,ttaylorr,employee,0,0,null,null,null
2906,closed,gst,volunter,null,volunter,11,0,null,null,null
291,closed,technoweenie,volunter,null,volunter,11,0,null,null,null
2912,closed,sprohaska,volunter,ttaylorr,employee,39,4,22,5,11
2928,closed,ttaylorr,employee,ttaylorr,employee,1,0,null,null,null
2929,closed,jasminlapalme,volunter,ttaylorr,employee,2,10,0,1,0
2932,closed,ttaylorr,employee,ttaylorr,employee,0,0,null,null,null
2933,closed,ttaylorr,employee,ttaylorr,employee,8,0,null,null,null
2934,open,stanhu,volunter,null,volunter,null,5,0,0,null
2939,closed,ttaylorr,employee,ttaylorr,employee,20,0,null,null,null
294,closed,Aorjoa,volunter,null,volunter,12,0,null,null,null
2941,closed,ttaylorr,employee,ttaylorr,employee,0,0,null,null,null
2942,closed,ttaylorr,employee,ttaylorr,employee,0,0,null,null,null
2948,closed,ttaylorr,employee,ttaylorr,employee,1,0,null,null,null
2955,closed,ttaylorr,employee,ttaylorr,employee,0,0,null,null,null
2960,closed,ttaylorr,employee,ttaylorr,employee,0,0,null,null,null
2961,closed,ttaylorr,employee,ttaylorr,employee,0,0,null,null,null
2963,open,StanleyGoldman,employee,null,volunter,null,7,6,0,null
2967,closed,ttaylorr,employee,ttaylorr,employee,0,0,null,null,null
2968,closed,ttaylorr,employee,ttaylorr,employee,0,0,null,null,null
2969,closed,ttaylorr,employee,ttaylorr,employee,0,0,null,null,null
2976,closed,ttaylorr,employee,ttaylorr,employee,1,0,null,null,null
2982,closed,ttaylorr,employee,ttaylorr,employee,7,2,0,6,0
2983,closed,patrickmarlier,volunter,ttaylorr,employee,1,0,null,null,null
2985,closed,zanglang,volunter,ttaylorr,employee,0,0,null,null,null
299,closed,jsh,volunter,technoweenie,volunter,1,1,0,4,2
2994,closed,ttaylorr,employee,ttaylorr,employee,0,0,null,null,null
2996,closed,ttaylorr,employee,ttaylorr,employee,0,0,null,null,null
2997,closed,zackse,volunter,ttaylorr,employee,0,0,null,null,null
300,closed,michael-k,volunter,technoweenie,volunter,1,1,0,0,1
3010,open,ttaylorr,employee,null,volunter,null,0,null,null,null
302,closed,celgemark,volunter,null,volunter,0,3,0,0,0
303,closed,technoweenie,volunter,technoweenie,volunter,0,0,null,null,null
304,closed,michael-k,volunter,null,volunter,0,0,null,null,null
305,closed,michael-k,volunter,technoweenie,volunter,0,0,null,null,null
306,closed,technoweenie,volunter,technoweenie,volunter,6,5,0,4,1
309,closed,ssgelm,volunter,technoweenie,volunter,6,0,null,null,null
311,closed,michael-k,volunter,rubyist,employee,0,0,null,null,null
312,closed,michael-k,volunter,technoweenie,volunter,4,0,null,null,null
313,closed,andyneff,volunter,technoweenie,volunter,30,0,null,null,null
315,closed,sinbad,volunter,technoweenie,volunter,0,0,null,null,null
319,closed,technoweenie,volunter,technoweenie,volunter,0,0,null,null,null
321,closed,technoweenie,volunter,technoweenie,volunter,0,0,null,null,null
323,closed,technoweenie,volunter,technoweenie,volunter,1,2,0,0,0
324,closed,michael-k,volunter,null,volunter,5,0,null,null,null
327,closed,technoweenie,volunter,technoweenie,volunter,0,0,null,null,null
329,closed,joerg,volunter,rubyist,employee,0,0,null,null,null
330,closed,technoweenie,volunter,null,volunter,3,0,null,null,null
331,closed,technoweenie,volunter,technoweenie,volunter,3,0,null,null,null
332,closed,andyneff,volunter,technoweenie,volunter,22,0,null,null,null
335,closed,technoweenie,volunter,technoweenie,volunter,0,0,null,null,null
336,closed,technoweenie,volunter,technoweenie,volunter,0,0,null,null,null
339,closed,rubyist,employee,rubyist,employee,1,0,null,null,null
340,closed,rubyist,employee,rubyist,employee,1,0,null,null,null
342,closed,technoweenie,volunter,technoweenie,volunter,0,0,null,null,null
345,closed,technoweenie,volunter,null,volunter,20,0,null,null,null
346,closed,technoweenie,volunter,technoweenie,volunter,0,0,null,null,null
348,closed,rubyist,employee,rubyist,employee,0,0,null,null,null
349,closed,rubyist,employee,rubyist,employee,0,0,null,null,null
350,closed,sinbad,volunter,null,volunter,10,9,6,0,3
351,closed,michael-k,volunter,technoweenie,volunter,0,3,0,0,0
352,closed,michael-k,volunter,technoweenie,volunter,0,0,null,null,null
354,closed,michael-k,volunter,rubyist,employee,2,0,null,null,null
356,closed,michael-k,volunter,rubyist,employee,0,0,null,null,null
358,closed,rubyist,employee,rubyist,employee,14,7,0,2,12
360,closed,larsxschneider,volunter,null,volunter,6,0,null,null,null
361,closed,michael-k,volunter,technoweenie,volunter,1,0,null,null,null
362,closed,ewbankkit,volunter,null,volunter,17,1,0,0,16
364,closed,michael-k,volunter,rubyist,employee,0,0,null,null,null
365,closed,thpang67,volunter,technoweenie,volunter,14,1,0,3,10
366,closed,rubyist,employee,rubyist,employee,12,4,0,13,0
370,closed,michael-k,volunter,technoweenie,volunter,11,0,null,null,null
372,closed,michael-k,volunter,technoweenie,volunter,0,0,null,null,null
373,closed,michael-k,volunter,technoweenie,volunter,10,0,null,null,null
374,closed,michael-k,volunter,technoweenie,volunter,0,0,null,null,null
377,closed,bozaro,volunter,technoweenie,volunter,0,0,null,null,null
378,closed,sinbad,volunter,null,volunter,434,0,null,null,null
380,closed,bozaro,volunter,null,volunter,6,3,0,0,6
381,closed,bozaro,volunter,technoweenie,volunter,6,1,0,0,5
382,closed,bozaro,volunter,technoweenie,volunter,6,0,null,null,null
383,closed,ssgelm,volunter,technoweenie,volunter,5,0,null,null,null
384,closed,michael-k,volunter,rubyist,employee,3,0,null,null,null
386,closed,ryansimmen,volunter,rubyist,employee,19,0,null,null,null
387,closed,michael-k,volunter,technoweenie,volunter,2,0,null,null,null
391,closed,bozaro,volunter,rubyist,employee,0,0,null,null,null
392,closed,michael-k,volunter,rubyist,employee,0,0,null,null,null
393,closed,sinbad,volunter,technoweenie,volunter,2,0,null,null,null
396,closed,michael-k,volunter,rubyist,employee,0,0,null,null,null
398,closed,michael-k,volunter,rubyist,employee,0,2,0,0,0
399,closed,technoweenie,volunter,technoweenie,volunter,0,1,0,0,0
400,closed,rubyist,employee,rubyist,employee,0,0,null,null,null
401,closed,michael-k,volunter,technoweenie,volunter,0,0,null,null,null
402,closed,sinbad,volunter,technoweenie,volunter,0,0,null,null,null
403,closed,sinbad,volunter,technoweenie,volunter,0,1,0,0,0
404,closed,sinbad,volunter,technoweenie,volunter,19,11,19,0,0
405,closed,technoweenie,volunter,technoweenie,volunter,0,0,null,null,null
406,closed,technoweenie,volunter,technoweenie,volunter,0,0,null,null,null
407,closed,technoweenie,volunter,null,volunter,0,0,null,null,null
408,closed,technoweenie,volunter,technoweenie,volunter,1,0,null,null,null
411,closed,technoweenie,volunter,null,volunter,0,0,null,null,null
412,closed,technoweenie,volunter,technoweenie,volunter,1,0,null,null,null
413,closed,technoweenie,volunter,technoweenie,volunter,1,0,null,null,null
415,closed,rubyist,employee,rubyist,employee,10,2,0,0,10
416,closed,bozaro,volunter,null,volunter,0,0,null,null,null
418,closed,gitter-badger,volunter,null,volunter,0,0,null,null,null
420,closed,technoweenie,volunter,technoweenie,volunter,0,0,null,null,null
421,closed,technoweenie,volunter,rubyist,employee,9,0,null,null,null
422,closed,rubyist,employee,technoweenie,volunter,0,0,null,null,null
423,closed,rubyist,employee,rubyist,employee,0,2,0,0,0
424,closed,technoweenie,volunter,technoweenie,volunter,0,0,null,null,null
428,closed,andyneff,volunter,technoweenie,volunter,4,8,4,0,0
429,closed,rubyist,employee,rubyist,employee,3,0,null,null,null
437,closed,technoweenie,volunter,technoweenie,volunter,33,0,null,null,null
441,closed,devcurmudgeon,volunter,technoweenie,volunter,1,0,null,null,null
442,closed,sinbad,volunter,rubyist,employee,2,1,0,1,1
444,closed,sanoursa,volunter,technoweenie,volunter,23,5,10,1,11
446,closed,technoweenie,volunter,rubyist,employee,1,0,null,null,null
447,closed,technoweenie,volunter,technoweenie,volunter,8,1,0,1,7
449,closed,larsxschneider,volunter,technoweenie,volunter,7,18,0,7,0
450,closed,rubyist,employee,rubyist,employee,0,0,null,null,null
451,closed,rubyist,employee,rubyist,employee,0,0,null,null,null
452,closed,rubyist,employee,rubyist,employee,0,0,null,null,null
454,closed,rubyist,employee,null,volunter,64,0,null,null,null
458,closed,MikeMcQuaid,employee,technoweenie,volunter,4,0,null,null,null
461,closed,technoweenie,volunter,technoweenie,volunter,1,0,null,null,null
463,closed,technoweenie,volunter,technoweenie,volunter,0,0,null,null,null
464,closed,technoweenie,volunter,technoweenie,volunter,0,0,null,null,null
465,closed,technoweenie,volunter,technoweenie,volunter,13,3,0,3,9
467,closed,MikeMcQuaid,employee,technoweenie,volunter,0,0,null,null,null
468,closed,rubyist,employee,rubyist,employee,1,3,0,0,0
469,closed,ssgelm,volunter,technoweenie,volunter,1,0,null,null,null
471,closed,bkeepers,employee,technoweenie,volunter,0,0,null,null,null
472,closed,rubyist,employee,rubyist,employee,0,0,null,null,null
475,closed,technoweenie,volunter,technoweenie,volunter,0,0,null,null,null
476,closed,rubyist,employee,rubyist,employee,19,1,0,18,1
480,closed,andyneff,volunter,technoweenie,volunter,3,0,null,null,null
483,closed,technoweenie,volunter,technoweenie,volunter,1,0,null,null,null
484,closed,michael-k,volunter,technoweenie,volunter,0,0,null,null,null
485,closed,rubyist,employee,technoweenie,volunter,0,0,null,null,null
486,closed,ryansimmen,volunter,technoweenie,volunter,13,21,10,3,0
488,closed,technoweenie,volunter,technoweenie,volunter,0,0,null,null,null
489,closed,technoweenie,volunter,technoweenie,volunter,0,0,null,null,null
491,closed,technoweenie,volunter,technoweenie,volunter,0,0,null,null,null
492,closed,technoweenie,volunter,technoweenie,volunter,0,0,null,null,null
493,closed,technoweenie,volunter,technoweenie,volunter,0,0,null,null,null
494,closed,technoweenie,volunter,technoweenie,volunter,0,0,null,null,null
495,closed,technoweenie,volunter,technoweenie,volunter,0,0,null,null,null
496,closed,technoweenie,volunter,technoweenie,volunter,0,0,null,null,null
497,closed,technoweenie,volunter,technoweenie,volunter,0,0,null,null,null
498,closed,technoweenie,volunter,technoweenie,volunter,0,0,null,null,null
499,closed,technoweenie,volunter,technoweenie,volunter,0,0,null,null,null
500,closed,technoweenie,volunter,null,volunter,0,0,null,null,null
501,closed,technoweenie,volunter,technoweenie,volunter,0,0,null,null,null
502,closed,technoweenie,volunter,technoweenie,volunter,0,0,null,null,null
503,closed,technoweenie,volunter,technoweenie,volunter,0,0,null,null,null
504,closed,technoweenie,volunter,technoweenie,volunter,0,0,null,null,null
505,closed,technoweenie,volunter,technoweenie,volunter,0,0,null,null,null
506,closed,technoweenie,volunter,technoweenie,volunter,0,0,null,null,null
507,closed,technoweenie,volunter,technoweenie,volunter,0,0,null,null,null
508,closed,technoweenie,volunter,technoweenie,volunter,0,0,null,null,null
509,closed,technoweenie,volunter,technoweenie,volunter,0,0,null,null,null
510,closed,andyneff,volunter,technoweenie,volunter,0,0,null,null,null
511,closed,andyneff,volunter,technoweenie,volunter,5,2,4,0,0
517,closed,memikequinn,volunter,null,volunter,0,0,null,null,null
518,closed,sinbad,volunter,technoweenie,volunter,3,0,null,null,null
519,closed,seiyanuta,volunter,technoweenie,volunter,0,0,null,null,null
520,closed,sinbad,volunter,technoweenie,volunter,0,3,0,2,2
521,closed,ssgelm,volunter,technoweenie,volunter,0,0,null,null,null
522,closed,ssgelm,volunter,technoweenie,volunter,0,0,null,null,null
526,closed,andyneff,volunter,technoweenie,volunter,0,0,null,null,null
527,closed,sinbad,volunter,technoweenie,volunter,2,24,2,0,0
528,closed,technoweenie,volunter,null,volunter,0,0,null,null,null
530,closed,technoweenie,volunter,technoweenie,volunter,1,0,null,null,null
532,closed,technoweenie,volunter,technoweenie,volunter,0,0,null,null,null
534,closed,technoweenie,volunter,technoweenie,volunter,0,1,0,0,0
536,closed,technoweenie,volunter,technoweenie,volunter,0,0,null,null,null
537,closed,technoweenie,volunter,technoweenie,volunter,0,0,null,null,null
538,closed,sinbad,volunter,technoweenie,volunter,0,0,null,null,null
539,closed,technoweenie,volunter,technoweenie,volunter,0,2,0,0,0
540,closed,technoweenie,volunter,technoweenie,volunter,0,0,null,null,null
541,closed,sinbad,volunter,technoweenie,volunter,0,0,null,null,null
542,closed,sinbad,volunter,technoweenie,volunter,0,0,null,null,null
543,closed,sinbad,volunter,technoweenie,volunter,0,6,0,0,0
544,closed,rubyist,employee,rubyist,employee,0,0,null,null,null
546,closed,sinbad,volunter,technoweenie,volunter,0,5,0,0,0
547,closed,rubyist,employee,rubyist,employee,0,0,null,null,null
549,closed,rubyist,employee,rubyist,employee,0,0,null,null,null
550,closed,technoweenie,volunter,technoweenie,volunter,0,0,null,null,null
551,closed,sinbad,volunter,technoweenie,volunter,4,2,2,0,1
552,closed,technoweenie,volunter,technoweenie,volunter,2,0,null,null,null
553,closed,rubyist,employee,rubyist,employee,6,0,null,null,null
554,closed,clareliguori,volunter,technoweenie,volunter,3,0,null,null,null
555,closed,andyneff,volunter,technoweenie,volunter,5,8,1,3,0
559,closed,sinbad,volunter,technoweenie,volunter,3,5,0,0,2
560,closed,technoweenie,volunter,technoweenie,volunter,0,0,null,null,null
561,closed,technoweenie,volunter,technoweenie,volunter,0,0,null,null,null
562,closed,technoweenie,volunter,technoweenie,volunter,0,0,null,null,null
563,closed,hoolio,employee,technoweenie,volunter,0,0,null,null,null
565,closed,sinbad,volunter,technoweenie,volunter,0,0,null,null,null
566,closed,sinbad,volunter,technoweenie,volunter,0,0,null,null,null
568,closed,WillHipschman,volunter,null,volunter,47,9,0,0,47
569,closed,sinbad,volunter,technoweenie,volunter,0,0,null,null,null
570,closed,rubyist,employee,rubyist,employee,6,0,null,null,null
572,closed,billygor,volunter,rubyist,employee,0,0,null,null,null
573,closed,sinbad,volunter,technoweenie,volunter,7,2,0,7,0
576,closed,billygor,volunter,null,volunter,5,3,0,0,5
577,closed,sinbad,volunter,rubyist,employee,0,0,null,null,null
578,closed,billygor,volunter,technoweenie,volunter,6,3,0,2,3
579,closed,technoweenie,volunter,technoweenie,volunter,0,0,null,null,null
58,closed,technoweenie,volunter,technoweenie,volunter,0,0,null,null,null
581,closed,sinbad,volunter,technoweenie,volunter,1,2,0,0,1
582,closed,sinbad,volunter,null,volunter,1,0,null,null,null
583,closed,sinbad,volunter,technoweenie,volunter,4,0,null,null,null
585,closed,technoweenie,volunter,technoweenie,volunter,0,0,null,null,null
586,closed,isserrano,volunter,null,volunter,0,0,null,null,null
587,closed,technoweenie,volunter,technoweenie,volunter,2,0,null,null,null
589,closed,technoweenie,volunter,technoweenie,volunter,0,0,null,null,null
59,closed,rubyist,employee,rubyist,employee,0,2,0,0,0
590,closed,technoweenie,volunter,null,volunter,91,0,null,null,null
592,closed,technoweenie,volunter,null,volunter,77,0,null,null,null
594,closed,rubyist,employee,rubyist,employee,6,0,null,null,null
595,closed,rubyist,employee,rubyist,employee,23,21,5,16,0
599,closed,technoweenie,volunter,technoweenie,volunter,11,6,9,2,0
60,closed,technoweenie,volunter,null,volunter,0,0,null,null,null
600,closed,rubyist,employee,technoweenie,volunter,10,2,0,5,5
603,closed,andyneff,volunter,technoweenie,volunter,3,0,null,null,null
605,closed,nbrew,volunter,technoweenie,volunter,0,0,null,null,null
607,closed,sinbad,volunter,technoweenie,volunter,0,9,0,0,0
608,closed,sinbad,volunter,technoweenie,volunter,0,0,null,null,null
61,closed,rubyist,employee,rubyist,employee,0,3,0,0,0
610,closed,sinbad,volunter,technoweenie,volunter,4,5,3,1,0
611,closed,technoweenie,volunter,technoweenie,volunter,5,10,1,0,4
613,closed,ttaylorr,employee,technoweenie,volunter,0,5,0,0,0
615,closed,ttaylorr,employee,rubyist,employee,5,2,0,0,4
617,closed,WillHipschman,volunter,null,volunter,81,0,null,null,null
618,closed,technoweenie,volunter,technoweenie,volunter,3,0,null,null,null
619,closed,ttaylorr,employee,technoweenie,volunter,2,6,2,0,0
62,closed,rubyist,employee,rubyist,employee,0,0,null,null,null
620,closed,rtyley,volunter,technoweenie,volunter,7,0,null,null,null
624,closed,technoweenie,volunter,technoweenie,volunter,0,8,0,0,0
626,closed,sinbad,volunter,technoweenie,volunter,0,0,null,null,null
627,closed,sinbad,volunter,technoweenie,volunter,0,0,null,null,null
628,closed,technoweenie,volunter,technoweenie,volunter,0,0,null,null,null
629,closed,technoweenie,volunter,technoweenie,volunter,5,0,null,null,null
63,closed,rubyist,employee,rubyist,employee,4,1,0,0,4
630,closed,technoweenie,volunter,technoweenie,volunter,0,0,null,null,null
631,closed,sinbad,volunter,technoweenie,volunter,0,0,null,null,null
633,closed,sinbad,volunter,technoweenie,volunter,3,4,2,0,0
634,closed,rubyist,employee,rubyist,employee,4,0,null,null,null
635,closed,sinbad,volunter,technoweenie,volunter,3,0,null,null,null
636,closed,rubyist,employee,rubyist,employee,0,0,null,null,null
637,closed,rubyist,employee,rubyist,employee,0,0,null,null,null
638,closed,technoweenie,volunter,technoweenie,volunter,0,3,0,0,0
64,closed,technoweenie,volunter,technoweenie,volunter,0,0,null,null,null
642,closed,technoweenie,volunter,technoweenie,volunter,3,14,2,0,0
644,closed,technoweenie,volunter,technoweenie,volunter,0,1,0,0,0
646,closed,technoweenie,volunter,technoweenie,volunter,1,4,1,0,0
647,closed,sinbad,volunter,technoweenie,volunter,0,0,null,null,null
648,closed,i59,volunter,null,volunter,0,0,null,null,null
65,closed,technoweenie,volunter,technoweenie,volunter,0,3,0,0,0
650,closed,technoweenie,volunter,technoweenie,volunter,0,0,null,null,null
651,closed,technoweenie,volunter,technoweenie,volunter,0,5,0,0,0
652,closed,technoweenie,volunter,technoweenie,volunter,0,0,null,null,null
654,closed,andyneff,volunter,technoweenie,volunter,0,0,null,null,null
656,closed,sinbad,volunter,technoweenie,volunter,0,0,null,null,null
657,closed,andyneff,volunter,technoweenie,volunter,0,0,null,null,null
658,closed,technoweenie,volunter,technoweenie,volunter,2,0,null,null,null
659,closed,technoweenie,volunter,technoweenie,volunter,11,0,null,null,null
66,closed,technoweenie,volunter,technoweenie,volunter,0,0,null,null,null
665,closed,sinbad,volunter,technoweenie,volunter,3,5,0,0,2
666,closed,sinbad,volunter,technoweenie,volunter,245,0,null,null,null
668,closed,Aorjoa,volunter,technoweenie,volunter,0,1,0,0,0
669,closed,technoweenie,volunter,technoweenie,volunter,0,0,null,null,null
67,closed,technoweenie,volunter,technoweenie,volunter,0,0,null,null,null
670,closed,technoweenie,volunter,technoweenie,volunter,5,2,3,0,1
671,closed,technoweenie,volunter,technoweenie,volunter,5,0,null,null,null
674,closed,Aorjoa,volunter,null,volunter,10,0,null,null,null
675,closed,rubyist,employee,technoweenie,volunter,0,0,null,null,null
676,closed,technoweenie,volunter,technoweenie,volunter,0,0,null,null,null
677,closed,rubyist,employee,rubyist,employee,0,0,null,null,null
679,closed,technoweenie,volunter,technoweenie,volunter,1,0,null,null,null
68,closed,technoweenie,volunter,technoweenie,volunter,0,4,0,0,0
680,closed,Aorjoa,volunter,null,volunter,5,0,null,null,null
681,closed,technoweenie,volunter,technoweenie,volunter,5,0,null,null,null
682,closed,technoweenie,volunter,technoweenie,volunter,3,1,0,2,0
684,closed,technoweenie,volunter,technoweenie,volunter,3,0,null,null,null
685,closed,sinbad,volunter,technoweenie,volunter,0,0,null,null,null
686,closed,technoweenie,volunter,technoweenie,volunter,0,0,null,null,null
689,closed,kaleworsley,volunter,rubyist,employee,0,0,null,null,null
69,closed,technoweenie,volunter,rubyist,employee,3,0,null,null,null
690,closed,WillHipschman,volunter,technoweenie,volunter,17,0,null,null,null
691,closed,sinbad,volunter,technoweenie,volunter,17,0,null,null,null
692,closed,sinbad,volunter,technoweenie,volunter,17,0,null,null,null
70,closed,technoweenie,volunter,technoweenie,volunter,0,0,null,null,null
702,closed,sinbad,volunter,technoweenie,volunter,0,0,null,null,null
704,closed,revi,volunter,technoweenie,volunter,0,0,null,null,null
71,closed,technoweenie,volunter,technoweenie,volunter,0,0,null,null,null
710,closed,rubyist,employee,technoweenie,volunter,13,0,null,null,null
711,closed,rubyist,employee,technoweenie,volunter,15,0,null,null,null
713,closed,sinbad,volunter,technoweenie,volunter,13,6,1,0,12
714,closed,WillHipschman,volunter,technoweenie,volunter,40,25,30,0,10
715,closed,rubyist,employee,technoweenie,volunter,148,1,0,12,135
718,closed,bozaro,volunter,technoweenie,volunter,11,3,0,0,10
72,closed,technoweenie,volunter,technoweenie,volunter,6,0,null,null,null
727,closed,mikkeloscar,volunter,null,volunter,180,0,null,null,null
732,closed,rubyist,employee,technoweenie,volunter,6,0,null,null,null
734,closed,sinbad,volunter,technoweenie,volunter,7,0,null,null,null
735,closed,sinbad,volunter,technoweenie,volunter,6,0,null,null,null
742,closed,sinbad,volunter,technoweenie,volunter,32,5,65,0,33
749,closed,glensc,volunter,technoweenie,volunter,32,4,0,32,0
750,closed,glensc,volunter,technoweenie,volunter,32,0,null,null,null
752,closed,Aorjoa,volunter,null,volunter,3,0,null,null,null
756,closed,technoweenie,volunter,technoweenie,volunter,0,0,null,null,null
76,closed,rubyist,employee,rubyist,employee,4,3,2,0,2
760,closed,technoweenie,volunter,technoweenie,volunter,1,4,0,2,1
761,closed,technoweenie,volunter,technoweenie,volunter,1,0,null,null,null
763,closed,technoweenie,volunter,technoweenie,volunter,2,13,0,0,0
765,closed,sinbad,volunter,technoweenie,volunter,0,0,null,null,null
77,closed,rubiojr,employee,technoweenie,volunter,0,0,null,null,null
770,closed,sinbad,volunter,technoweenie,volunter,0,0,null,null,null
771,closed,sinbad,volunter,technoweenie,volunter,3,0,null,null,null
772,closed,technoweenie,volunter,technoweenie,volunter,4,0,null,null,null
775,closed,technoweenie,volunter,technoweenie,volunter,0,0,null,null,null
776,closed,technoweenie,volunter,technoweenie,volunter,0,0,null,null,null
78,closed,rubiojr,employee,technoweenie,volunter,1,3,0,0,1
783,closed,andyneff,volunter,technoweenie,volunter,3,0,null,null,null
784,closed,andyneff,volunter,technoweenie,volunter,24,0,null,null,null
788,closed,technoweenie,volunter,technoweenie,volunter,0,0,null,null,null
79,closed,rubyist,employee,rubyist,employee,0,0,null,null,null
790,closed,technoweenie,volunter,technoweenie,volunter,0,0,null,null,null
792,closed,sinbad,volunter,technoweenie,volunter,0,0,null,null,null
793,closed,technoweenie,volunter,technoweenie,volunter,0,0,null,null,null
795,closed,technoweenie,volunter,technoweenie,volunter,0,0,null,null,null
80,closed,technoweenie,volunter,technoweenie,volunter,0,0,null,null,null
801,closed,technoweenie,volunter,technoweenie,volunter,0,0,null,null,null
803,closed,ritthisakdi,volunter,null,volunter,0,0,null,null,null
806,closed,cjs,employee,technoweenie,volunter,3,0,null,null,null
807,closed,andyneff,volunter,technoweenie,volunter,17,0,null,null,null
81,closed,skalnik,employee,technoweenie,volunter,27,0,null,null,null
812,closed,laurent-barbisan-ullink,volunter,technoweenie,volunter,0,0,null,null,null
816,closed,difro,volunter,null,volunter,11,2,0,0,10
818,closed,sinbad,volunter,technoweenie,volunter,10,0,null,null,null
820,closed,technoweenie,volunter,technoweenie,volunter,9,0,null,null,null
821,closed,technoweenie,volunter,technoweenie,volunter,9,3,7,2,0
822,closed,jiangxin,volunter,null,volunter,7,0,null,null,null
828,closed,jiangxin,volunter,technoweenie,volunter,5,0,null,null,null
830,closed,AndrewJDR,volunter,null,volunter,0,0,null,null,null
831,closed,AndrewJDR,volunter,technoweenie,volunter,4,0,null,null,null
837,closed,technoweenie,volunter,technoweenie,volunter,1,2,74,0,73
838,closed,technoweenie,volunter,technoweenie,volunter,1,0,null,null,null
84,closed,technoweenie,volunter,technoweenie,volunter,27,3,0,0,27
842,closed,technoweenie,volunter,technoweenie,volunter,0,0,null,null,null
843,closed,technoweenie,volunter,technoweenie,volunter,0,0,null,null,null
850,closed,noamt,volunter,null,volunter,270,4,2,2,265
851,closed,noamt,volunter,technoweenie,volunter,4,0,null,null,null
860,closed,technoweenie,volunter,technoweenie,volunter,65,0,null,null,null
861,closed,technoweenie,volunter,technoweenie,volunter,9,0,null,null,null
862,closed,technoweenie,volunter,technoweenie,volunter,90,8,0,62,27
863,closed,sinbad,volunter,technoweenie,volunter,0,0,null,null,null
868,closed,sinbad,volunter,technoweenie,volunter,68,0,null,null,null
869,closed,sinbad,volunter,null,volunter,5,0,null,null,null
87,closed,technoweenie,volunter,technoweenie,volunter,3,3,1,1,0
875,closed,strich,volunter,technoweenie,volunter,64,3,50,0,14
877,closed,pabloguerrero,volunter,technoweenie,volunter,0,0,null,null,null
879,closed,ssgelm,volunter,technoweenie,volunter,0,0,null,null,null
88,closed,joshaber,employee,null,volunter,2,0,null,null,null
882,closed,technoweenie,volunter,technoweenie,volunter,1,0,null,null,null
883,closed,technoweenie,volunter,technoweenie,volunter,17,0,null,null,null
891,closed,andyneff,volunter,technoweenie,volunter,43,0,null,null,null
900,closed,ro31337,volunter,technoweenie,volunter,20,0,null,null,null
907,closed,wpsmith,volunter,technoweenie,volunter,3,0,null,null,null
909,closed,sinbad,volunter,technoweenie,volunter,2,0,null,null,null
91,closed,technoweenie,volunter,technoweenie,volunter,0,0,null,null,null
918,closed,Ignorant720,volunter,null,volunter,0,0,null,null,null
92,closed,technoweenie,volunter,null,volunter,0,0,null,null,null
927,closed,rikdev,volunter,null,volunter,22,0,null,null,null
929,closed,sander120786,volunter,null,volunter,7,0,null,null,null
93,closed,technoweenie,volunter,technoweenie,volunter,0,0,null,null,null
933,closed,larsxschneider,volunter,technoweenie,volunter,0,0,null,null,null
94,closed,technoweenie,volunter,technoweenie,volunter,7,0,null,null,null
949,closed,sinbad,volunter,technoweenie,volunter,3,4,0,0,3
952,closed,bozaro,volunter,technoweenie,volunter,9,0,null,null,null
96,closed,technoweenie,volunter,technoweenie,volunter,0,0,null,null,null
962,closed,technoweenie,volunter,null,volunter,3,0,null,null,null
963,closed,technoweenie,volunter,technoweenie,volunter,3,0,null,null,null
964,closed,technoweenie,volunter,technoweenie,volunter,3,0,null,null,null
965,closed,technoweenie,volunter,technoweenie,volunter,2,0,null,null,null
966,closed,nathanhi,volunter,technoweenie,volunter,1,1,0,0,0
969,closed,dluksza,volunter,null,volunter,195,2,0,0,194
97,closed,technoweenie,volunter,technoweenie,volunter,0,2,0,0,0
971,closed,technoweenie,volunter,technoweenie,volunter,0,0,null,null,null
972,closed,technoweenie,volunter,technoweenie,volunter,0,0,null,null,null
974,closed,technoweenie,volunter,technoweenie,volunter,0,0,null,null,null
975,closed,technoweenie,volunter,technoweenie,volunter,0,0,null,null,null
976,closed,andyneff,volunter,technoweenie,volunter,0,0,null,null,null
977,closed,technoweenie,volunter,technoweenie,volunter,0,0,null,null,null
98,closed,technoweenie,volunter,technoweenie,volunter,0,0,null,null,null
980,closed,larsxschneider,volunter,technoweenie,volunter,0,0,null,null,null
981,closed,technoweenie,volunter,technoweenie,volunter,0,0,null,null,null
988,closed,sinbad,volunter,technoweenie,volunter,13,9,81,0,68
989,closed,technoweenie,volunter,technoweenie,volunter,0,0,null,null,null
990,closed,larsxschneider,volunter,technoweenie,volunter,1,0,null,null,null
999,closed,rlaakkol,volunter,null,volunter,4,1,0,0,4
